ISO-10303-21;
HEADER;
FILE_DESCRIPTION(('ViewDefinition[DesignTransferView]'),'2;1');
FILE_NAME('s05-activity.ifc','2026-10-07T15:58:02+08:00',(''),(''),'IfcOpenShell 0.8.5-post1','Bonsai 0.8.5-post1','Nobody');
FILE_SCHEMA(('IFC4'));
ENDSEC;
DATA;
#1=IFCPROJECT('3uJdCW629D1w7qDJEOnNc4',$,'My Project',$,$,$,$,(#10,#22),#5);
#2=IFCSIUNIT(*,.LENGTHUNIT.,$,.METRE.);
#3=IFCSIUNIT(*,.AREAUNIT.,$,.SQUARE_METRE.);
#4=IFCSIUNIT(*,.VOLUMEUNIT.,$,.CUBIC_METRE.);
#5=IFCUNITASSIGNMENT((#4,#2,#3));
#6=IFCCARTESIANPOINT((0.,0.,0.));
#7=IFCDIRECTION((0.,0.,1.));
#8=IFCDIRECTION((1.,0.,0.));
#9=IFCAXIS2PLACEMENT3D(#6,#7,#8);
#10=IFCGEOMETRICREPRESENTATIONCONTEXT($,'Model',3,1.0000000000000001E-05,#9,$);
#11=IFCGEOMETRICREPRESENTATIONSUBCONTEXT('Body','Model',*,*,*,*,#10,$,.MODEL_VIEW.,$);
#12=IFCGEOMETRICREPRESENTATIONSUBCONTEXT('Axis','Model',*,*,*,*,#10,$,.GRAPH_VIEW.,$);
#13=IFCGEOMETRICREPRESENTATIONSUBCONTEXT('Box','Model',*,*,*,*,#10,$,.MODEL_VIEW.,$);
#14=IFCGEOMETRICREPRESENTATIONSUBCONTEXT('Annotation','Model',*,*,*,*,#10,$,.SECTION_VIEW.,$);
#15=IFCGEOMETRICREPRESENTATIONSUBCONTEXT('Annotation','Model',*,*,*,*,#10,$,.ELEVATION_VIEW.,$);
#16=IFCGEOMETRICREPRESENTATIONSUBCONTEXT('Annotation','Model',*,*,*,*,#10,$,.MODEL_VIEW.,$);
#17=IFCGEOMETRICREPRESENTATIONSUBCONTEXT('Annotation','Model',*,*,*,*,#10,$,.PLAN_VIEW.,$);
#18=IFCGEOMETRICREPRESENTATIONSUBCONTEXT('Profile','Model',*,*,*,*,#10,$,.ELEVATION_VIEW.,$);
#19=IFCCARTESIANPOINT((0.,0.));
#20=IFCDIRECTION((1.,0.));
#21=IFCAXIS2PLACEMENT2D(#19,#20);
#22=IFCGEOMETRICREPRESENTATIONCONTEXT($,'Plan',2,1.0000000000000001E-05,#21,$);
#23=IFCGEOMETRICREPRESENTATIONSUBCONTEXT('Axis','Plan',*,*,*,*,#22,$,.GRAPH_VIEW.,$);
#24=IFCGEOMETRICREPRESENTATIONSUBCONTEXT('Body','Plan',*,*,*,*,#22,$,.PLAN_VIEW.,$);
#25=IFCGEOMETRICREPRESENTATIONSUBCONTEXT('Annotation','Plan',*,*,*,*,#22,$,.PLAN_VIEW.,$);
#26=IFCGEOMETRICREPRESENTATIONSUBCONTEXT('Annotation','Plan',*,*,*,*,#22,$,.REFLECTED_PLAN_VIEW.,$);
#27=IFCSITE('3ooKMAxiT9MwaEARmfSf6h',$,'My Site',$,$,#50,$,$,$,$,$,$,$,$);
#33=IFCBUILDING('23_9Im$WLCJfvD$pxSBfZb',$,'My Building',$,$,#56,$,$,$,$,$,$);
#39=IFCBUILDINGSTOREY('2uQ0pjgLL7ifWR8_LpbAB_',$,'2F',$,$,#17821,$,$,$,$);
#45=IFCRELAGGREGATES('1l_pN94CH5oeuXL41hy1vY',$,$,$,#1,(#27));
#46=IFCCARTESIANPOINT((0.,0.,0.));
#47=IFCDIRECTION((0.,0.,1.));
#48=IFCDIRECTION((1.,0.,0.));
#49=IFCAXIS2PLACEMENT3D(#46,#47,#48);
#50=IFCLOCALPLACEMENT($,#49);
#51=IFCRELAGGREGATES('3KFgZiVqH9UR2LYcwy7mRl',$,$,$,#27,(#33));
#52=IFCCARTESIANPOINT((0.,0.,0.));
#53=IFCDIRECTION((0.,0.,1.));
#54=IFCDIRECTION((1.,0.,0.));
#55=IFCAXIS2PLACEMENT3D(#52,#53,#54);
#56=IFCLOCALPLACEMENT(#50,#55);
#57=IFCRELAGGREGATES('1Gmo$2mhr9zOwHeSwVdbmB',$,$,$,#33,(#39,#63,#12030));
#63=IFCBUILDINGSTOREY('3y0uRNbz510x4ByWKtDi$w',$,'GF',$,$,#79,$,$,$,$);
#75=IFCCARTESIANPOINT((0.,0.,0.));
#76=IFCDIRECTION((0.,0.,1.));
#77=IFCDIRECTION((1.,0.,0.));
#78=IFCAXIS2PLACEMENT3D(#75,#76,#77);
#79=IFCLOCALPLACEMENT(#56,#78);
#80=IFCWALLTYPE('3o9jpZwy19gP$3S$OqjSAg',$,'Wall',$,$,(#85),$,$,$,.SOLIDWALL.);
#81=IFCMATERIAL('Unknown',$,$);
#82=IFCMATERIALLAYERSET((#84),$,$);
#83=IFCRELASSOCIATESMATERIAL('0bL$Lfzen7PwHtERU3hstq',$,$,$,(#80),#82);
#84=IFCMATERIALLAYER(#81,0.10000000000000001,$,$,$,$,$);
#85=IFCPROPERTYSET('26Oof2RIL9ZPdTsDVDdvc3',$,'EPset_Parametric',$,(#86));
#86=IFCPROPERTYSINGLEVALUE('LayerSetDirection',$,IFCLABEL('AXIS2'),$);
#87=IFCWALL('0HfyX1Z_nCTeiTaqt4zuzR',$,'Wall',$,$,#1750,#95,$,$);
#88=IFCRELCONTAINEDINSPATIALSTRUCTURE('3Xx_T6CH96G9DU5$TG2LRM',$,$,$,(#4792,#16347,#14912,#15561,#2096,#606,#1101,#203,#2637,#12889,#1851,#16536,#5443,#16067,#16320,#14863,#253,#1076,#178,#16271,#16293,#16647,#16559,#13742,#631,#12954,#303,#13044,#228,#4038,#16581,#16112,#16669,#15146,#16156,#16222,#2944,#16244,#16090,#16200,#16178,#16968,#16990,#14437,#5699,#14538,#87,#736,#153,#3637,#16946,#13719,#278,#18077),#63);
#89=IFCRELDEFINESBYTYPE('3puSuetXrC7Q9OsEmUqnaK',$,$,$,(#606,#7651,#1101,#6830,#203,#7586,#7030,#631,#303,#6930,#7786,#228,#6955,#7721,#87,#253,#1076,#6880,#178,#6805,#7824,#736,#153,#7005,#6980,#278,#6905),#80);
#90=IFCMATERIALLAYERSETUSAGE(#82,.AXIS2.,.POSITIVE.,0.,$);
#91=IFCRELASSOCIATESMATERIAL('0DTUVcBHL68x8nAZs34_4u',$,$,$,(#87),#90);
#95=IFCPRODUCTDEFINITIONSHAPE($,$,(#1790,#1787));
#111=IFCPROPERTYSET('1Tci6ID1D6XeHhHvvoIwwS',$,'EPset_Parametric',$,(#113));
#112=IFCRELDEFINESBYPROPERTIES('1eSBkGXOn4zPW90cQekJRt',$,$,$,(#87),#111);
#113=IFCPROPERTYSINGLEVALUE('Engine',$,IFCLABEL('Bonsai.DumbLayer2'),$);
#153=IFCWALL('08q_C7v$PBmBum$VrOW8Rh',$,'Wall',$,$,#164,#159,$,$);
#154=IFCMATERIALLAYERSETUSAGE(#82,.AXIS2.,.POSITIVE.,0.,$);
#155=IFCRELASSOCIATESMATERIAL('0LzrTRpEb5iwjtAWk0Ck5$',$,$,$,(#153),#154);
#159=IFCPRODUCTDEFINITIONSHAPE($,$,(#1817,#1814));
#160=IFCCARTESIANPOINT((4.2309627532958984,-2.6399161815643311,0.));
#161=IFCDIRECTION((0.,0.,1.));
#162=IFCDIRECTION((7.5497901264043109E-08,0.99999999999999711,0.));
#163=IFCAXIS2PLACEMENT3D(#160,#161,#162);
#164=IFCLOCALPLACEMENT(#79,#163);
#175=IFCPROPERTYSET('1RMbijxQ91IfnclYlCQi7P',$,'EPset_Parametric',$,(#177));
#176=IFCRELDEFINESBYPROPERTIES('2JEtdmT4L1iPyQuEr$Fgsd',$,$,$,(#153),#175);
#177=IFCPROPERTYSINGLEVALUE('Engine',$,IFCLABEL('Bonsai.DumbLayer2'),$);
#178=IFCWALL('0VfdMwY$LFIRbHs6BPRsu4',$,'Wall',$,$,#437,#184,$,$);
#179=IFCMATERIALLAYERSETUSAGE(#82,.AXIS2.,.POSITIVE.,0.,$);
#180=IFCRELASSOCIATESMATERIAL('0lT$WMDt19wOsTOp0V_Tlo',$,$,$,(#178),#179);
#184=IFCPRODUCTDEFINITIONSHAPE($,$,(#1844,#1841));
#200=IFCPROPERTYSET('1x4a9Ro4j7WgpWavWiWZdP',$,'EPset_Parametric',$,(#202));
#201=IFCRELDEFINESBYPROPERTIES('2_nLp7aHb5b9pfPbgiLAYq',$,$,$,(#178),#200);
#202=IFCPROPERTYSINGLEVALUE('Engine',$,IFCLABEL('Bonsai.DumbLayer2'),$);
#203=IFCWALL('1iKclvIq5EwujAcNPMxsXM',$,'Wall',$,$,#469,#209,$,$);
#204=IFCMATERIALLAYERSETUSAGE(#82,.AXIS2.,.POSITIVE.,0.,$);
#205=IFCRELASSOCIATESMATERIAL('2gXxXAwzjBtOQbMe7XIYG5',$,$,$,(#203),#204);
#209=IFCPRODUCTDEFINITIONSHAPE($,$,(#1831,#1828));
#225=IFCPROPERTYSET('3qtPC415f5uAeQIZ6n9l9I',$,'EPset_Parametric',$,(#227));
#226=IFCRELDEFINESBYPROPERTIES('0ZsV0oebT9BeeBGZFpniiE',$,$,$,(#203),#225);
#227=IFCPROPERTYSINGLEVALUE('Engine',$,IFCLABEL('Bonsai.DumbLayer2'),$);
#228=IFCWALL('3Ztb2zDBX4aRfZAy6HFRTf',$,'Wall',$,$,#239,#234,$,$);
#229=IFCMATERIALLAYERSETUSAGE(#82,.AXIS2.,.POSITIVE.,0.,$);
#230=IFCRELASSOCIATESMATERIAL('1u78Ox68fFggSTzz1gj9Tz',$,$,$,(#228),#229);
#234=IFCPRODUCTDEFINITIONSHAPE($,$,(#1681,#1678));
#235=IFCCARTESIANPOINT((0.73096334934234619,5.0600829124450684,0.));
#236=IFCDIRECTION((0.,0.,1.));
#237=IFCDIRECTION((-0.99999999999992428,3.8941436741876494E-07,0.));
#238=IFCAXIS2PLACEMENT3D(#235,#236,#237);
#239=IFCLOCALPLACEMENT(#79,#238);
#250=IFCPROPERTYSET('2f50kiK7H90BgRgGTh$x2X',$,'EPset_Parametric',$,(#252));
#251=IFCRELDEFINESBYPROPERTIES('18Ov$Koxb3nOzVHAg9XH3X',$,$,$,(#228),#250);
#252=IFCPROPERTYSINGLEVALUE('Engine',$,IFCLABEL('Bonsai.DumbLayer2'),$);
#253=IFCWALL('2WQKKYB$zF6Oxyb$asLtDX',$,'Wall',$,$,#528,#259,$,$);
#254=IFCMATERIALLAYERSETUSAGE(#82,.AXIS2.,.POSITIVE.,0.,$);
#255=IFCRELASSOCIATESMATERIAL('221bNt75zEauBaFrVPJW8S',$,$,$,(#253),#254);
#259=IFCPRODUCTDEFINITIONSHAPE($,$,(#735,#732));
#275=IFCPROPERTYSET('332PMnP9vETwhHiGiPbf_1',$,'EPset_Parametric',$,(#277));
#276=IFCRELDEFINESBYPROPERTIES('1qZFH7zHj7xxPHWZ_w7T8M',$,$,$,(#253),#275);
#277=IFCPROPERTYSINGLEVALUE('Engine',$,IFCLABEL('Bonsai.DumbLayer2'),$);
#278=IFCWALL('2k8va1Z8zCIPXoI0cqoIfS',$,'Wall',$,$,#560,#284,$,$);
#279=IFCMATERIALLAYERSETUSAGE(#82,.AXIS2.,.POSITIVE.,0.,$);
#280=IFCRELASSOCIATESMATERIAL('3VZ1X9oc56GQaMOKDhVjVF',$,$,$,(#278),#279);
#284=IFCPRODUCTDEFINITIONSHAPE($,$,(#605,#602));
#300=IFCPROPERTYSET('3iZA93w09AZ9sCNP_sUilM',$,'EPset_Parametric',$,(#302));
#301=IFCRELDEFINESBYPROPERTIES('0kG_u6cP5CuueYyodoATyG',$,$,$,(#278),#300);
#302=IFCPROPERTYSINGLEVALUE('Engine',$,IFCLABEL('Bonsai.DumbLayer2'),$);
#303=IFCWALL('2mneJ8eLH9Qh8hJebhUsDk',$,'Wall',$,$,#592,#309,$,$);
#304=IFCMATERIALLAYERSETUSAGE(#82,.AXIS2.,.POSITIVE.,0.,$);
#305=IFCRELASSOCIATESMATERIAL('0p_cOJ9jHDLhga5$jPmgCv',$,$,$,(#303),#304);
#309=IFCPRODUCTDEFINITIONSHAPE($,$,(#1763,#1760));
#325=IFCPROPERTYSET('003YVe8iH2Y8UAFKYg_ej7',$,'EPset_Parametric',$,(#327));
#326=IFCRELDEFINESBYPROPERTIES('28rbywaNHBNf_c$yM4u$Hr',$,$,$,(#303),#325);
#327=IFCPROPERTYSINGLEVALUE('Engine',$,IFCLABEL('Bonsai.DumbLayer2'),$);
#433=IFCCARTESIANPOINT((4.2309634478765581,6.5600833892822594,0.));
#434=IFCDIRECTION((0.,0.,1.));
#435=IFCDIRECTION((-0.99999999999998868,-1.5099580252808492E-07,0.));
#436=IFCAXIS2PLACEMENT3D(#433,#434,#435);
#437=IFCLOCALPLACEMENT(#79,#436);
#465=IFCCARTESIANPOINT((0.73096323013306053,6.5600828607969177,0.));
#466=IFCDIRECTION((0.,0.,1.));
#467=IFCDIRECTION((7.5497901264043123E-08,-0.99999999999999722,0.));
#468=IFCAXIS2PLACEMENT3D(#465,#466,#467);
#469=IFCLOCALPLACEMENT(#79,#468);
#510=IFCRELCONNECTSPATHELEMENTS('0zUXy8W1L6EObXVp_NQlPB',$,$,$,$,#253,#228,(),(),.ATEND.,.ATSTART.);
#524=IFCCARTESIANPOINT((-2.7690367698670104,5.0600842753954005,0.));
#525=IFCDIRECTION((0.,0.,1.));
#526=IFCDIRECTION((7.5497901264043123E-08,-0.99999999999999722,0.));
#527=IFCAXIS2PLACEMENT3D(#524,#525,#526);
#528=IFCLOCALPLACEMENT(#79,#527);
#542=IFCRELCONNECTSPATHELEMENTS('3CDGRTe0HBaBzrpheU6Csz',$,$,$,$,#278,#253,(),(),.ATEND.,.ATSTART.);
#556=IFCCARTESIANPOINT((-2.7690363772778714,-0.13991641998291016,0.));
#557=IFCDIRECTION((0.,0.,1.));
#558=IFCDIRECTION((1.,0.,0.));
#559=IFCAXIS2PLACEMENT3D(#556,#557,#558);
#560=IFCLOCALPLACEMENT(#79,#559);
#574=IFCRELCONNECTSPATHELEMENTS('1olSWjkTrA88Kkh7lPFz21',$,$,$,$,#303,#278,(),(),.ATEND.,.ATSTART.);
#588=IFCCARTESIANPOINT((0.23096370697015178,-0.13991641998291018,0.));
#589=IFCDIRECTION((0.,0.,1.));
#590=IFCDIRECTION((-2.8212997449371656E-07,-0.99999999999996025,0.));
#591=IFCAXIS2PLACEMENT3D(#588,#589,#590);
#592=IFCLOCALPLACEMENT(#79,#591);
#593=IFCCARTESIANPOINTLIST2D(((0.,0.),(0.099999992450210171,0.10000000000000001),(3.1000001124610246,0.10000000000000001),(3.0000000842480232,0.)));
#594=IFCINDEXEDPOLYCURVE(#593,(IFCLINEINDEX((1,2,3,4,1))),$);
#595=IFCARBITRARYCLOSEDPROFILEDEF(.AREA.,$,#594);
#596=IFCCARTESIANPOINT((0.,0.,0.));
#597=IFCDIRECTION((0.,0.,1.));
#598=IFCDIRECTION((1.,0.,0.));
#599=IFCAXIS2PLACEMENT3D(#596,#597,#598);
#600=IFCDIRECTION((0.,0.,1.));
#601=IFCEXTRUDEDAREASOLID(#595,#599,#600,3.);
#602=IFCSHAPEREPRESENTATION(#11,'Body','SweptSolid',(#601));
#603=IFCCARTESIANPOINTLIST2D(((0.,0.),(3.0000000842480232,0.)));
#604=IFCINDEXEDPOLYCURVE(#603,$,$);
#605=IFCSHAPEREPRESENTATION(#23,'Axis','Curve2D',(#604));
#606=IFCWALL('0Rn59XXJzBcPn69MIO2X_Y',$,'Wall',$,$,#617,#612,$,$);
#607=IFCMATERIALLAYERSETUSAGE(#82,.AXIS2.,.POSITIVE.,0.,$);
#608=IFCRELASSOCIATESMATERIAL('3_zBJ43q99NxrrDwa5sFgQ',$,$,$,(#606),#607);
#612=IFCPRODUCTDEFINITIONSHAPE($,$,(#708,#705));
#613=IFCCARTESIANPOINT((0.33096373081207275,-0.039916418492794037,0.));
#614=IFCDIRECTION((0.,0.,1.));
#615=IFCDIRECTION((7.5497901264043109E-08,0.99999999999999711,0.));
#616=IFCAXIS2PLACEMENT3D(#613,#614,#615);
#617=IFCLOCALPLACEMENT(#79,#616);
#628=IFCPROPERTYSET('0l8JXs5_zCe8mw_FXigE7a',$,'EPset_Parametric',$,(#630));
#629=IFCRELDEFINESBYPROPERTIES('3u_aHmOAf1LPYB$HAhqzKt',$,$,$,(#606),#628);
#630=IFCPROPERTYSINGLEVALUE('Engine',$,IFCLABEL('Bonsai.DumbLayer2'),$);
#631=IFCWALL('0OAJx4avH7chsa3jNngwDK',$,'Wall',$,$,#642,#637,$,$);
#632=IFCMATERIALLAYERSETUSAGE(#82,.AXIS2.,.POSITIVE.,0.,$);
#633=IFCRELASSOCIATESMATERIAL('2Bf0PF81T8YhS$6yXzEajU',$,$,$,(#631),#632);
#637=IFCPRODUCTDEFINITIONSHAPE($,$,(#722,#719));
#638=IFCCARTESIANPOINT((0.33096393942832947,2.6400835514068604,0.));
#639=IFCDIRECTION((0.,0.,1.));
#640=IFCDIRECTION((-0.99999999999998868,-1.5099580252808492E-07,0.));
#641=IFCAXIS2PLACEMENT3D(#638,#639,#640);
#642=IFCLOCALPLACEMENT(#79,#641);
#653=IFCPROPERTYSET('0duYfGoGLBBeRLWfQPsVnf',$,'EPset_Parametric',$,(#655));
#654=IFCRELDEFINESBYPROPERTIES('2$EExCdXD1uwZ8XI5OvYBa',$,$,$,(#631),#653);
#655=IFCPROPERTYSINGLEVALUE('Engine',$,IFCLABEL('Bonsai.DumbLayer2'),$);
#682=IFCRELCONNECTSPATHELEMENTS('0UCygwP094chPNwSKOuteG',$,$,$,$,#631,#606,(),(),.ATEND.,.ATSTART.);
#696=IFCCARTESIANPOINTLIST2D(((0.,0.),(0.,0.10000000000000001),(2.5799999472502879,0.10000000000000001),(2.679999969899661,0.)));
#697=IFCINDEXEDPOLYCURVE(#696,(IFCLINEINDEX((1,2,3,4,1))),$);
#698=IFCARBITRARYCLOSEDPROFILEDEF(.AREA.,$,#697);
#699=IFCCARTESIANPOINT((0.,0.,0.));
#700=IFCDIRECTION((0.,0.,1.));
#701=IFCDIRECTION((1.,0.,0.));
#702=IFCAXIS2PLACEMENT3D(#699,#700,#701);
#703=IFCDIRECTION((0.,0.,1.));
#704=IFCEXTRUDEDAREASOLID(#698,#702,#703,3.);
#705=IFCSHAPEREPRESENTATION(#11,'Body','SweptSolid',(#704));
#706=IFCCARTESIANPOINTLIST2D(((0.,0.),(2.679999969899661,0.)));
#707=IFCINDEXEDPOLYCURVE(#706,$,$);
#708=IFCSHAPEREPRESENTATION(#23,'Axis','Curve2D',(#707));
#709=IFCRELCONNECTSPATHELEMENTS('18FmHbN0v84etJ0587aUGM',$,$,$,$,#631,#253,(),(),.ATPATH.,.ATEND.);
#710=IFCCARTESIANPOINTLIST2D(((0.,0.),(0.10000002264937295,0.10000000000000001),(3.0000005278582704,0.10000000000000001),(3.0000005203084803,0.)));
#711=IFCINDEXEDPOLYCURVE(#710,(IFCLINEINDEX((1,2,3,4,1))),$);
#712=IFCARBITRARYCLOSEDPROFILEDEF(.AREA.,$,#711);
#713=IFCCARTESIANPOINT((0.,0.,0.));
#714=IFCDIRECTION((0.,0.,1.));
#715=IFCDIRECTION((1.,0.,0.));
#716=IFCAXIS2PLACEMENT3D(#713,#714,#715);
#717=IFCDIRECTION((0.,0.,1.));
#718=IFCEXTRUDEDAREASOLID(#712,#716,#717,3.);
#719=IFCSHAPEREPRESENTATION(#11,'Body','SweptSolid',(#718));
#720=IFCCARTESIANPOINTLIST2D(((0.,0.),(3.1000005203084808,0.)));
#721=IFCINDEXEDPOLYCURVE(#720,$,$);
#722=IFCSHAPEREPRESENTATION(#23,'Axis','Curve2D',(#721));
#723=IFCCARTESIANPOINTLIST2D(((0.,0.),(0.1000000464912377,0.10000000000000001),(5.1000007029281154,0.10000000000000001),(5.2000006953783258,0.)));
#724=IFCINDEXEDPOLYCURVE(#723,(IFCLINEINDEX((1,2,3,4,1))),$);
#725=IFCARBITRARYCLOSEDPROFILEDEF(.AREA.,$,#724);
#726=IFCCARTESIANPOINT((0.,0.,0.));
#727=IFCDIRECTION((0.,0.,1.));
#728=IFCDIRECTION((1.,0.,0.));
#729=IFCAXIS2PLACEMENT3D(#726,#727,#728);
#730=IFCDIRECTION((0.,0.,1.));
#731=IFCEXTRUDEDAREASOLID(#725,#729,#730,3.);
#732=IFCSHAPEREPRESENTATION(#11,'Body','SweptSolid',(#731));
#733=IFCCARTESIANPOINTLIST2D(((0.,0.),(5.2000006953783258,0.)));
#734=IFCINDEXEDPOLYCURVE(#733,$,$);
#735=IFCSHAPEREPRESENTATION(#23,'Axis','Curve2D',(#734));
#736=IFCWALL('11Ad3$ejz9OgaOVUE2cdEN',$,'Wall',$,$,#810,#742,$,$);
#737=IFCMATERIALLAYERSETUSAGE(#82,.AXIS2.,.POSITIVE.,0.,$);
#738=IFCRELASSOCIATESMATERIAL('0dDshwoiH7_x3axdy9Vp70',$,$,$,(#736),#737);
#742=IFCPRODUCTDEFINITIONSHAPE($,$,(#824,#821));
#758=IFCPROPERTYSET('3$1nz5VKTDq9Sg4bzNUNXR',$,'EPset_Parametric',$,(#760));
#759=IFCRELDEFINESBYPROPERTIES('2bXltn9snFLeoqoNS2uRsc',$,$,$,(#736),#758);
#760=IFCPROPERTYSINGLEVALUE('Engine',$,IFCLABEL('Bonsai.DumbLayer2'),$);
#806=IFCCARTESIANPOINT((-1.1793962717056274,2.6400835514068604,0.));
#807=IFCDIRECTION((0.,0.,1.));
#808=IFCDIRECTION((1.9470718370939353E-07,0.99999999999998113,0.));
#809=IFCAXIS2PLACEMENT3D(#806,#807,#808);
#810=IFCLOCALPLACEMENT(#79,#809);
#811=IFCRELCONNECTSPATHELEMENTS('2cWq$aMHzFpBUiSGMk2PNx',$,$,$,$,#736,#228,(),(),.ATPATH.,.ATEND.);
#812=IFCCARTESIANPOINTLIST2D(((0.,0.),(0.,0.10000000000000001),(2.3200001244302704,0.10000000000000001),(2.320000104959552,0.)));
#813=IFCINDEXEDPOLYCURVE(#812,(IFCLINEINDEX((1,2,3,4,1))),$);
#814=IFCARBITRARYCLOSEDPROFILEDEF(.AREA.,$,#813);
#815=IFCCARTESIANPOINT((0.,0.,0.));
#816=IFCDIRECTION((0.,0.,1.));
#817=IFCDIRECTION((1.,0.,0.));
#818=IFCAXIS2PLACEMENT3D(#815,#816,#817);
#819=IFCDIRECTION((0.,0.,1.));
#820=IFCEXTRUDEDAREASOLID(#814,#818,#819,3.);
#821=IFCSHAPEREPRESENTATION(#11,'Body','SweptSolid',(#820));
#822=IFCCARTESIANPOINTLIST2D(((0.,0.),(2.4200001049595539,0.)));
#823=IFCINDEXEDPOLYCURVE(#822,$,$);
#824=IFCSHAPEREPRESENTATION(#23,'Axis','Curve2D',(#823));
#1076=IFCWALL('0D5JyERU57iRM693mqhjAD',$,'Wall',$,$,#1183,#1082,$,$);
#1077=IFCMATERIALLAYERSETUSAGE(#82,.AXIS2.,.POSITIVE.,0.,$);
#1078=IFCRELASSOCIATESMATERIAL('1Pekbjzv1ESx0pBOzKpm67',$,$,$,(#1076),#1077);
#1082=IFCPRODUCTDEFINITIONSHAPE($,$,(#1731,#1728));
#1098=IFCPROPERTYSET('3s6yyjsyv9hwYNyxRh0l0o',$,'EPset_Parametric',$,(#1100));
#1099=IFCRELDEFINESBYPROPERTIES('3cFOr1wu9FZufijuZ_eKFq',$,$,$,(#1076),#1098);
#1100=IFCPROPERTYSINGLEVALUE('Engine',$,IFCLABEL('Bonsai.DumbLayer2'),$);
#1101=IFCWALL('3plcA8SxD9SPcRNACUvKqI',$,'Wall',$,$,#1718,#1107,$,$);
#1102=IFCMATERIALLAYERSETUSAGE(#82,.AXIS2.,.POSITIVE.,0.,$);
#1103=IFCRELASSOCIATESMATERIAL('1E8HizE6L30u0w1JS71fPq',$,$,$,(#1101),#1102);
#1107=IFCPRODUCTDEFINITIONSHAPE($,$,(#1713,#1710));
#1123=IFCPROPERTYSET('2l2dtrUfnDw9HCVc4w7qtO',$,'EPset_Parametric',$,(#1125));
#1124=IFCRELDEFINESBYPROPERTIES('0bq_WmaPj6uBbTyuNYuyEa',$,$,$,(#1101),#1123);
#1125=IFCPROPERTYSINGLEVALUE('Engine',$,IFCLABEL('Bonsai.DumbLayer2'),$);
#1179=IFCCARTESIANPOINT((0.73096334934234619,5.0600829124450684,0.));
#1180=IFCDIRECTION((0.,0.,1.));
#1181=IFCDIRECTION((1.9470718370939353E-07,-0.99999999999998113,0.));
#1182=IFCAXIS2PLACEMENT3D(#1179,#1180,#1181);
#1183=IFCLOCALPLACEMENT(#79,#1182);
#1668=IFCRELCONNECTSPATHELEMENTS('0CdgWB7Mr4NuCOjUs$Lfwr',$,$,$,$,#228,#203,(),(),.ATEND.,.ATSTART.);
#1669=IFCCARTESIANPOINTLIST2D(((0.,0.),(-0.10000004649123767,0.10000000000000001),(3.4000000667559465,0.10000000000000001),(3.5000001132471841,0.)));
#1670=IFCINDEXEDPOLYCURVE(#1669,(IFCLINEINDEX((1,2,3,4,1))),$);
#1671=IFCARBITRARYCLOSEDPROFILEDEF(.AREA.,$,#1670);
#1672=IFCCARTESIANPOINT((0.,0.,0.));
#1673=IFCDIRECTION((0.,0.,1.));
#1674=IFCDIRECTION((1.,0.,0.));
#1675=IFCAXIS2PLACEMENT3D(#1672,#1673,#1674);
#1676=IFCDIRECTION((0.,0.,1.));
#1677=IFCEXTRUDEDAREASOLID(#1671,#1675,#1676,3.);
#1678=IFCSHAPEREPRESENTATION(#11,'Body','SweptSolid',(#1677));
#1679=IFCCARTESIANPOINTLIST2D(((0.,0.),(3.5000001132471841,0.)));
#1680=IFCINDEXEDPOLYCURVE(#1679,$,$);
#1681=IFCSHAPEREPRESENTATION(#23,'Axis','Curve2D',(#1680));
#1700=IFCRELCONNECTSPATHELEMENTS('2rthLJAaD1qAOwUr4U92Km',$,$,$,$,#1101,#1076,(),(),.ATEND.,.ATSTART.);
#1701=IFCCARTESIANPOINTLIST2D(((0.,0.),(-0.10000005841217217,0.10000000000000001),(1.9700002035837392,0.10000000000000001),(1.9700002035837392,0.)));
#1702=IFCINDEXEDPOLYCURVE(#1701,(IFCLINEINDEX((1,2,3,4,1))),$);
#1703=IFCARBITRARYCLOSEDPROFILEDEF(.AREA.,$,#1702);
#1704=IFCCARTESIANPOINT((0.,0.,0.));
#1705=IFCDIRECTION((0.,0.,1.));
#1706=IFCDIRECTION((1.,0.,0.));
#1707=IFCAXIS2PLACEMENT3D(#1704,#1705,#1706);
#1708=IFCDIRECTION((0.,0.,1.));
#1709=IFCEXTRUDEDAREASOLID(#1703,#1707,#1708,3.);
#1710=IFCSHAPEREPRESENTATION(#11,'Body','SweptSolid',(#1709));
#1711=IFCCARTESIANPOINTLIST2D(((0.,0.),(1.9700002035837392,0.)));
#1712=IFCINDEXEDPOLYCURVE(#1711,$,$);
#1713=IFCSHAPEREPRESENTATION(#23,'Axis','Curve2D',(#1712));
#1714=IFCCARTESIANPOINT((0.73096364140312176,3.5600829124450009,0.));
#1715=IFCDIRECTION((0.,0.,1.));
#1716=IFCDIRECTION((-0.99999999999992428,3.8941436741876494E-07,0.));
#1717=IFCAXIS2PLACEMENT3D(#1714,#1715,#1716);
#1718=IFCLOCALPLACEMENT(#79,#1717);
#1719=IFCCARTESIANPOINTLIST2D(((0.,0.),(0.,0.10000000000000001),(1.6000000584122682,0.10000000000000001),(1.5000000000000959,0.)));
#1720=IFCINDEXEDPOLYCURVE(#1719,(IFCLINEINDEX((1,2,3,4,1))),$);
#1721=IFCARBITRARYCLOSEDPROFILEDEF(.AREA.,$,#1720);
#1722=IFCCARTESIANPOINT((0.,0.,0.));
#1723=IFCDIRECTION((0.,0.,1.));
#1724=IFCDIRECTION((1.,0.,0.));
#1725=IFCAXIS2PLACEMENT3D(#1722,#1723,#1724);
#1726=IFCDIRECTION((0.,0.,1.));
#1727=IFCEXTRUDEDAREASOLID(#1721,#1725,#1726,3.);
#1728=IFCSHAPEREPRESENTATION(#11,'Body','SweptSolid',(#1727));
#1729=IFCCARTESIANPOINTLIST2D(((0.,0.),(1.5000000000000959,0.)));
#1730=IFCINDEXEDPOLYCURVE(#1729,$,$);
#1731=IFCSHAPEREPRESENTATION(#23,'Axis','Curve2D',(#1730));
#1732=IFCRELCONNECTSPATHELEMENTS('1L07RWOxD4gRD_87zas3nJ',$,$,$,$,#87,#303,(),(),.ATEND.,.ATSTART.);
#1746=IFCCARTESIANPOINT((0.2309630016452828,-2.6399161815643311,0.));
#1747=IFCDIRECTION((0.,0.,1.));
#1748=IFCDIRECTION((1.,0.,0.));
#1749=IFCAXIS2PLACEMENT3D(#1746,#1747,#1748);
#1750=IFCLOCALPLACEMENT(#79,#1749);
#1751=IFCCARTESIANPOINTLIST2D(((0.,0.),(-0.10000002821300143,0.10000000000000001),(2.3999997333685186,0.10000000000000001),(2.4999997615815199,0.)));
#1752=IFCINDEXEDPOLYCURVE(#1751,(IFCLINEINDEX((1,2,3,4,1))),$);
#1753=IFCARBITRARYCLOSEDPROFILEDEF(.AREA.,$,#1752);
#1754=IFCCARTESIANPOINT((0.,0.,0.));
#1755=IFCDIRECTION((0.,0.,1.));
#1756=IFCDIRECTION((1.,0.,0.));
#1757=IFCAXIS2PLACEMENT3D(#1754,#1755,#1756);
#1758=IFCDIRECTION((0.,0.,1.));
#1759=IFCEXTRUDEDAREASOLID(#1753,#1757,#1758,3.);
#1760=IFCSHAPEREPRESENTATION(#11,'Body','SweptSolid',(#1759));
#1761=IFCCARTESIANPOINTLIST2D(((0.,0.),(2.4999997615815199,0.)));
#1762=IFCINDEXEDPOLYCURVE(#1761,$,$);
#1763=IFCSHAPEREPRESENTATION(#23,'Axis','Curve2D',(#1762));
#1764=IFCRELCONNECTSPATHELEMENTS('1rDwcllrX4G8ywOYpgEaLu',$,$,$,$,#153,#87,(),(),.ATEND.,.ATSTART.);
#1778=IFCCARTESIANPOINTLIST2D(((0.,0.),(0.10000002821300144,0.10000000000000001),(3.8999997592004059,0.10000000000000001),(3.9999997516506158,0.)));
#1779=IFCINDEXEDPOLYCURVE(#1778,(IFCLINEINDEX((1,2,3,4,1))),$);
#1780=IFCARBITRARYCLOSEDPROFILEDEF(.AREA.,$,#1779);
#1781=IFCCARTESIANPOINT((0.,0.,0.));
#1782=IFCDIRECTION((0.,0.,1.));
#1783=IFCDIRECTION((1.,0.,0.));
#1784=IFCAXIS2PLACEMENT3D(#1781,#1782,#1783);
#1785=IFCDIRECTION((0.,0.,1.));
#1786=IFCEXTRUDEDAREASOLID(#1780,#1784,#1785,3.);
#1787=IFCSHAPEREPRESENTATION(#11,'Body','SweptSolid',(#1786));
#1788=IFCCARTESIANPOINTLIST2D(((0.,0.),(3.9999997516506158,0.)));
#1789=IFCINDEXEDPOLYCURVE(#1788,$,$);
#1790=IFCSHAPEREPRESENTATION(#23,'Axis','Curve2D',(#1789));
#1791=IFCRELCONNECTSPATHELEMENTS('35ANKCjKnD29AEXn7MghYH',$,$,$,$,#178,#153,(),(),.ATEND.,.ATSTART.);
#1805=IFCCARTESIANPOINTLIST2D(((0.,0.),(0.099999992450210157,0.10000000000000001),(9.0999995481972427,0.10000000000000001),(9.1999995708466162,0.)));
#1806=IFCINDEXEDPOLYCURVE(#1805,(IFCLINEINDEX((1,2,3,4,1))),$);
#1807=IFCARBITRARYCLOSEDPROFILEDEF(.AREA.,$,#1806);
#1808=IFCCARTESIANPOINT((0.,0.,0.));
#1809=IFCDIRECTION((0.,0.,1.));
#1810=IFCDIRECTION((1.,0.,0.));
#1811=IFCAXIS2PLACEMENT3D(#1808,#1809,#1810);
#1812=IFCDIRECTION((0.,0.,1.));
#1813=IFCEXTRUDEDAREASOLID(#1807,#1811,#1812,3.);
#1814=IFCSHAPEREPRESENTATION(#11,'Body','SweptSolid',(#1813));
#1815=IFCCARTESIANPOINTLIST2D(((0.,0.),(9.1999995708466162,0.)));
#1816=IFCINDEXEDPOLYCURVE(#1815,$,$);
#1817=IFCSHAPEREPRESENTATION(#23,'Axis','Curve2D',(#1816));
#1818=IFCRELCONNECTSPATHELEMENTS('167O77hzz1dACyT0Oc5IcC',$,$,$,$,#203,#178,(),(),.ATEND.,.ATSTART.);
#1819=IFCCARTESIANPOINTLIST2D(((0.,0.),(0.099999992450210171,0.10000000000000001),(1.5999999948430892,0.10000000000000001),(1.4999999483518516,0.)));
#1820=IFCINDEXEDPOLYCURVE(#1819,(IFCLINEINDEX((1,2,3,4,1))),$);
#1821=IFCARBITRARYCLOSEDPROFILEDEF(.AREA.,$,#1820);
#1822=IFCCARTESIANPOINT((0.,0.,0.));
#1823=IFCDIRECTION((0.,0.,1.));
#1824=IFCDIRECTION((1.,0.,0.));
#1825=IFCAXIS2PLACEMENT3D(#1822,#1823,#1824);
#1826=IFCDIRECTION((0.,0.,1.));
#1827=IFCEXTRUDEDAREASOLID(#1821,#1825,#1826,3.);
#1828=IFCSHAPEREPRESENTATION(#11,'Body','SweptSolid',(#1827));
#1829=IFCCARTESIANPOINTLIST2D(((0.,0.),(1.4999999483518516,0.)));
#1830=IFCINDEXEDPOLYCURVE(#1829,$,$);
#1831=IFCSHAPEREPRESENTATION(#23,'Axis','Curve2D',(#1830));
#1832=IFCCARTESIANPOINTLIST2D(((0.,0.),(0.10000002264937295,0.10000000000000001),(3.400000225293327,0.10000000000000001),(3.500000217743537,0.)));
#1833=IFCINDEXEDPOLYCURVE(#1832,(IFCLINEINDEX((1,2,3,4,1))),$);
#1834=IFCARBITRARYCLOSEDPROFILEDEF(.AREA.,$,#1833);
#1835=IFCCARTESIANPOINT((0.,0.,0.));
#1836=IFCDIRECTION((0.,0.,1.));
#1837=IFCDIRECTION((1.,0.,0.));
#1838=IFCAXIS2PLACEMENT3D(#1835,#1836,#1837);
#1839=IFCDIRECTION((0.,0.,1.));
#1840=IFCEXTRUDEDAREASOLID(#1834,#1838,#1839,3.);
#1841=IFCSHAPEREPRESENTATION(#11,'Body','SweptSolid',(#1840));
#1842=IFCCARTESIANPOINTLIST2D(((0.,0.),(3.500000217743537,0.)));
#1843=IFCINDEXEDPOLYCURVE(#1842,$,$);
#1844=IFCSHAPEREPRESENTATION(#23,'Axis','Curve2D',(#1843));
#1845=IFCSLABTYPE('28CSOJuzbBIu94fPmnwqjU',$,'Slab',$,$,(#1849),$,$,$,.FLOOR.);
#1846=IFCMATERIALLAYERSET((#1848),$,$);
#1847=IFCRELASSOCIATESMATERIAL('08JLTwrtL7DAEXCQeEpHR_',$,$,$,(#1845),#1846);
#1848=IFCMATERIALLAYER(#81,0.10000000000000001,$,$,$,$,$);
#1849=IFCPROPERTYSET('25Co2GyPf7_fy3_9OQZcOd',$,'EPset_Parametric',$,(#1850));
#1850=IFCPROPERTYSINGLEVALUE('LayerSetDirection',$,IFCLABEL('AXIS3'),$);
#1851=IFCSLAB('1HDTETWOjE2vcy5rKJwGuW',$,'Slab',$,$,#1859,#1866,$,$);
#1852=IFCRELDEFINESBYTYPE('13yP36slv9cvZB8pIpax$W',$,$,$,(#12861,#12047,#1851),#1845);
#1853=IFCMATERIALLAYERSETUSAGE(#1846,.AXIS3.,.POSITIVE.,-0.10000000149011612,$);
#1854=IFCRELASSOCIATESMATERIAL('3yyTPzQfv3GPNrxdq3j_q4',$,$,$,(#1851),#1853);
#1855=IFCCARTESIANPOINT((4.2309646606445312,6.5600833892822266,0.));
#1856=IFCDIRECTION((0.,0.,1.));
#1857=IFCDIRECTION((1.,0.,0.));
#1858=IFCAXIS2PLACEMENT3D(#1855,#1856,#1857);
#1859=IFCLOCALPLACEMENT(#79,#1858);
#1860=IFCCARTESIANPOINTLIST2D(((0.,0.),(-3.5000016689300537,-4.76837158203125E-07),(-3.5000014305114746,-1.5000004768371582),(-7.0000014305114746,-1.4999990463256836),(-7.0000004768371582,-6.6999998092651367),(-4.0000009536743164,-6.6999998092651367),(-4.0000014305114746,-9.1999998092651367),(-1.9073486328125E-06,-9.1999998092651367),(0.,0.)));
#1861=IFCINDEXEDPOLYCURVE(#1860,$,$);
#1862=IFCDIRECTION((0.,0.,1.));
#1863=IFCARBITRARYCLOSEDPROFILEDEF(.AREA.,$,#1861);
#1864=IFCEXTRUDEDAREASOLID(#1863,#1873,#1862,0.10000000000000001);
#1865=IFCSHAPEREPRESENTATION(#11,'Body','SweptSolid',(#1864));
#1866=IFCPRODUCTDEFINITIONSHAPE($,$,(#1865));
#1867=IFCPROPERTYSET('2384Su92D44O88JGB0tVZC',$,'EPset_Parametric',$,(#1869));
#1868=IFCRELDEFINESBYPROPERTIES('2gRWyzJ1r2agFNnu7NWhXo',$,$,$,(#1851),#1867);
#1869=IFCPROPERTYSINGLEVALUE('Engine',$,IFCLABEL('Bonsai.DumbLayer3'),$);
#1870=IFCCARTESIANPOINT((-0.,-0.,-0.10000000149011612));
#1871=IFCDIRECTION((0.,0.,1.));
#1872=IFCDIRECTION((1.,0.,0.));
#1873=IFCAXIS2PLACEMENT3D(#1870,#1871,#1872);
#1874=IFCDOORTYPE('0Fj0_qqUz418rx3sRXmXRN',$,'Main-GF',$,$,(#1875),(#1884,#1962,#1981),$,$,.DOOR.,.SINGLE_SWING_LEFT.,$,$);
#1875=IFCPROPERTYSET('2UG2jsqLX2kfdMByEbleDm',$,'BBIM_Door',$,(#1876));
#1876=IFCPROPERTYSINGLEVALUE('Data',$,IFCTEXT('{"door_type": "SINGLE_SWING_LEFT", "overall_height": 2.0, "overall_width": 0.8999999761581421, "lining_properties": {"lining_depth": 0.05000000074505806, "lining_thickness": 0.05000000074505806, "lining_offset": 0.0, "lining_to_panel_offset_x": 0.02500000037252903, "lining_to_panel_offset_y": 0.02500000037252903, "transom_thickness": 0.0, "casing_thickness": 0.07500000298023224, "casing_depth": 0.004999999888241291, "threshold_thickness": 0.02500000037252903, "threshold_depth": 0.10000000149011612, "threshold_offset": 0.0}, "panel_properties": {"panel_depth": 0.03500000014901161, "panel_width_ratio": 1.0}}'),$);
#1880=IFCCARTESIANPOINT((0.,0.,0.));
#1881=IFCDIRECTION((1.,0.,0.));
#1882=IFCDIRECTION((0.,0.,1.));
#1883=IFCAXIS2PLACEMENT3D(#1880,#1882,#1881);
#1884=IFCREPRESENTATIONMAP(#1883,#2193);
#1958=IFCCARTESIANPOINT((0.,0.,0.));
#1959=IFCDIRECTION((1.,0.,0.));
#1960=IFCDIRECTION((0.,0.,1.));
#1961=IFCAXIS2PLACEMENT3D(#1958,#1960,#1959);
#1962=IFCREPRESENTATIONMAP(#1961,#2266);
#1977=IFCCARTESIANPOINT((0.,0.,0.));
#1978=IFCDIRECTION((1.,0.,0.));
#1979=IFCDIRECTION((0.,0.,1.));
#1980=IFCAXIS2PLACEMENT3D(#1977,#1979,#1978);
#1981=IFCREPRESENTATIONMAP(#1980,#2284);
#2096=IFCDOOR('2olmvtElD58uzr7$HefbuI',$,'Door',$,$,#2309,#2105,$,2.,0.89999997615814209,$,.SINGLE_SWING_LEFT.,$);
#2097=IFCRELDEFINESBYTYPE('2A7IhuOn94cQgAEd6syLMQ',$,$,$,(#2096),#1874);
#2098=IFCCARTESIANPOINT((0.,0.,0.));
#2099=IFCDIRECTION((1.,0.,0.));
#2100=IFCDIRECTION((0.,1.,0.));
#2101=IFCDIRECTION((0.,0.,1.));
#2102=IFCCARTESIANTRANSFORMATIONOPERATOR3D(#2099,#2100,#2098,1.,#2101);
#2103=IFCMAPPEDITEM(#1884,#2102);
#2104=IFCSHAPEREPRESENTATION(#18,'Profile','MappedRepresentation',(#2103));
#2105=IFCPRODUCTDEFINITIONSHAPE($,$,(#2104,#2112,#2119));
#2106=IFCCARTESIANPOINT((0.,0.,0.));
#2107=IFCDIRECTION((1.,0.,0.));
#2108=IFCDIRECTION((0.,1.,0.));
#2109=IFCDIRECTION((0.,0.,1.));
#2110=IFCCARTESIANTRANSFORMATIONOPERATOR3D(#2107,#2108,#2106,1.,#2109);
#2111=IFCMAPPEDITEM(#1962,#2110);
#2112=IFCSHAPEREPRESENTATION(#11,'Body','MappedRepresentation',(#2111));
#2113=IFCCARTESIANPOINT((0.,0.,0.));
#2114=IFCDIRECTION((1.,0.,0.));
#2115=IFCDIRECTION((0.,1.,0.));
#2116=IFCDIRECTION((0.,0.,1.));
#2117=IFCCARTESIANTRANSFORMATIONOPERATOR3D(#2114,#2115,#2113,1.,#2116);
#2118=IFCMAPPEDITEM(#1981,#2117);
#2119=IFCSHAPEREPRESENTATION(#24,'Body','MappedRepresentation',(#2118));
#2120=IFCOPENINGELEMENT('0CwPjUrXH7_eOW3FrTbzgq',$,'Opening',$,$,#2304,#2148,$,.OPENING.);
#2136=IFCCARTESIANPOINT((0.,0.,0.));
#2137=IFCDIRECTION((1.,0.,0.));
#2138=IFCDIRECTION((0.,0.,1.));
#2139=IFCAXIS2PLACEMENT3D(#2136,#2138,#2137);
#2140=IFCREPRESENTATIONMAP(#2139,#2294);
#2141=IFCCARTESIANPOINT((0.,0.,0.));
#2142=IFCDIRECTION((1.,0.,0.));
#2143=IFCDIRECTION((0.,1.,0.));
#2144=IFCDIRECTION((0.,0.,1.));
#2145=IFCCARTESIANTRANSFORMATIONOPERATOR3D(#2142,#2143,#2141,1.,#2144);
#2146=IFCMAPPEDITEM(#2140,#2145);
#2147=IFCSHAPEREPRESENTATION(#11,'Body','MappedRepresentation',(#2146));
#2148=IFCPRODUCTDEFINITIONSHAPE($,$,(#2147));
#2149=IFCRELVOIDSELEMENT('3OVjVJldP3VOEFiQ16sBEI',$,$,$,#87,#2120);
#2155=IFCRELFILLSELEMENT('1nlBYyQn50ZADty9gsg3zQ',$,$,$,#2120,#2096);
#2191=IFCCARTESIANPOINTLIST3D(((0.,0.,0.),(0.89999997615814209,0.,0.),(0.89999997615814209,0.,2.),(0.,0.,2.)));
#2192=IFCINDEXEDPOLYCURVE(#2191,(IFCLINEINDEX((1,2,3,4,1))),$);
#2193=IFCSHAPEREPRESENTATION(#18,'Profile','Curve3D',(#2192));
#2194=IFCCARTESIANPOINTLIST2D(((0.,0.),(0.,2.),(0.89999997615814209,2.),(0.89999997615814209,0.),(0.87499997578561306,0.),(0.87499997578561306,1.974999999627471),(0.02500000037252903,1.974999999627471),(0.02500000037252903,0.)));
#2195=IFCINDEXEDPOLYCURVE(#2194,(IFCLINEINDEX((1,2,3,4,5,6,7,8,1))),$);
#2196=IFCARBITRARYCLOSEDPROFILEDEF(.AREA.,$,#2195);
#2197=IFCCARTESIANPOINT((0.,0.02500000037252903,0.));
#2198=IFCDIRECTION((0.,-1.,0.));
#2199=IFCDIRECTION((1.,0.,0.));
#2200=IFCAXIS2PLACEMENT3D(#2197,#2198,#2199);
#2201=IFCDIRECTION((0.,0.,-1.));
#2202=IFCEXTRUDEDAREASOLID(#2196,#2200,#2201,0.02500000037252903);
#2203=IFCCARTESIANPOINTLIST2D(((0.,0.),(0.,2.),(0.89999997615814209,2.),(0.89999997615814209,0.),(0.84999997541308403,0.),(0.84999997541308403,1.9499999992549419),(0.05000000074505806,1.9499999992549419),(0.05000000074505806,0.)));
#2204=IFCINDEXEDPOLYCURVE(#2203,(IFCLINEINDEX((1,2,3,4,5,6,7,8,1))),$);
#2205=IFCARBITRARYCLOSEDPROFILEDEF(.AREA.,$,#2204);
#2206=IFCCARTESIANPOINT((0.,0.,0.));
#2207=IFCDIRECTION((0.,-1.,0.));
#2208=IFCDIRECTION((1.,0.,0.));
#2209=IFCAXIS2PLACEMENT3D(#2206,#2207,#2208);
#2210=IFCDIRECTION((0.,0.,-1.));
#2211=IFCEXTRUDEDAREASOLID(#2205,#2209,#2210,0.02500000037252903);
#2212=IFCCARTESIANPOINTLIST2D(((0.,0.),(0.79999997466802597,0.),(0.79999997466802597,0.10000000149011612),(0.,0.10000000149011612)));
#2213=IFCINDEXEDPOLYCURVE(#2212,(IFCLINEINDEX((1,2,3,4,1))),$);
#2214=IFCARBITRARYCLOSEDPROFILEDEF(.AREA.,$,#2213);
#2215=IFCCARTESIANPOINT((0.05000000074505806,0.,0.));
#2216=IFCDIRECTION((0.,0.,1.));
#2217=IFCDIRECTION((1.,0.,0.));
#2218=IFCAXIS2PLACEMENT3D(#2215,#2216,#2217);
#2219=IFCDIRECTION((0.,0.,1.));
#2220=IFCEXTRUDEDAREASOLID(#2214,#2218,#2219,0.02500000037252903);
#2221=IFCCARTESIANPOINTLIST2D(((0.,0.),(0.,2.0250000022351742),(0.94999998062849045,2.0250000022351742),(0.94999998062849045,0.),(0.87499997764825821,0.),(0.87499997764825821,1.9499999992549419),(0.075000002980232239,1.9499999992549419),(0.075000002980232239,0.)));
#2222=IFCINDEXEDPOLYCURVE(#2221,(IFCLINEINDEX((1,2,3,4,5,6,7,8,1))),$);
#2223=IFCARBITRARYCLOSEDPROFILEDEF(.AREA.,$,#2222);
#2224=IFCCARTESIANPOINT((-0.025000002235174179,-0.004999999888241291,0.));
#2225=IFCDIRECTION((0.,-1.,0.));
#2226=IFCDIRECTION((1.,0.,0.));
#2227=IFCAXIS2PLACEMENT3D(#2224,#2225,#2226);
#2228=IFCDIRECTION((0.,0.,-1.));
#2229=IFCEXTRUDEDAREASOLID(#2223,#2227,#2228,0.004999999888241291);
#2230=IFCCARTESIANPOINTLIST2D(((0.,0.),(0.,2.0250000022351742),(0.94999998062849045,2.0250000022351742),(0.94999998062849045,0.),(0.89999997802078724,0.),(0.89999997802078724,1.974999999627471),(0.050000002607703209,1.974999999627471),(0.050000002607703209,0.)));
#2231=IFCINDEXEDPOLYCURVE(#2230,(IFCLINEINDEX((1,2,3,4,5,6,7,8,1))),$);
#2232=IFCARBITRARYCLOSEDPROFILEDEF(.AREA.,$,#2231);
#2233=IFCCARTESIANPOINT((-0.025000002235174179,0.05000000074505806,0.));
#2234=IFCDIRECTION((0.,-1.,0.));
#2235=IFCDIRECTION((1.,0.,0.));
#2236=IFCAXIS2PLACEMENT3D(#2233,#2234,#2235);
#2237=IFCDIRECTION((0.,0.,-1.));
#2238=IFCEXTRUDEDAREASOLID(#2232,#2236,#2237,0.004999999888241291);
#2239=IFCCARTESIANPOINTLIST2D(((0.,0.),(0.84999997541308403,0.),(0.84999997541308403,0.035000000149011612),(0.,0.035000000149011612)));
#2240=IFCINDEXEDPOLYCURVE(#2239,(IFCLINEINDEX((1,2,3,4,1))),$);
#2241=IFCARBITRARYCLOSEDPROFILEDEF(.AREA.,$,#2240);
#2242=IFCCARTESIANPOINT((0.02500000037252903,0.02500000037252903,0.02500000037252903));
#2243=IFCDIRECTION((0.,0.,1.));
#2244=IFCDIRECTION((1.,0.,0.));
#2245=IFCAXIS2PLACEMENT3D(#2242,#2243,#2244);
#2246=IFCDIRECTION((0.,0.,1.));
#2247=IFCEXTRUDEDAREASOLID(#2241,#2245,#2246,1.9499999992549419);
#2248=IFCCARTESIANPOINTLIST2D(((0.,0.),(0.,-0.040000000000000001),(-0.11999999999999988,-0.040000000000000001),(-0.11999999999999988,-0.02),(-0.020000000000000018,-0.02),(-0.020000000000000018,0.)));
#2249=IFCINDEXEDPOLYCURVE(#2248,(IFCLINEINDEX((1,2,3,4,5,6,1))),$);
#2250=IFCARBITRARYCLOSEDPROFILEDEF(.AREA.,$,#2249);
#2251=IFCCARTESIANPOINT((0.82499997578561302,0.02500000037252903,1.015000000372529));
#2252=IFCDIRECTION((0.,0.,1.));
#2253=IFCDIRECTION((1.,0.,0.));
#2254=IFCAXIS2PLACEMENT3D(#2251,#2252,#2253);
#2255=IFCDIRECTION((0.,0.,1.));
#2256=IFCEXTRUDEDAREASOLID(#2250,#2254,#2255,0.02);
#2257=IFCEXTRUDEDAREASOLID(#2258,#2261,#2265,0.02);
#2258=IFCARBITRARYCLOSEDPROFILEDEF(.AREA.,$,#2259);
#2259=IFCINDEXEDPOLYCURVE(#2260,(IFCLINEINDEX((1,2,3,4,5,6,1))),$);
#2260=IFCCARTESIANPOINTLIST2D(((0.,0.),(0.,0.040000000000000008),(-0.11999999999999988,0.040000000000000008),(-0.11999999999999988,0.020000000000000004),(-0.020000000000000018,0.020000000000000004),(-0.020000000000000018,0.)));
#2261=IFCAXIS2PLACEMENT3D(#2262,#2263,#2264);
#2262=IFCCARTESIANPOINT((0.82499997578561302,0.060000000521540642,1.015000000372529));
#2263=IFCDIRECTION((0.,0.,1.));
#2264=IFCDIRECTION((1.,0.,0.));
#2265=IFCDIRECTION((0.,0.,1.));
#2266=IFCSHAPEREPRESENTATION(#11,'Body','SweptSolid',(#2202,#2211,#2247,#2256,#2257,#2220,#2229,#2238));
#2267=IFCSHAPEREPRESENTATION(#11,'Body','SweptSolid',(#2202,#2211,#2220,#2229,#2238));
#2268=IFCSHAPEASPECT((#2267),'Lining',$,.T.,#2105);
#2269=IFCSHAPEREPRESENTATION(#11,'Body','SweptSolid',(#2247,#2256,#2257));
#2270=IFCSHAPEASPECT((#2269),'Framing',$,.T.,#2105);
#2271=IFCCARTESIANPOINTLIST2D(((0.,0.),(0.,0.05000000074505806),(0.02500000037252903,0.05000000074505806),(0.02500000037252903,0.02500000037252903),(0.05000000074505806,0.02500000037252903),(0.05000000074505806,0.)));
#2272=IFCINDEXEDPOLYCURVE(#2271,(IFCLINEINDEX((1,2,3,4,5,6,1))),$);
#2273=IFCINDEXEDPOLYCURVE(#2274,(IFCLINEINDEX((1,2,3,4,5,6,1))),$);
#2274=IFCCARTESIANPOINTLIST2D(((0.89999997615814209,0.),(0.89999997615814209,0.05000000074505806),(0.87499997578561306,0.05000000074505806),(0.87499997578561306,0.02500000037252903),(0.84999997541308403,0.02500000037252903),(0.84999997541308403,0.)));
#2275=IFCDIRECTION((1.,0.));
#2276=IFCCARTESIANPOINT((0.060000000521540642,0.05000000074505806));
#2277=IFCAXIS2PLACEMENT2D(#2276,#2275);
#2278=IFCELLIPSE(#2277,0.81499997526407242,0.84999997541308403);
#2279=IFCCARTESIANPOINT((0.87499997578561306,0.05000000074505806));
#2280=IFCCARTESIANPOINT((0.060000000521540642,0.89999997615814209));
#2281=IFCTRIMMEDCURVE(#2278,(#2279),(#2280),.T.,.CARTESIAN.);
#2282=IFCCARTESIANPOINTLIST2D(((0.02500000037252903,0.05000000074505806),(0.060000000521540642,0.05000000074505806),(0.060000000521540642,0.89999997615814209),(0.02500000037252903,0.89999997615814209)));
#2283=IFCINDEXEDPOLYCURVE(#2282,(IFCLINEINDEX((1,2,3,4,1))),$);
#2284=IFCSHAPEREPRESENTATION(#24,'Body','Curve2D',(#2272,#2273,#2281,#2283));
#2285=IFCCARTESIANPOINTLIST2D(((0.,0.),(0.89999997615814209,0.),(0.89999997615814209,2.),(0.,2.)));
#2286=IFCINDEXEDPOLYCURVE(#2285,(IFCLINEINDEX((1,2,3,4,1))),$);
#2287=IFCARBITRARYCLOSEDPROFILEDEF(.AREA.,$,#2286);
#2288=IFCCARTESIANPOINT((0.,-0.60000002384185791,0.));
#2289=IFCDIRECTION((0.,-1.,0.));
#2290=IFCDIRECTION((1.,0.,0.));
#2291=IFCAXIS2PLACEMENT3D(#2288,#2289,#2290);
#2292=IFCDIRECTION((0.,0.,-1.));
#2293=IFCEXTRUDEDAREASOLID(#2287,#2291,#2292,1.2);
#2294=IFCSHAPEREPRESENTATION(#11,'Body','SweptSolid',(#2293));
#2300=IFCCARTESIANPOINT((0.32355462511710731,4.76837158203125E-07,0.));
#2301=IFCDIRECTION((0.,0.,1.));
#2302=IFCDIRECTION((0.99999999999997158,-2.3841857910155572E-07,0.));
#2303=IFCAXIS2PLACEMENT3D(#2300,#2301,#2302);
#2304=IFCLOCALPLACEMENT(#1750,#2303);
#2305=IFCCARTESIANPOINT((0.,0.,0.));
#2306=IFCDIRECTION((0.,0.,1.));
#2307=IFCDIRECTION((1.,0.,0.));
#2308=IFCAXIS2PLACEMENT3D(#2305,#2306,#2307);
#2309=IFCLOCALPLACEMENT(#2304,#2308);
#2310=IFCDOORTYPE('3A1HNoLDv2fe4fzlsPfPmz',$,'Guest-GF',$,$,(#2311),(#2313,#2321,#2399),$,$,.DOOR.,.SINGLE_SWING_LEFT.,$,$);
#2311=IFCPROPERTYSET('2v3kd9W25DX8GC09MgWoVo',$,'BBIM_Door',$,(#2312));
#2312=IFCPROPERTYSINGLEVALUE('Data',$,IFCTEXT('{"door_type": "SINGLE_SWING_RIGHT", "overall_height": 2.0, "overall_width": 0.8999999761581421, "lining_properties": {"lining_depth": 0.05000000074505806, "lining_thickness": 0.05000000074505806, "lining_offset": 0.0, "lining_to_panel_offset_x": 0.02500000037252903, "lining_to_panel_offset_y": 0.02500000037252903, "transom_thickness": 0.0, "casing_thickness": 0.07500000298023224, "casing_depth": 0.004999999888241291, "threshold_thickness": 0.02500000037252903, "threshold_depth": 0.10000000149011612, "threshold_offset": 0.0}, "panel_properties": {"panel_depth": 0.03500000014901161, "panel_width_ratio": 1.0}}'),$);
#2313=IFCREPRESENTATIONMAP(#2314,#2719);
#2314=IFCAXIS2PLACEMENT3D(#2315,#2316,#2317);
#2315=IFCCARTESIANPOINT((0.,0.,0.));
#2316=IFCDIRECTION((0.,0.,1.));
#2317=IFCDIRECTION((1.,0.,0.));
#2321=IFCREPRESENTATIONMAP(#2322,#2792);
#2322=IFCAXIS2PLACEMENT3D(#2323,#2324,#2325);
#2323=IFCCARTESIANPOINT((0.,0.,0.));
#2324=IFCDIRECTION((0.,0.,1.));
#2325=IFCDIRECTION((1.,0.,0.));
#2399=IFCREPRESENTATIONMAP(#2400,#2810);
#2400=IFCAXIS2PLACEMENT3D(#2401,#2402,#2403);
#2401=IFCCARTESIANPOINT((0.,0.,0.));
#2402=IFCDIRECTION((0.,0.,1.));
#2403=IFCDIRECTION((1.,0.,0.));
#2637=IFCDOOR('0ZvNJr7XT4uxiNfUXgDdis',$,'Door',$,$,#2835,#2646,$,2.,0.89999997615814209,$,.SINGLE_SWING_RIGHT.,$);
#2638=IFCRELDEFINESBYTYPE('10dvV2Ek13Kv2usI5vvPZF',$,$,$,(#2637),#2310);
#2639=IFCCARTESIANPOINT((0.,0.,0.));
#2640=IFCDIRECTION((1.,0.,0.));
#2641=IFCDIRECTION((0.,1.,0.));
#2642=IFCDIRECTION((0.,0.,1.));
#2643=IFCCARTESIANTRANSFORMATIONOPERATOR3D(#2640,#2641,#2639,1.,#2642);
#2644=IFCMAPPEDITEM(#2313,#2643);
#2645=IFCSHAPEREPRESENTATION(#18,'Profile','MappedRepresentation',(#2644));
#2646=IFCPRODUCTDEFINITIONSHAPE($,$,(#2645,#2653,#2660));
#2647=IFCCARTESIANPOINT((0.,0.,0.));
#2648=IFCDIRECTION((1.,0.,0.));
#2649=IFCDIRECTION((0.,1.,0.));
#2650=IFCDIRECTION((0.,0.,1.));
#2651=IFCCARTESIANTRANSFORMATIONOPERATOR3D(#2648,#2649,#2647,1.,#2650);
#2652=IFCMAPPEDITEM(#2321,#2651);
#2653=IFCSHAPEREPRESENTATION(#11,'Body','MappedRepresentation',(#2652));
#2654=IFCCARTESIANPOINT((0.,0.,0.));
#2655=IFCDIRECTION((1.,0.,0.));
#2656=IFCDIRECTION((0.,1.,0.));
#2657=IFCDIRECTION((0.,0.,1.));
#2658=IFCCARTESIANTRANSFORMATIONOPERATOR3D(#2655,#2656,#2654,1.,#2657);
#2659=IFCMAPPEDITEM(#2399,#2658);
#2660=IFCSHAPEREPRESENTATION(#24,'Body','MappedRepresentation',(#2659));
#2661=IFCOPENINGELEMENT('2AHWaN5AL4bh9KiR9Cip2h',$,'Opening',$,$,#2830,#2689,$,.OPENING.);
#2677=IFCCARTESIANPOINT((0.,0.,0.));
#2678=IFCDIRECTION((1.,0.,0.));
#2679=IFCDIRECTION((0.,0.,1.));
#2680=IFCAXIS2PLACEMENT3D(#2677,#2679,#2678);
#2681=IFCREPRESENTATIONMAP(#2680,#2820);
#2682=IFCCARTESIANPOINT((0.,0.,0.));
#2683=IFCDIRECTION((1.,0.,0.));
#2684=IFCDIRECTION((0.,1.,0.));
#2685=IFCDIRECTION((0.,0.,1.));
#2686=IFCCARTESIANTRANSFORMATIONOPERATOR3D(#2683,#2684,#2682,1.,#2685);
#2687=IFCMAPPEDITEM(#2681,#2686);
#2688=IFCSHAPEREPRESENTATION(#11,'Body','MappedRepresentation',(#2687));
#2689=IFCPRODUCTDEFINITIONSHAPE($,$,(#2688));
#2690=IFCRELVOIDSELEMENT('3OgUCKTj9BCfZaBBwwWPMm',$,$,$,#606,#2661);
#2696=IFCRELFILLSELEMENT('0oVDB_V$H1kuKOShx16qEm',$,$,$,#2661,#2637);
#2717=IFCCARTESIANPOINTLIST3D(((0.,0.,0.),(0.89999997615814209,0.,0.),(0.89999997615814209,0.,2.),(0.,0.,2.)));
#2718=IFCINDEXEDPOLYCURVE(#2717,(IFCLINEINDEX((1,2,3,4,1))),$);
#2719=IFCSHAPEREPRESENTATION(#18,'Profile','Curve3D',(#2718));
#2720=IFCCARTESIANPOINTLIST2D(((0.,0.),(0.,2.),(0.89999997615814209,2.),(0.89999997615814209,0.),(0.87499997578561306,0.),(0.87499997578561306,1.974999999627471),(0.02500000037252903,1.974999999627471),(0.02500000037252903,0.)));
#2721=IFCINDEXEDPOLYCURVE(#2720,(IFCLINEINDEX((1,2,3,4,5,6,7,8,1))),$);
#2722=IFCARBITRARYCLOSEDPROFILEDEF(.AREA.,$,#2721);
#2723=IFCCARTESIANPOINT((0.,0.02500000037252903,0.));
#2724=IFCDIRECTION((0.,-1.,0.));
#2725=IFCDIRECTION((1.,0.,0.));
#2726=IFCAXIS2PLACEMENT3D(#2723,#2724,#2725);
#2727=IFCDIRECTION((0.,0.,-1.));
#2728=IFCEXTRUDEDAREASOLID(#2722,#2726,#2727,0.02500000037252903);
#2729=IFCCARTESIANPOINTLIST2D(((0.,0.),(0.,2.),(0.89999997615814209,2.),(0.89999997615814209,0.),(0.84999997541308403,0.),(0.84999997541308403,1.9499999992549419),(0.05000000074505806,1.9499999992549419),(0.05000000074505806,0.)));
#2730=IFCINDEXEDPOLYCURVE(#2729,(IFCLINEINDEX((1,2,3,4,5,6,7,8,1))),$);
#2731=IFCARBITRARYCLOSEDPROFILEDEF(.AREA.,$,#2730);
#2732=IFCCARTESIANPOINT((0.,0.,0.));
#2733=IFCDIRECTION((0.,-1.,0.));
#2734=IFCDIRECTION((1.,0.,0.));
#2735=IFCAXIS2PLACEMENT3D(#2732,#2733,#2734);
#2736=IFCDIRECTION((0.,0.,-1.));
#2737=IFCEXTRUDEDAREASOLID(#2731,#2735,#2736,0.02500000037252903);
#2738=IFCCARTESIANPOINTLIST2D(((0.,0.),(0.79999997466802597,0.),(0.79999997466802597,0.10000000149011612),(0.,0.10000000149011612)));
#2739=IFCINDEXEDPOLYCURVE(#2738,(IFCLINEINDEX((1,2,3,4,1))),$);
#2740=IFCARBITRARYCLOSEDPROFILEDEF(.AREA.,$,#2739);
#2741=IFCCARTESIANPOINT((0.05000000074505806,0.,0.));
#2742=IFCDIRECTION((0.,0.,1.));
#2743=IFCDIRECTION((1.,0.,0.));
#2744=IFCAXIS2PLACEMENT3D(#2741,#2742,#2743);
#2745=IFCDIRECTION((0.,0.,1.));
#2746=IFCEXTRUDEDAREASOLID(#2740,#2744,#2745,0.02500000037252903);
#2747=IFCCARTESIANPOINTLIST2D(((0.,0.),(0.,2.0250000022351742),(0.94999998062849045,2.0250000022351742),(0.94999998062849045,0.),(0.87499997764825821,0.),(0.87499997764825821,1.9499999992549419),(0.075000002980232239,1.9499999992549419),(0.075000002980232239,0.)));
#2748=IFCINDEXEDPOLYCURVE(#2747,(IFCLINEINDEX((1,2,3,4,5,6,7,8,1))),$);
#2749=IFCARBITRARYCLOSEDPROFILEDEF(.AREA.,$,#2748);
#2750=IFCCARTESIANPOINT((-0.025000002235174179,-0.004999999888241291,0.));
#2751=IFCDIRECTION((0.,-1.,0.));
#2752=IFCDIRECTION((1.,0.,0.));
#2753=IFCAXIS2PLACEMENT3D(#2750,#2751,#2752);
#2754=IFCDIRECTION((0.,0.,-1.));
#2755=IFCEXTRUDEDAREASOLID(#2749,#2753,#2754,0.004999999888241291);
#2756=IFCCARTESIANPOINTLIST2D(((0.,0.),(0.,2.0250000022351742),(0.94999998062849045,2.0250000022351742),(0.94999998062849045,0.),(0.89999997802078724,0.),(0.89999997802078724,1.974999999627471),(0.050000002607703209,1.974999999627471),(0.050000002607703209,0.)));
#2757=IFCINDEXEDPOLYCURVE(#2756,(IFCLINEINDEX((1,2,3,4,5,6,7,8,1))),$);
#2758=IFCARBITRARYCLOSEDPROFILEDEF(.AREA.,$,#2757);
#2759=IFCCARTESIANPOINT((-0.025000002235174179,0.05000000074505806,0.));
#2760=IFCDIRECTION((0.,-1.,0.));
#2761=IFCDIRECTION((1.,0.,0.));
#2762=IFCAXIS2PLACEMENT3D(#2759,#2760,#2761);
#2763=IFCDIRECTION((0.,0.,-1.));
#2764=IFCEXTRUDEDAREASOLID(#2758,#2762,#2763,0.004999999888241291);
#2765=IFCCARTESIANPOINTLIST2D(((0.,0.),(0.84999997541308403,0.),(0.84999997541308403,0.035000000149011612),(0.,0.035000000149011612)));
#2766=IFCINDEXEDPOLYCURVE(#2765,(IFCLINEINDEX((1,2,3,4,1))),$);
#2767=IFCARBITRARYCLOSEDPROFILEDEF(.AREA.,$,#2766);
#2768=IFCCARTESIANPOINT((0.02500000037252903,0.02500000037252903,0.02500000037252903));
#2769=IFCDIRECTION((0.,0.,1.));
#2770=IFCDIRECTION((1.,0.,0.));
#2771=IFCAXIS2PLACEMENT3D(#2768,#2769,#2770);
#2772=IFCDIRECTION((0.,0.,1.));
#2773=IFCEXTRUDEDAREASOLID(#2767,#2771,#2772,1.9499999992549419);
#2774=IFCCARTESIANPOINTLIST2D(((0.,0.),(0.,-0.040000000000000001),(0.12,-0.040000000000000001),(0.12,-0.02),(0.02,-0.02),(0.02,0.)));
#2775=IFCINDEXEDPOLYCURVE(#2774,(IFCLINEINDEX((1,2,3,4,5,6,1))),$);
#2776=IFCARBITRARYCLOSEDPROFILEDEF(.AREA.,$,#2775);
#2777=IFCCARTESIANPOINT((0.075000000372529033,0.02500000037252903,1.015000000372529));
#2778=IFCDIRECTION((0.,0.,1.));
#2779=IFCDIRECTION((1.,0.,0.));
#2780=IFCAXIS2PLACEMENT3D(#2777,#2778,#2779);
#2781=IFCDIRECTION((0.,0.,1.));
#2782=IFCEXTRUDEDAREASOLID(#2776,#2780,#2781,0.02);
#2783=IFCEXTRUDEDAREASOLID(#2784,#2787,#2791,0.02);
#2784=IFCARBITRARYCLOSEDPROFILEDEF(.AREA.,$,#2785);
#2785=IFCINDEXEDPOLYCURVE(#2786,(IFCLINEINDEX((1,2,3,4,5,6,1))),$);
#2786=IFCCARTESIANPOINTLIST2D(((0.,0.),(0.,0.040000000000000008),(0.11999999999999998,0.040000000000000008),(0.11999999999999998,0.020000000000000004),(0.020000000000000004,0.020000000000000004),(0.020000000000000004,0.)));
#2787=IFCAXIS2PLACEMENT3D(#2788,#2789,#2790);
#2788=IFCCARTESIANPOINT((0.075000000372529033,0.060000000521540642,1.015000000372529));
#2789=IFCDIRECTION((0.,0.,1.));
#2790=IFCDIRECTION((1.,0.,0.));
#2791=IFCDIRECTION((0.,0.,1.));
#2792=IFCSHAPEREPRESENTATION(#11,'Body','SweptSolid',(#2728,#2737,#2773,#2782,#2783,#2746,#2755,#2764));
#2793=IFCSHAPEREPRESENTATION(#11,'Body','SweptSolid',(#2728,#2737,#2746,#2755,#2764));
#2794=IFCSHAPEASPECT((#2793),'Lining',$,.T.,#2646);
#2795=IFCSHAPEREPRESENTATION(#11,'Body','SweptSolid',(#2773,#2782,#2783));
#2796=IFCSHAPEASPECT((#2795),'Framing',$,.T.,#2646);
#2797=IFCCARTESIANPOINTLIST2D(((0.,0.),(0.,0.05000000074505806),(0.02500000037252903,0.05000000074505806),(0.02500000037252903,0.02500000037252903),(0.05000000074505806,0.02500000037252903),(0.05000000074505806,0.)));
#2798=IFCINDEXEDPOLYCURVE(#2797,(IFCLINEINDEX((1,2,3,4,5,6,1))),$);
#2799=IFCINDEXEDPOLYCURVE(#2800,(IFCLINEINDEX((1,2,3,4,5,6,1))),$);
#2800=IFCCARTESIANPOINTLIST2D(((0.89999997615814209,0.),(0.89999997615814209,0.05000000074505806),(0.87499997578561306,0.05000000074505806),(0.87499997578561306,0.02500000037252903),(0.84999997541308403,0.02500000037252903),(0.84999997541308403,0.)));
#2801=IFCDIRECTION((1.,0.));
#2802=IFCCARTESIANPOINT((0.83999997563660145,0.05000000074505806));
#2803=IFCAXIS2PLACEMENT2D(#2802,#2801);
#2804=IFCELLIPSE(#2803,0.81499997526407242,0.84999997541308403);
#2805=IFCCARTESIANPOINT((0.83999997563660145,0.89999997615814209));
#2806=IFCCARTESIANPOINT((0.02500000037252903,0.05000000074505806));
#2807=IFCTRIMMEDCURVE(#2804,(#2805),(#2806),.T.,.CARTESIAN.);
#2808=IFCCARTESIANPOINTLIST2D(((0.87499997578561306,0.05000000074505806),(0.83999997563660145,0.05000000074505806),(0.83999997563660145,0.89999997615814209),(0.87499997578561306,0.89999997615814209)));
#2809=IFCINDEXEDPOLYCURVE(#2808,(IFCLINEINDEX((1,2,3,4,1))),$);
#2810=IFCSHAPEREPRESENTATION(#24,'Body','Curve2D',(#2798,#2799,#2807,#2809));
#2811=IFCCARTESIANPOINTLIST2D(((0.,0.),(0.89999997615814209,0.),(0.89999997615814209,2.),(0.,2.)));
#2812=IFCINDEXEDPOLYCURVE(#2811,(IFCLINEINDEX((1,2,3,4,1))),$);
#2813=IFCARBITRARYCLOSEDPROFILEDEF(.AREA.,$,#2812);
#2814=IFCCARTESIANPOINT((0.,-0.60000002384185791,0.));
#2815=IFCDIRECTION((0.,-1.,0.));
#2816=IFCDIRECTION((1.,0.,0.));
#2817=IFCAXIS2PLACEMENT3D(#2814,#2815,#2816);
#2818=IFCDIRECTION((0.,0.,-1.));
#2819=IFCEXTRUDEDAREASOLID(#2813,#2817,#2818,1.2);
#2820=IFCSHAPEREPRESENTATION(#11,'Body','SweptSolid',(#2819));
#2826=IFCCARTESIANPOINT((1.5220307335257577,-4.2991635251787841E-09,0.));
#2827=IFCDIRECTION((0.,0.,1.));
#2828=IFCDIRECTION((0.99999999999997147,-2.384185719961227E-07,0.));
#2829=IFCAXIS2PLACEMENT3D(#2826,#2827,#2828);
#2830=IFCLOCALPLACEMENT(#617,#2829);
#2831=IFCCARTESIANPOINT((-2.2204460492503131E-16,0.,0.));
#2832=IFCDIRECTION((0.,0.,1.));
#2833=IFCDIRECTION((1.,5.2939559203393771E-23,0.));
#2834=IFCAXIS2PLACEMENT3D(#2831,#2832,#2833);
#2835=IFCLOCALPLACEMENT(#2830,#2834);
#2836=IFCDOORTYPE('2ArttRnpjEhQkDKyZoBPKA',$,'Bathroom-GF',$,$,(#2837),(#2839,#2847,#2925),$,$,.DOOR.,.SINGLE_SWING_LEFT.,$,$);
#2837=IFCPROPERTYSET('3CkVCGFLr02ggfx_3WMuoy',$,'BBIM_Door',$,(#2838));
#2838=IFCPROPERTYSINGLEVALUE('Data',$,IFCTEXT('{"door_type": "DOUBLE_SWING_LEFT", "overall_height": 2.0, "overall_width": 0.7003809213638306, "lining_properties": {"lining_depth": 0.05000000074505806, "lining_thickness": 0.05000000074505806, "lining_offset": 0.0, "lining_to_panel_offset_x": 0.02500000037252903, "lining_to_panel_offset_y": 0.02500000037252903, "transom_thickness": 0.0, "casing_thickness": 0.07500000298023224, "casing_depth": 0.004999999888241291, "threshold_thickness": 0.02500000037252903, "threshold_depth": 0.10000000149011612, "threshold_offset": 0.0}, "panel_properties": {"panel_depth": 0.03500000014901161, "panel_width_ratio": 1.0}}'),$);
#2839=IFCREPRESENTATIONMAP(#2840,#3253);
#2840=IFCAXIS2PLACEMENT3D(#2841,#2842,#2843);
#2841=IFCCARTESIANPOINT((0.,0.,0.));
#2842=IFCDIRECTION((0.,0.,1.));
#2843=IFCDIRECTION((1.,0.,0.));
#2847=IFCREPRESENTATIONMAP(#2848,#3317);
#2848=IFCAXIS2PLACEMENT3D(#2849,#2850,#2851);
#2849=IFCCARTESIANPOINT((0.,0.,0.));
#2850=IFCDIRECTION((0.,0.,1.));
#2851=IFCDIRECTION((1.,0.,0.));
#2925=IFCREPRESENTATIONMAP(#2926,#3333);
#2926=IFCAXIS2PLACEMENT3D(#2927,#2928,#2929);
#2927=IFCCARTESIANPOINT((0.,0.,0.));
#2928=IFCDIRECTION((0.,0.,1.));
#2929=IFCDIRECTION((1.,0.,0.));
#2944=IFCDOOR('3YUN65ATj0iO4g5U9Uip8b',$,'Door',$,$,#4217,#2953,$,2.,0.70038092136383057,$,.DOUBLE_SWING_LEFT.,$);
#2945=IFCRELDEFINESBYTYPE('2BPPg893P2_wth3H65Fy7n',$,$,$,(#2944),#2836);
#2946=IFCCARTESIANPOINT((0.,0.,0.));
#2947=IFCDIRECTION((1.,0.,0.));
#2948=IFCDIRECTION((0.,1.,0.));
#2949=IFCDIRECTION((0.,0.,1.));
#2950=IFCCARTESIANTRANSFORMATIONOPERATOR3D(#2947,#2948,#2946,1.,#2949);
#2951=IFCMAPPEDITEM(#2839,#2950);
#2952=IFCSHAPEREPRESENTATION(#18,'Profile','MappedRepresentation',(#2951));
#2953=IFCPRODUCTDEFINITIONSHAPE($,$,(#2952,#2960,#2967));
#2954=IFCCARTESIANPOINT((0.,0.,0.));
#2955=IFCDIRECTION((1.,0.,0.));
#2956=IFCDIRECTION((0.,1.,0.));
#2957=IFCDIRECTION((0.,0.,1.));
#2958=IFCCARTESIANTRANSFORMATIONOPERATOR3D(#2955,#2956,#2954,1.,#2957);
#2959=IFCMAPPEDITEM(#2847,#2958);
#2960=IFCSHAPEREPRESENTATION(#11,'Body','MappedRepresentation',(#2959));
#2961=IFCCARTESIANPOINT((0.,0.,0.));
#2962=IFCDIRECTION((1.,0.,0.));
#2963=IFCDIRECTION((0.,1.,0.));
#2964=IFCDIRECTION((0.,0.,1.));
#2965=IFCCARTESIANTRANSFORMATIONOPERATOR3D(#2962,#2963,#2961,1.,#2964);
#2966=IFCMAPPEDITEM(#2925,#2965);
#2967=IFCSHAPEREPRESENTATION(#24,'Body','MappedRepresentation',(#2966));
#2968=IFCOPENINGELEMENT('1_$U0qw6T7cRJKb$9k19CO',$,'Opening',$,$,#3353,#2996,$,.OPENING.);
#2984=IFCCARTESIANPOINT((0.,0.,0.));
#2985=IFCDIRECTION((1.,0.,0.));
#2986=IFCDIRECTION((0.,0.,1.));
#2987=IFCAXIS2PLACEMENT3D(#2984,#2986,#2985);
#2988=IFCREPRESENTATIONMAP(#2987,#3343);
#2989=IFCCARTESIANPOINT((0.,0.,0.));
#2990=IFCDIRECTION((1.,0.,0.));
#2991=IFCDIRECTION((0.,1.,0.));
#2992=IFCDIRECTION((0.,0.,1.));
#2993=IFCCARTESIANTRANSFORMATIONOPERATOR3D(#2990,#2991,#2989,1.,#2992);
#2994=IFCMAPPEDITEM(#2988,#2993);
#2995=IFCSHAPEREPRESENTATION(#11,'Body','MappedRepresentation',(#2994));
#2996=IFCPRODUCTDEFINITIONSHAPE($,$,(#2995));
#2997=IFCRELVOIDSELEMENT('1h7M70fmj4IBAge3qOATcL',$,$,$,#736,#2968);
#3003=IFCRELFILLSELEMENT('2vgcgpSPX40O_pUIfpOnNG',$,$,$,#2968,#2944);
#3012=IFCCARTESIANPOINTLIST2D(((0.,0.),(0.,2.),(0.70000016689300537,2.),(0.70000016689300537,0.),(0.67500016652047634,0.),(0.67500016652047634,1.974999999627471),(0.02500000037252903,1.974999999627471),(0.02500000037252903,0.)));
#3013=IFCINDEXEDPOLYCURVE(#3012,(IFCLINEINDEX((1,2,3,4,5,6,7,8,1))),$);
#3014=IFCARBITRARYCLOSEDPROFILEDEF(.AREA.,$,#3013);
#3015=IFCCARTESIANPOINT((0.,0.02500000037252903,0.));
#3016=IFCDIRECTION((0.,-1.,0.));
#3017=IFCDIRECTION((1.,0.,0.));
#3018=IFCAXIS2PLACEMENT3D(#3015,#3016,#3017);
#3019=IFCDIRECTION((0.,0.,-1.));
#3020=IFCEXTRUDEDAREASOLID(#3014,#3018,#3019,0.02500000037252903);
#3021=IFCCARTESIANPOINTLIST2D(((0.,0.),(0.,2.),(0.70000016689300537,2.),(0.70000016689300537,0.),(0.65000016614794731,0.),(0.65000016614794731,1.9499999992549419),(0.05000000074505806,1.9499999992549419),(0.05000000074505806,0.)));
#3022=IFCINDEXEDPOLYCURVE(#3021,(IFCLINEINDEX((1,2,3,4,5,6,7,8,1))),$);
#3023=IFCARBITRARYCLOSEDPROFILEDEF(.AREA.,$,#3022);
#3024=IFCCARTESIANPOINT((0.,0.,0.));
#3025=IFCDIRECTION((0.,-1.,0.));
#3026=IFCDIRECTION((1.,0.,0.));
#3027=IFCAXIS2PLACEMENT3D(#3024,#3025,#3026);
#3028=IFCDIRECTION((0.,0.,-1.));
#3029=IFCEXTRUDEDAREASOLID(#3023,#3027,#3028,0.02500000037252903);
#3030=IFCCARTESIANPOINTLIST2D(((0.,0.),(0.60000016540288925,0.),(0.60000016540288925,0.10000000149011612),(0.,0.10000000149011612)));
#3031=IFCINDEXEDPOLYCURVE(#3030,(IFCLINEINDEX((1,2,3,4,1))),$);
#3032=IFCARBITRARYCLOSEDPROFILEDEF(.AREA.,$,#3031);
#3033=IFCCARTESIANPOINT((0.05000000074505806,0.,0.));
#3034=IFCDIRECTION((0.,0.,1.));
#3035=IFCDIRECTION((1.,0.,0.));
#3036=IFCAXIS2PLACEMENT3D(#3033,#3034,#3035);
#3037=IFCDIRECTION((0.,0.,1.));
#3038=IFCEXTRUDEDAREASOLID(#3032,#3036,#3037,0.02500000037252903);
#3039=IFCCARTESIANPOINTLIST2D(((0.,0.),(0.,2.0250000022351742),(0.75000017136335373,2.0250000022351742),(0.75000017136335373,0.),(0.67500016838312149,0.),(0.67500016838312149,1.9499999992549419),(0.075000002980232239,1.9499999992549419),(0.075000002980232239,0.)));
#3040=IFCINDEXEDPOLYCURVE(#3039,(IFCLINEINDEX((1,2,3,4,5,6,7,8,1))),$);
#3041=IFCARBITRARYCLOSEDPROFILEDEF(.AREA.,$,#3040);
#3042=IFCCARTESIANPOINT((-0.025000002235174179,-0.004999999888241291,0.));
#3043=IFCDIRECTION((0.,-1.,0.));
#3044=IFCDIRECTION((1.,0.,0.));
#3045=IFCAXIS2PLACEMENT3D(#3042,#3043,#3044);
#3046=IFCDIRECTION((0.,0.,-1.));
#3047=IFCEXTRUDEDAREASOLID(#3041,#3045,#3046,0.004999999888241291);
#3048=IFCCARTESIANPOINTLIST2D(((0.,0.),(0.,2.0250000022351742),(0.75000017136335373,2.0250000022351742),(0.75000017136335373,0.),(0.70000016875565052,0.),(0.70000016875565052,1.974999999627471),(0.050000002607703209,1.974999999627471),(0.050000002607703209,0.)));
#3049=IFCINDEXEDPOLYCURVE(#3048,(IFCLINEINDEX((1,2,3,4,5,6,7,8,1))),$);
#3050=IFCARBITRARYCLOSEDPROFILEDEF(.AREA.,$,#3049);
#3051=IFCCARTESIANPOINT((-0.025000002235174179,0.05000000074505806,0.));
#3052=IFCDIRECTION((0.,-1.,0.));
#3053=IFCDIRECTION((1.,0.,0.));
#3054=IFCAXIS2PLACEMENT3D(#3051,#3052,#3053);
#3055=IFCDIRECTION((0.,0.,-1.));
#3056=IFCEXTRUDEDAREASOLID(#3050,#3054,#3055,0.004999999888241291);
#3057=IFCCARTESIANPOINTLIST2D(((0.,0.),(0.65000016614794731,0.),(0.65000016614794731,0.035000000149011612),(0.,0.035000000149011612)));
#3058=IFCINDEXEDPOLYCURVE(#3057,(IFCLINEINDEX((1,2,3,4,1))),$);
#3059=IFCARBITRARYCLOSEDPROFILEDEF(.AREA.,$,#3058);
#3060=IFCCARTESIANPOINT((0.02500000037252903,0.02500000037252903,0.02500000037252903));
#3061=IFCDIRECTION((0.,0.,1.));
#3062=IFCDIRECTION((1.,0.,0.));
#3063=IFCAXIS2PLACEMENT3D(#3060,#3061,#3062);
#3064=IFCDIRECTION((0.,0.,1.));
#3065=IFCEXTRUDEDAREASOLID(#3059,#3063,#3064,1.9499999992549419);
#3066=IFCCARTESIANPOINTLIST2D(((0.,0.),(0.,-0.040000000000000001),(-0.11999999999999988,-0.040000000000000001),(-0.11999999999999988,-0.02),(-0.020000000000000018,-0.02),(-0.020000000000000018,0.)));
#3067=IFCINDEXEDPOLYCURVE(#3066,(IFCLINEINDEX((1,2,3,4,5,6,1))),$);
#3068=IFCARBITRARYCLOSEDPROFILEDEF(.AREA.,$,#3067);
#3069=IFCCARTESIANPOINT((0.6250001665204763,0.02500000037252903,1.015000000372529));
#3070=IFCDIRECTION((0.,0.,1.));
#3071=IFCDIRECTION((1.,0.,0.));
#3072=IFCAXIS2PLACEMENT3D(#3069,#3070,#3071);
#3073=IFCDIRECTION((0.,0.,1.));
#3074=IFCEXTRUDEDAREASOLID(#3068,#3072,#3073,0.02);
#3075=IFCEXTRUDEDAREASOLID(#3076,#3079,#3083,0.02);
#3076=IFCARBITRARYCLOSEDPROFILEDEF(.AREA.,$,#3077);
#3077=IFCINDEXEDPOLYCURVE(#3078,(IFCLINEINDEX((1,2,3,4,5,6,1))),$);
#3078=IFCCARTESIANPOINTLIST2D(((0.,0.),(0.,0.040000000000000008),(-0.11999999999999988,0.040000000000000008),(-0.11999999999999988,0.020000000000000004),(-0.020000000000000018,0.020000000000000004),(-0.020000000000000018,0.)));
#3079=IFCAXIS2PLACEMENT3D(#3080,#3081,#3082);
#3080=IFCCARTESIANPOINT((0.6250001665204763,0.060000000521540642,1.015000000372529));
#3081=IFCDIRECTION((0.,0.,1.));
#3082=IFCDIRECTION((1.,0.,0.));
#3083=IFCDIRECTION((0.,0.,1.));
#3085=IFCSHAPEREPRESENTATION(#11,'Body','SweptSolid',(#3047,#3166,#3289,#3262,#3157,#3038,#3029,#3280,#3148,#3056,#3271,#3139,#3020));
#3086=IFCSHAPEASPECT((#3085),'Lining',$,.T.,#2953);
#3087=IFCSHAPEREPRESENTATION(#11,'Body','SweptSolid',(#3184,#3308,#3074,#3065,#3185,#3307,#3298,#3175,#3075));
#3088=IFCSHAPEASPECT((#3087),'Framing',$,.T.,#2953);
#3131=IFCCARTESIANPOINTLIST2D(((0.,0.),(0.,2.),(0.70038092136383057,2.),(0.70038092136383057,0.),(0.67538092099130154,0.),(0.67538092099130154,1.974999999627471),(0.02500000037252903,1.974999999627471),(0.02500000037252903,0.)));
#3132=IFCINDEXEDPOLYCURVE(#3131,(IFCLINEINDEX((1,2,3,4,5,6,7,8,1))),$);
#3133=IFCARBITRARYCLOSEDPROFILEDEF(.AREA.,$,#3132);
#3134=IFCCARTESIANPOINT((0.,0.,0.));
#3135=IFCDIRECTION((0.,-1.,0.));
#3136=IFCDIRECTION((1.,0.,0.));
#3137=IFCAXIS2PLACEMENT3D(#3134,#3135,#3136);
#3138=IFCDIRECTION((0.,0.,-1.));
#3139=IFCEXTRUDEDAREASOLID(#3133,#3137,#3138,0.05000000074505806);
#3140=IFCCARTESIANPOINTLIST2D(((0.,0.),(0.65038092061877251,0.),(0.65038092061877251,0.10000000149011612),(0.,0.10000000149011612)));
#3141=IFCINDEXEDPOLYCURVE(#3140,(IFCLINEINDEX((1,2,3,4,1))),$);
#3142=IFCARBITRARYCLOSEDPROFILEDEF(.AREA.,$,#3141);
#3143=IFCCARTESIANPOINT((0.02500000037252903,0.,0.));
#3144=IFCDIRECTION((0.,0.,1.));
#3145=IFCDIRECTION((1.,0.,0.));
#3146=IFCAXIS2PLACEMENT3D(#3143,#3144,#3145);
#3147=IFCDIRECTION((0.,0.,1.));
#3148=IFCEXTRUDEDAREASOLID(#3142,#3146,#3147,0.02500000037252903);
#3149=IFCCARTESIANPOINTLIST2D(((0.,0.),(0.,2.0250000022351742),(0.75038092583417892,2.0250000022351742),(0.75038092583417892,0.),(0.70038092322647572,0.),(0.70038092322647572,1.974999999627471),(0.050000002607703209,1.974999999627471),(0.050000002607703209,0.)));
#3150=IFCINDEXEDPOLYCURVE(#3149,(IFCLINEINDEX((1,2,3,4,5,6,7,8,1))),$);
#3151=IFCARBITRARYCLOSEDPROFILEDEF(.AREA.,$,#3150);
#3152=IFCCARTESIANPOINT((-0.025000002235174179,-0.004999999888241291,0.));
#3153=IFCDIRECTION((0.,-1.,0.));
#3154=IFCDIRECTION((1.,0.,0.));
#3155=IFCAXIS2PLACEMENT3D(#3152,#3153,#3154);
#3156=IFCDIRECTION((0.,0.,-1.));
#3157=IFCEXTRUDEDAREASOLID(#3151,#3155,#3156,0.004999999888241291);
#3158=IFCCARTESIANPOINTLIST2D(((0.,0.),(0.,2.0250000022351742),(0.75038092583417892,2.0250000022351742),(0.75038092583417892,0.),(0.70038092322647572,0.),(0.70038092322647572,1.974999999627471),(0.050000002607703209,1.974999999627471),(0.050000002607703209,0.)));
#3159=IFCINDEXEDPOLYCURVE(#3158,(IFCLINEINDEX((1,2,3,4,5,6,7,8,1))),$);
#3160=IFCARBITRARYCLOSEDPROFILEDEF(.AREA.,$,#3159);
#3161=IFCCARTESIANPOINT((-0.025000002235174179,0.05000000074505806,0.));
#3162=IFCDIRECTION((0.,-1.,0.));
#3163=IFCDIRECTION((1.,0.,0.));
#3164=IFCAXIS2PLACEMENT3D(#3161,#3162,#3163);
#3165=IFCDIRECTION((0.,0.,-1.));
#3166=IFCEXTRUDEDAREASOLID(#3160,#3164,#3165,0.004999999888241291);
#3167=IFCCARTESIANPOINTLIST2D(((0.,0.),(0.65038092061877251,0.),(0.65038092061877251,0.035000000149011612),(0.,0.035000000149011612)));
#3168=IFCINDEXEDPOLYCURVE(#3167,(IFCLINEINDEX((1,2,3,4,1))),$);
#3169=IFCARBITRARYCLOSEDPROFILEDEF(.AREA.,$,#3168);
#3170=IFCCARTESIANPOINT((0.02500000037252903,0.02500000037252903,0.02500000037252903));
#3171=IFCDIRECTION((0.,0.,1.));
#3172=IFCDIRECTION((1.,0.,0.));
#3173=IFCAXIS2PLACEMENT3D(#3170,#3171,#3172);
#3174=IFCDIRECTION((0.,0.,1.));
#3175=IFCEXTRUDEDAREASOLID(#3169,#3173,#3174,1.9499999992549419);
#3176=IFCCARTESIANPOINTLIST2D(((0.,0.),(0.,-0.040000000000000001),(0.12,-0.040000000000000001),(0.12,-0.02),(0.02,-0.02),(0.02,0.)));
#3177=IFCINDEXEDPOLYCURVE(#3176,(IFCLINEINDEX((1,2,3,4,5,6,1))),$);
#3178=IFCARBITRARYCLOSEDPROFILEDEF(.AREA.,$,#3177);
#3179=IFCCARTESIANPOINT((0.075000000372529033,0.02500000037252903,1.015000000372529));
#3180=IFCDIRECTION((0.,0.,1.));
#3181=IFCDIRECTION((1.,0.,0.));
#3182=IFCAXIS2PLACEMENT3D(#3179,#3180,#3181);
#3183=IFCDIRECTION((0.,0.,1.));
#3184=IFCEXTRUDEDAREASOLID(#3178,#3182,#3183,0.02);
#3185=IFCEXTRUDEDAREASOLID(#3186,#3189,#3193,0.02);
#3186=IFCARBITRARYCLOSEDPROFILEDEF(.AREA.,$,#3187);
#3187=IFCINDEXEDPOLYCURVE(#3188,(IFCLINEINDEX((1,2,3,4,5,6,1))),$);
#3188=IFCCARTESIANPOINTLIST2D(((0.,0.),(0.,0.040000000000000008),(0.11999999999999998,0.040000000000000008),(0.11999999999999998,0.020000000000000004),(0.020000000000000004,0.020000000000000004),(0.020000000000000004,0.)));
#3189=IFCAXIS2PLACEMENT3D(#3190,#3191,#3192);
#3190=IFCCARTESIANPOINT((0.075000000372529033,0.060000000521540642,1.015000000372529));
#3191=IFCDIRECTION((0.,0.,1.));
#3192=IFCDIRECTION((1.,0.,0.));
#3193=IFCDIRECTION((0.,0.,1.));
#3251=IFCCARTESIANPOINTLIST3D(((0.,0.,0.),(0.70038092136383057,0.,0.),(0.70038092136383057,0.,2.),(0.,0.,2.)));
#3252=IFCINDEXEDPOLYCURVE(#3251,(IFCLINEINDEX((1,2,3,4,1))),$);
#3253=IFCSHAPEREPRESENTATION(#18,'Profile','Curve3D',(#3252));
#3254=IFCCARTESIANPOINTLIST2D(((0.,0.),(0.,2.),(0.70038092136383057,2.),(0.70038092136383057,0.),(0.67538092099130154,0.),(0.67538092099130154,1.974999999627471),(0.02500000037252903,1.974999999627471),(0.02500000037252903,0.)));
#3255=IFCINDEXEDPOLYCURVE(#3254,(IFCLINEINDEX((1,2,3,4,5,6,7,8,1))),$);
#3256=IFCARBITRARYCLOSEDPROFILEDEF(.AREA.,$,#3255);
#3257=IFCCARTESIANPOINT((0.,0.,0.));
#3258=IFCDIRECTION((0.,-1.,0.));
#3259=IFCDIRECTION((1.,0.,0.));
#3260=IFCAXIS2PLACEMENT3D(#3257,#3258,#3259);
#3261=IFCDIRECTION((0.,0.,-1.));
#3262=IFCEXTRUDEDAREASOLID(#3256,#3260,#3261,0.05000000074505806);
#3263=IFCCARTESIANPOINTLIST2D(((0.,0.),(0.65038092061877251,0.),(0.65038092061877251,0.10000000149011612),(0.,0.10000000149011612)));
#3264=IFCINDEXEDPOLYCURVE(#3263,(IFCLINEINDEX((1,2,3,4,1))),$);
#3265=IFCARBITRARYCLOSEDPROFILEDEF(.AREA.,$,#3264);
#3266=IFCCARTESIANPOINT((0.02500000037252903,0.,0.));
#3267=IFCDIRECTION((0.,0.,1.));
#3268=IFCDIRECTION((1.,0.,0.));
#3269=IFCAXIS2PLACEMENT3D(#3266,#3267,#3268);
#3270=IFCDIRECTION((0.,0.,1.));
#3271=IFCEXTRUDEDAREASOLID(#3265,#3269,#3270,0.02500000037252903);
#3272=IFCCARTESIANPOINTLIST2D(((0.,0.),(0.,2.0250000022351742),(0.75038092583417892,2.0250000022351742),(0.75038092583417892,0.),(0.70038092322647572,0.),(0.70038092322647572,1.974999999627471),(0.050000002607703209,1.974999999627471),(0.050000002607703209,0.)));
#3273=IFCINDEXEDPOLYCURVE(#3272,(IFCLINEINDEX((1,2,3,4,5,6,7,8,1))),$);
#3274=IFCARBITRARYCLOSEDPROFILEDEF(.AREA.,$,#3273);
#3275=IFCCARTESIANPOINT((-0.025000002235174179,-0.004999999888241291,0.));
#3276=IFCDIRECTION((0.,-1.,0.));
#3277=IFCDIRECTION((1.,0.,0.));
#3278=IFCAXIS2PLACEMENT3D(#3275,#3276,#3277);
#3279=IFCDIRECTION((0.,0.,-1.));
#3280=IFCEXTRUDEDAREASOLID(#3274,#3278,#3279,0.004999999888241291);
#3281=IFCCARTESIANPOINTLIST2D(((0.,0.),(0.,2.0250000022351742),(0.75038092583417892,2.0250000022351742),(0.75038092583417892,0.),(0.70038092322647572,0.),(0.70038092322647572,1.974999999627471),(0.050000002607703209,1.974999999627471),(0.050000002607703209,0.)));
#3282=IFCINDEXEDPOLYCURVE(#3281,(IFCLINEINDEX((1,2,3,4,5,6,7,8,1))),$);
#3283=IFCARBITRARYCLOSEDPROFILEDEF(.AREA.,$,#3282);
#3284=IFCCARTESIANPOINT((-0.025000002235174179,0.05000000074505806,0.));
#3285=IFCDIRECTION((0.,-1.,0.));
#3286=IFCDIRECTION((1.,0.,0.));
#3287=IFCAXIS2PLACEMENT3D(#3284,#3285,#3286);
#3288=IFCDIRECTION((0.,0.,-1.));
#3289=IFCEXTRUDEDAREASOLID(#3283,#3287,#3288,0.004999999888241291);
#3290=IFCCARTESIANPOINTLIST2D(((0.,0.),(0.65038092061877251,0.),(0.65038092061877251,0.035000000149011612),(0.,0.035000000149011612)));
#3291=IFCINDEXEDPOLYCURVE(#3290,(IFCLINEINDEX((1,2,3,4,1))),$);
#3292=IFCARBITRARYCLOSEDPROFILEDEF(.AREA.,$,#3291);
#3293=IFCCARTESIANPOINT((0.02500000037252903,0.02500000037252903,0.02500000037252903));
#3294=IFCDIRECTION((0.,0.,1.));
#3295=IFCDIRECTION((1.,0.,0.));
#3296=IFCAXIS2PLACEMENT3D(#3293,#3294,#3295);
#3297=IFCDIRECTION((0.,0.,1.));
#3298=IFCEXTRUDEDAREASOLID(#3292,#3296,#3297,1.9499999992549419);
#3299=IFCCARTESIANPOINTLIST2D(((0.,0.),(0.,-0.040000000000000001),(-0.11999999999999988,-0.040000000000000001),(-0.11999999999999988,-0.02),(-0.020000000000000018,-0.02),(-0.020000000000000018,0.)));
#3300=IFCINDEXEDPOLYCURVE(#3299,(IFCLINEINDEX((1,2,3,4,5,6,1))),$);
#3301=IFCARBITRARYCLOSEDPROFILEDEF(.AREA.,$,#3300);
#3302=IFCCARTESIANPOINT((0.62538092099130149,0.02500000037252903,1.015000000372529));
#3303=IFCDIRECTION((0.,0.,1.));
#3304=IFCDIRECTION((1.,0.,0.));
#3305=IFCAXIS2PLACEMENT3D(#3302,#3303,#3304);
#3306=IFCDIRECTION((0.,0.,1.));
#3307=IFCEXTRUDEDAREASOLID(#3301,#3305,#3306,0.02);
#3308=IFCEXTRUDEDAREASOLID(#3309,#3312,#3316,0.02);
#3309=IFCARBITRARYCLOSEDPROFILEDEF(.AREA.,$,#3310);
#3310=IFCINDEXEDPOLYCURVE(#3311,(IFCLINEINDEX((1,2,3,4,5,6,1))),$);
#3311=IFCCARTESIANPOINTLIST2D(((0.,0.),(0.,0.040000000000000008),(-0.11999999999999988,0.040000000000000008),(-0.11999999999999988,0.020000000000000004),(-0.020000000000000018,0.020000000000000004),(-0.020000000000000018,0.)));
#3312=IFCAXIS2PLACEMENT3D(#3313,#3314,#3315);
#3313=IFCCARTESIANPOINT((0.62538092099130149,0.060000000521540642,1.015000000372529));
#3314=IFCDIRECTION((0.,0.,1.));
#3315=IFCDIRECTION((1.,0.,0.));
#3316=IFCDIRECTION((0.,0.,1.));
#3317=IFCSHAPEREPRESENTATION(#11,'Body','SweptSolid',(#3262,#3298,#3307,#3308,#3271,#3280,#3289));
#3318=IFCCARTESIANPOINTLIST2D(((0.,0.),(0.02500000037252903,0.),(0.02500000037252903,0.05000000074505806),(0.,0.05000000074505806)));
#3319=IFCINDEXEDPOLYCURVE(#3318,(IFCLINEINDEX((1,2,3,4,1))),$);
#3320=IFCINDEXEDPOLYCURVE(#3321,(IFCLINEINDEX((1,2,3,4,1))),$);
#3321=IFCCARTESIANPOINTLIST2D(((0.70038092136383057,0.),(0.67538092099130154,0.),(0.67538092099130154,0.05000000074505806),(0.70038092136383057,0.05000000074505806)));
#3322=IFCCARTESIANPOINTLIST2D(((0.02500000037252903,0.05000000074505806),(0.02500000037252903,-0.60038091987371445),(0.060000000521540642,-0.60038091987371445)));
#3323=IFCINDEXEDPOLYCURVE(#3322,$,$);
#3324=IFCDIRECTION((1.,0.));
#3325=IFCCARTESIANPOINT((0.060000000521540642,0.05000000074505806));
#3326=IFCAXIS2PLACEMENT2D(#3325,#3324);
#3327=IFCELLIPSE(#3326,0.61538092046976089,0.65038092061877251);
#3328=IFCCARTESIANPOINT((0.060000000521540642,-0.60038091987371445));
#3329=IFCCARTESIANPOINT((0.060000000521540642,0.70038092136383057));
#3330=IFCTRIMMEDCURVE(#3327,(#3328),(#3329),.T.,.CARTESIAN.);
#3331=IFCCARTESIANPOINTLIST2D(((0.02500000037252903,0.05000000074505806),(0.060000000521540642,0.05000000074505806),(0.060000000521540642,0.70038092136383057),(0.02500000037252903,0.70038092136383057)));
#3332=IFCINDEXEDPOLYCURVE(#3331,(IFCLINEINDEX((1,2,3,4,1))),$);
#3333=IFCSHAPEREPRESENTATION(#24,'Body','Curve2D',(#3319,#3320,#3323,#3330,#3332));
#3334=IFCCARTESIANPOINTLIST2D(((0.,0.),(0.70038092136383057,0.),(0.70038092136383057,2.),(0.,2.)));
#3335=IFCINDEXEDPOLYCURVE(#3334,(IFCLINEINDEX((1,2,3,4,1))),$);
#3336=IFCARBITRARYCLOSEDPROFILEDEF(.AREA.,$,#3335);
#3337=IFCCARTESIANPOINT((0.,-0.60000002384185791,0.));
#3338=IFCDIRECTION((0.,-1.,0.));
#3339=IFCDIRECTION((1.,0.,0.));
#3340=IFCAXIS2PLACEMENT3D(#3337,#3338,#3339);
#3341=IFCDIRECTION((0.,0.,-1.));
#3342=IFCEXTRUDEDAREASOLID(#3336,#3340,#3341,1.2);
#3343=IFCSHAPEREPRESENTATION(#11,'Body','SweptSolid',(#3342));
#3349=IFCCARTESIANPOINT((0.052238702774023871,1.2938054028133195E-07,0.));
#3350=IFCDIRECTION((0.,0.,1.));
#3351=IFCDIRECTION((0.99999999999999289,-1.1920928955077312E-07,0.));
#3352=IFCAXIS2PLACEMENT3D(#3349,#3350,#3351);
#3353=IFCLOCALPLACEMENT(#810,#3352);
#3359=IFCDOORTYPE('14O4FY93nAfRXpjWrzocS3',$,'Maids-GF',$,$,(#3360),(#3362,#3370,#3439,#3805),$,$,.DOOR.,.SINGLE_SWING_LEFT.,$,$);
#3360=IFCPROPERTYSET('1cvqGOBFbBZQHMzteFRQaj',$,'BBIM_Door',$,(#3361));
#3361=IFCPROPERTYSINGLEVALUE('Data',$,IFCTEXT('{"door_type": "SLIDING_TO_RIGHT", "overall_height": 2.0, "overall_width": 1.3185813426971436, "lining_properties": {"lining_depth": 0.05000000074505806, "lining_thickness": 0.05000000074505806, "lining_offset": 0.0, "transom_thickness": 0.0, "casing_thickness": 0.07500000298023224, "casing_depth": 0.004999999888241291, "threshold_thickness": 0.02500000037252903, "threshold_depth": 0.10000000149011612, "threshold_offset": 0.0}, "panel_properties": {"panel_depth": 0.03500000014901161, "panel_width_ratio": 1.0}}'),$);
#3362=IFCREPRESENTATIONMAP(#3363,#3855);
#3363=IFCAXIS2PLACEMENT3D(#3364,#3365,#3366);
#3364=IFCCARTESIANPOINT((0.,0.,0.));
#3365=IFCDIRECTION((0.,0.,1.));
#3366=IFCDIRECTION((1.,0.,0.));
#3370=IFCREPRESENTATIONMAP(#3371,#3919);
#3371=IFCAXIS2PLACEMENT3D(#3372,#3373,#3374);
#3372=IFCCARTESIANPOINT((0.,0.,0.));
#3373=IFCDIRECTION((0.,0.,1.));
#3374=IFCDIRECTION((1.,0.,0.));
#3439=IFCREPRESENTATIONMAP(#3440,#3926);
#3440=IFCAXIS2PLACEMENT3D(#3441,#3442,#3443);
#3441=IFCCARTESIANPOINT((0.,0.,0.));
#3442=IFCDIRECTION((0.,0.,1.));
#3443=IFCDIRECTION((1.,0.,0.));
#3637=IFCDOOR('2$hMpo6N96qPjCEFeUJHGA',$,'Door',$,$,#3956,#3647,$,2.,1.3185813426971436,$,.SLIDING_TO_RIGHT.,$);
#3639=IFCRELDEFINESBYTYPE('370QD5QmX36uHj61ArVsyd',$,$,$,(#3637),#3359);
#3640=IFCCARTESIANPOINT((0.,0.,0.));
#3641=IFCDIRECTION((1.,0.,0.));
#3642=IFCDIRECTION((0.,1.,0.));
#3643=IFCDIRECTION((0.,0.,1.));
#3644=IFCCARTESIANTRANSFORMATIONOPERATOR3D(#3641,#3642,#3640,1.,#3643);
#3645=IFCMAPPEDITEM(#3362,#3644);
#3646=IFCSHAPEREPRESENTATION(#18,'Profile','MappedRepresentation',(#3645));
#3647=IFCPRODUCTDEFINITIONSHAPE($,$,(#3646,#3654,#3661,#3812));
#3648=IFCCARTESIANPOINT((0.,0.,0.));
#3649=IFCDIRECTION((1.,0.,0.));
#3650=IFCDIRECTION((0.,1.,0.));
#3651=IFCDIRECTION((0.,0.,1.));
#3652=IFCCARTESIANTRANSFORMATIONOPERATOR3D(#3649,#3650,#3648,1.,#3651);
#3653=IFCMAPPEDITEM(#3370,#3652);
#3654=IFCSHAPEREPRESENTATION(#11,'Body','MappedRepresentation',(#3653));
#3655=IFCCARTESIANPOINT((0.,0.,0.));
#3656=IFCDIRECTION((1.,0.,0.));
#3657=IFCDIRECTION((0.,1.,0.));
#3658=IFCDIRECTION((0.,0.,1.));
#3659=IFCCARTESIANTRANSFORMATIONOPERATOR3D(#3656,#3657,#3655,1.,#3658);
#3660=IFCMAPPEDITEM(#3439,#3659);
#3661=IFCSHAPEREPRESENTATION(#24,'Body','MappedRepresentation',(#3660));
#3662=IFCOPENINGELEMENT('0kneSuf9D5vuBC9Wp7zjml',$,'Opening',$,$,#3951,#3690,$,.OPENING.);
#3678=IFCCARTESIANPOINT((0.,0.,0.));
#3679=IFCDIRECTION((1.,0.,0.));
#3680=IFCDIRECTION((0.,0.,1.));
#3681=IFCAXIS2PLACEMENT3D(#3678,#3680,#3679);
#3682=IFCREPRESENTATIONMAP(#3681,#3941);
#3683=IFCCARTESIANPOINT((0.,0.,0.));
#3684=IFCDIRECTION((1.,0.,0.));
#3685=IFCDIRECTION((0.,1.,0.));
#3686=IFCDIRECTION((0.,0.,1.));
#3687=IFCCARTESIANTRANSFORMATIONOPERATOR3D(#3684,#3685,#3683,1.,#3686);
#3688=IFCMAPPEDITEM(#3682,#3687);
#3689=IFCSHAPEREPRESENTATION(#11,'Body','MappedRepresentation',(#3688));
#3690=IFCPRODUCTDEFINITIONSHAPE($,$,(#3689));
#3691=IFCRELVOIDSELEMENT('2vRhF50Bb4JQcFB9TVbgDk',$,$,$,#1101,#3662);
#3697=IFCRELFILLSELEMENT('2Gp9ggR6bDYfQdVyDJ3B$X',$,$,$,#3662,#3637);
#3721=IFCCARTESIANPOINTLIST2D(((0.,0.),(0.,2.),(1.3185813426971436,2.),(1.3185813426971436,0.),(1.2685813419520855,0.),(1.2685813419520855,1.9499999992549419),(0.05000000074505806,1.9499999992549419),(0.05000000074505806,0.)));
#3722=IFCINDEXEDPOLYCURVE(#3721,(IFCLINEINDEX((1,2,3,4,5,6,7,8,1))),$);
#3723=IFCARBITRARYCLOSEDPROFILEDEF(.AREA.,$,#3722);
#3724=IFCCARTESIANPOINT((0.,0.,0.));
#3725=IFCDIRECTION((0.,-1.,0.));
#3726=IFCDIRECTION((1.,0.,0.));
#3727=IFCAXIS2PLACEMENT3D(#3724,#3725,#3726);
#3728=IFCDIRECTION((0.,0.,-1.));
#3729=IFCEXTRUDEDAREASOLID(#3723,#3727,#3728,0.05000000074505806);
#3730=IFCCARTESIANPOINTLIST2D(((0.,0.),(1.2185813412070274,0.),(1.2185813412070274,0.10000000149011612),(0.,0.10000000149011612)));
#3731=IFCINDEXEDPOLYCURVE(#3730,(IFCLINEINDEX((1,2,3,4,1))),$);
#3732=IFCARBITRARYCLOSEDPROFILEDEF(.AREA.,$,#3731);
#3733=IFCCARTESIANPOINT((0.05000000074505806,0.,0.));
#3734=IFCDIRECTION((0.,0.,1.));
#3735=IFCDIRECTION((1.,0.,0.));
#3736=IFCAXIS2PLACEMENT3D(#3733,#3734,#3735);
#3737=IFCDIRECTION((0.,0.,1.));
#3738=IFCEXTRUDEDAREASOLID(#3732,#3736,#3737,0.02500000037252903);
#3739=IFCCARTESIANPOINTLIST2D(((0.,0.),(0.,2.0250000022351742),(1.3685813471674919,2.0250000022351742),(1.3685813471674919,0.),(1.2935813441872597,0.),(1.2935813441872597,1.9499999992549419),(0.075000002980232239,1.9499999992549419),(0.075000002980232239,0.)));
#3740=IFCINDEXEDPOLYCURVE(#3739,(IFCLINEINDEX((1,2,3,4,5,6,7,8,1))),$);
#3741=IFCARBITRARYCLOSEDPROFILEDEF(.AREA.,$,#3740);
#3742=IFCCARTESIANPOINT((-0.025000002235174179,-0.004999999888241291,0.));
#3743=IFCDIRECTION((0.,-1.,0.));
#3744=IFCDIRECTION((1.,0.,0.));
#3745=IFCAXIS2PLACEMENT3D(#3742,#3743,#3744);
#3746=IFCDIRECTION((0.,0.,-1.));
#3747=IFCEXTRUDEDAREASOLID(#3741,#3745,#3746,0.004999999888241291);
#3748=IFCCARTESIANPOINTLIST2D(((0.,0.),(0.,2.0250000022351742),(1.3685813471674919,2.0250000022351742),(1.3685813471674919,0.),(1.2935813441872597,0.),(1.2935813441872597,1.9499999992549419),(0.075000002980232239,1.9499999992549419),(0.075000002980232239,0.)));
#3749=IFCINDEXEDPOLYCURVE(#3748,(IFCLINEINDEX((1,2,3,4,5,6,7,8,1))),$);
#3750=IFCARBITRARYCLOSEDPROFILEDEF(.AREA.,$,#3749);
#3751=IFCCARTESIANPOINT((-0.025000002235174179,0.05000000074505806,0.));
#3752=IFCDIRECTION((0.,-1.,0.));
#3753=IFCDIRECTION((1.,0.,0.));
#3754=IFCAXIS2PLACEMENT3D(#3751,#3752,#3753);
#3755=IFCDIRECTION((0.,0.,-1.));
#3756=IFCEXTRUDEDAREASOLID(#3750,#3754,#3755,0.004999999888241291);
#3757=IFCCARTESIANPOINTLIST2D(((0.,0.),(1.2185813412070274,0.),(1.2185813412070274,0.035000000149011612),(0.,0.035000000149011612)));
#3758=IFCINDEXEDPOLYCURVE(#3757,(IFCLINEINDEX((1,2,3,4,1))),$);
#3759=IFCARBITRARYCLOSEDPROFILEDEF(.AREA.,$,#3758);
#3760=IFCCARTESIANPOINT((0.05000000074505806,-0.035000000149011612,0.02500000037252903));
#3761=IFCDIRECTION((0.,0.,1.));
#3762=IFCDIRECTION((1.,0.,0.));
#3763=IFCAXIS2PLACEMENT3D(#3760,#3761,#3762);
#3764=IFCDIRECTION((0.,0.,1.));
#3765=IFCEXTRUDEDAREASOLID(#3759,#3763,#3764,1.9249999988824129);
#3766=IFCCARTESIANPOINTLIST2D(((0.,0.),(0.,-0.040000000000000001),(0.12,-0.040000000000000001),(0.12,-0.02),(0.02,-0.02),(0.02,0.)));
#3767=IFCINDEXEDPOLYCURVE(#3766,(IFCLINEINDEX((1,2,3,4,5,6,1))),$);
#3768=IFCARBITRARYCLOSEDPROFILEDEF(.AREA.,$,#3767);
#3769=IFCCARTESIANPOINT((0.10000000074505806,-0.035000000149011612,1.015000000372529));
#3770=IFCDIRECTION((0.,0.,1.));
#3771=IFCDIRECTION((1.,0.,0.));
#3772=IFCAXIS2PLACEMENT3D(#3769,#3770,#3771);
#3773=IFCDIRECTION((0.,0.,1.));
#3774=IFCEXTRUDEDAREASOLID(#3768,#3772,#3773,0.02);
#3775=IFCEXTRUDEDAREASOLID(#3776,#3779,#3783,0.02);
#3776=IFCARBITRARYCLOSEDPROFILEDEF(.AREA.,$,#3777);
#3777=IFCINDEXEDPOLYCURVE(#3778,(IFCLINEINDEX((1,2,3,4,5,6,1))),$);
#3778=IFCCARTESIANPOINTLIST2D(((0.,0.),(0.,0.040000000000000008),(0.11999999999999998,0.040000000000000008),(0.11999999999999998,0.020000000000000004),(0.020000000000000004,0.020000000000000004),(0.020000000000000004,0.)));
#3779=IFCAXIS2PLACEMENT3D(#3780,#3781,#3782);
#3780=IFCCARTESIANPOINT((0.10000000074505806,0.,1.015000000372529));
#3781=IFCDIRECTION((0.,0.,1.));
#3782=IFCDIRECTION((1.,0.,0.));
#3783=IFCDIRECTION((0.,0.,1.));
#3785=IFCSHAPEREPRESENTATION(#11,'Body','SweptSolid',(#3891,#3873,#3738,#3882,#3756,#3729,#3747,#3864));
#3786=IFCSHAPEASPECT((#3785),'Lining',$,.T.,#3647);
#3787=IFCSHAPEREPRESENTATION(#11,'Body','SweptSolid',(#3765,#3909,#3910,#3900,#3774,#3775));
#3788=IFCSHAPEASPECT((#3787),'Framing',$,.T.,#3647);
#3801=IFCCARTESIANPOINT((0.,0.,0.));
#3802=IFCDIRECTION((1.,0.,0.));
#3803=IFCDIRECTION((0.,0.,1.));
#3804=IFCAXIS2PLACEMENT3D(#3801,#3803,#3802);
#3805=IFCREPRESENTATIONMAP(#3804,#3931);
#3806=IFCCARTESIANPOINT((0.,0.,0.));
#3807=IFCDIRECTION((1.,0.,0.));
#3808=IFCDIRECTION((0.,1.,0.));
#3809=IFCDIRECTION((0.,0.,1.));
#3810=IFCCARTESIANTRANSFORMATIONOPERATOR3D(#3807,#3808,#3806,1.,#3809);
#3811=IFCMAPPEDITEM(#3805,#3810);
#3812=IFCSHAPEREPRESENTATION(#25,'Annotation','MappedRepresentation',(#3811));
#3853=IFCCARTESIANPOINTLIST3D(((0.,0.,0.),(1.3185813426971436,0.,0.),(1.3185813426971436,0.,2.),(0.,0.,2.)));
#3854=IFCINDEXEDPOLYCURVE(#3853,(IFCLINEINDEX((1,2,3,4,1))),$);
#3855=IFCSHAPEREPRESENTATION(#18,'Profile','Curve3D',(#3854));
#3856=IFCCARTESIANPOINTLIST2D(((0.,0.),(0.,2.),(1.3185813426971436,2.),(1.3185813426971436,0.),(1.2685813419520855,0.),(1.2685813419520855,1.9499999992549419),(0.05000000074505806,1.9499999992549419),(0.05000000074505806,0.)));
#3857=IFCINDEXEDPOLYCURVE(#3856,(IFCLINEINDEX((1,2,3,4,5,6,7,8,1))),$);
#3858=IFCARBITRARYCLOSEDPROFILEDEF(.AREA.,$,#3857);
#3859=IFCCARTESIANPOINT((0.,0.,0.));
#3860=IFCDIRECTION((0.,-1.,0.));
#3861=IFCDIRECTION((1.,0.,0.));
#3862=IFCAXIS2PLACEMENT3D(#3859,#3860,#3861);
#3863=IFCDIRECTION((0.,0.,-1.));
#3864=IFCEXTRUDEDAREASOLID(#3858,#3862,#3863,0.05000000074505806);
#3865=IFCCARTESIANPOINTLIST2D(((0.,0.),(1.2185813412070274,0.),(1.2185813412070274,0.10000000149011612),(0.,0.10000000149011612)));
#3866=IFCINDEXEDPOLYCURVE(#3865,(IFCLINEINDEX((1,2,3,4,1))),$);
#3867=IFCARBITRARYCLOSEDPROFILEDEF(.AREA.,$,#3866);
#3868=IFCCARTESIANPOINT((0.05000000074505806,0.,0.));
#3869=IFCDIRECTION((0.,0.,1.));
#3870=IFCDIRECTION((1.,0.,0.));
#3871=IFCAXIS2PLACEMENT3D(#3868,#3869,#3870);
#3872=IFCDIRECTION((0.,0.,1.));
#3873=IFCEXTRUDEDAREASOLID(#3867,#3871,#3872,0.02500000037252903);
#3874=IFCCARTESIANPOINTLIST2D(((0.,0.),(0.,2.0250000022351742),(1.3685813471674919,2.0250000022351742),(1.3685813471674919,0.),(1.2935813441872597,0.),(1.2935813441872597,1.9499999992549419),(0.075000002980232239,1.9499999992549419),(0.075000002980232239,0.)));
#3875=IFCINDEXEDPOLYCURVE(#3874,(IFCLINEINDEX((1,2,3,4,5,6,7,8,1))),$);
#3876=IFCARBITRARYCLOSEDPROFILEDEF(.AREA.,$,#3875);
#3877=IFCCARTESIANPOINT((-0.025000002235174179,-0.004999999888241291,0.));
#3878=IFCDIRECTION((0.,-1.,0.));
#3879=IFCDIRECTION((1.,0.,0.));
#3880=IFCAXIS2PLACEMENT3D(#3877,#3878,#3879);
#3881=IFCDIRECTION((0.,0.,-1.));
#3882=IFCEXTRUDEDAREASOLID(#3876,#3880,#3881,0.004999999888241291);
#3883=IFCCARTESIANPOINTLIST2D(((0.,0.),(0.,2.0250000022351742),(1.3685813471674919,2.0250000022351742),(1.3685813471674919,0.),(1.2935813441872597,0.),(1.2935813441872597,1.9499999992549419),(0.075000002980232239,1.9499999992549419),(0.075000002980232239,0.)));
#3884=IFCINDEXEDPOLYCURVE(#3883,(IFCLINEINDEX((1,2,3,4,5,6,7,8,1))),$);
#3885=IFCARBITRARYCLOSEDPROFILEDEF(.AREA.,$,#3884);
#3886=IFCCARTESIANPOINT((-0.025000002235174179,0.05000000074505806,0.));
#3887=IFCDIRECTION((0.,-1.,0.));
#3888=IFCDIRECTION((1.,0.,0.));
#3889=IFCAXIS2PLACEMENT3D(#3886,#3887,#3888);
#3890=IFCDIRECTION((0.,0.,-1.));
#3891=IFCEXTRUDEDAREASOLID(#3885,#3889,#3890,0.004999999888241291);
#3892=IFCCARTESIANPOINTLIST2D(((0.,0.),(1.2185813412070274,0.),(1.2185813412070274,0.035000000149011612),(0.,0.035000000149011612)));
#3893=IFCINDEXEDPOLYCURVE(#3892,(IFCLINEINDEX((1,2,3,4,1))),$);
#3894=IFCARBITRARYCLOSEDPROFILEDEF(.AREA.,$,#3893);
#3895=IFCCARTESIANPOINT((0.05000000074505806,-0.035000000149011612,0.02500000037252903));
#3896=IFCDIRECTION((0.,0.,1.));
#3897=IFCDIRECTION((1.,0.,0.));
#3898=IFCAXIS2PLACEMENT3D(#3895,#3896,#3897);
#3899=IFCDIRECTION((0.,0.,1.));
#3900=IFCEXTRUDEDAREASOLID(#3894,#3898,#3899,1.9249999988824129);
#3901=IFCCARTESIANPOINTLIST2D(((0.,0.),(0.,-0.040000000000000001),(0.12,-0.040000000000000001),(0.12,-0.02),(0.02,-0.02),(0.02,0.)));
#3902=IFCINDEXEDPOLYCURVE(#3901,(IFCLINEINDEX((1,2,3,4,5,6,1))),$);
#3903=IFCARBITRARYCLOSEDPROFILEDEF(.AREA.,$,#3902);
#3904=IFCCARTESIANPOINT((0.10000000074505806,-0.035000000149011612,1.015000000372529));
#3905=IFCDIRECTION((0.,0.,1.));
#3906=IFCDIRECTION((1.,0.,0.));
#3907=IFCAXIS2PLACEMENT3D(#3904,#3905,#3906);
#3908=IFCDIRECTION((0.,0.,1.));
#3909=IFCEXTRUDEDAREASOLID(#3903,#3907,#3908,0.02);
#3910=IFCEXTRUDEDAREASOLID(#3911,#3914,#3918,0.02);
#3911=IFCARBITRARYCLOSEDPROFILEDEF(.AREA.,$,#3912);
#3912=IFCINDEXEDPOLYCURVE(#3913,(IFCLINEINDEX((1,2,3,4,5,6,1))),$);
#3913=IFCCARTESIANPOINTLIST2D(((0.,0.),(0.,0.040000000000000008),(0.11999999999999998,0.040000000000000008),(0.11999999999999998,0.020000000000000004),(0.020000000000000004,0.020000000000000004),(0.020000000000000004,0.)));
#3914=IFCAXIS2PLACEMENT3D(#3915,#3916,#3917);
#3915=IFCCARTESIANPOINT((0.10000000074505806,0.,1.015000000372529));
#3916=IFCDIRECTION((0.,0.,1.));
#3917=IFCDIRECTION((1.,0.,0.));
#3918=IFCDIRECTION((0.,0.,1.));
#3919=IFCSHAPEREPRESENTATION(#11,'Body','SweptSolid',(#3864,#3900,#3909,#3910,#3873,#3882,#3891));
#3920=IFCCARTESIANPOINTLIST2D(((0.,0.),(0.05000000074505806,0.),(0.05000000074505806,0.05000000074505806),(0.,0.05000000074505806)));
#3921=IFCINDEXEDPOLYCURVE(#3920,(IFCLINEINDEX((1,2,3,4,1))),$);
#3922=IFCINDEXEDPOLYCURVE(#3923,(IFCLINEINDEX((1,2,3,4,1))),$);
#3923=IFCCARTESIANPOINTLIST2D(((1.3185813426971436,0.),(1.2685813419520855,0.),(1.2685813419520855,0.05000000074505806),(1.3185813426971436,0.05000000074505806)));
#3924=IFCCARTESIANPOINTLIST2D(((1.8778720125555992,-0.035000000149011612),(0.65929067134857178,-0.035000000149011612),(0.65929067134857178,0.),(1.8778720125555992,0.)));
#3925=IFCINDEXEDPOLYCURVE(#3924,(IFCLINEINDEX((1,2,3,4,1))),$);
#3926=IFCSHAPEREPRESENTATION(#24,'Body','Curve2D',(#3921,#3922,#3925));
#3927=IFCCARTESIANPOINTLIST2D(((0.47650347016751765,-0.081587428267465345),(0.84207787252962596,-0.081587428267465345)));
#3928=IFCINDEXEDPOLYCURVE(#3927,$,$);
#3929=IFCCARTESIANPOINTLIST2D(((0.50650347016751762,-0.050529142855162856),(0.47650347016751765,-0.081587428267465345),(0.50650347016751762,-0.11264571367976783)));
#3930=IFCINDEXEDPOLYCURVE(#3929,$,$);
#3931=IFCSHAPEREPRESENTATION(#25,'Annotation','Curve2D',(#3928,#3930));
#3932=IFCCARTESIANPOINTLIST2D(((0.,0.),(1.3185813426971436,0.),(1.3185813426971436,2.),(0.,2.)));
#3933=IFCINDEXEDPOLYCURVE(#3932,(IFCLINEINDEX((1,2,3,4,1))),$);
#3934=IFCARBITRARYCLOSEDPROFILEDEF(.AREA.,$,#3933);
#3935=IFCCARTESIANPOINT((0.,-0.60000002384185791,0.));
#3936=IFCDIRECTION((0.,-1.,0.));
#3937=IFCDIRECTION((1.,0.,0.));
#3938=IFCAXIS2PLACEMENT3D(#3935,#3936,#3937);
#3939=IFCDIRECTION((0.,0.,-1.));
#3940=IFCEXTRUDEDAREASOLID(#3934,#3938,#3939,1.2);
#3941=IFCSHAPEREPRESENTATION(#11,'Body','SweptSolid',(#3940));
#3947=IFCCARTESIANPOINT((0.05178012907333529,0.074999829429001075,0.));
#3948=IFCDIRECTION((0.,0.,1.));
#3949=IFCDIRECTION((0.99999999999988631,-4.7683715820291007E-07,0.));
#3950=IFCAXIS2PLACEMENT3D(#3947,#3948,#3949);
#3951=IFCLOCALPLACEMENT(#1718,#3950);
#3952=IFCCARTESIANPOINT((-2.2204460492503131E-16,0.,0.));
#3953=IFCDIRECTION((0.,0.,1.));
#3954=IFCDIRECTION((1.,3.1763735522036263E-22,0.));
#3955=IFCAXIS2PLACEMENT3D(#3952,#3953,#3954);
#3956=IFCLOCALPLACEMENT(#3951,#3955);
#3957=IFCWINDOWTYPE('0_z6x$s$f50A2PyT1dpPF0',$,'Living-GF',$,$,(#3958),(#3967,#4015,#4037),$,$,.WINDOW.,.SINGLE_PANEL.,$,$);
#3958=IFCPROPERTYSET('3d$UvrziHD_f3UWMOYvnSe',$,'BBIM_Window',$,(#3959));
#3959=IFCPROPERTYSINGLEVALUE('Data',$,IFCTEXT('{"window_type": "SINGLE_PANEL", "overall_height": 0.8999999761581421, "overall_width": 0.7650333642959595, "lining_properties": {"lining_depth": 0.05000000074505806, "lining_thickness": 0.05000000074505806, "lining_offset": 0.05000000074505806, "lining_to_panel_offset_x": 0.02500000037252903, "lining_to_panel_offset_y": 0.02500000037252903}, "panel_properties": {"frame_depth": [0.03500000014901161, 0.03500000014901161, 0.03500000014901161], "frame_thickness": [0.03500000014901161, 0.03500000014901161, 0.03500000014901161]}}'),$);
#3963=IFCCARTESIANPOINT((0.,0.,0.));
#3964=IFCDIRECTION((1.,0.,0.));
#3965=IFCDIRECTION((0.,0.,1.));
#3966=IFCAXIS2PLACEMENT3D(#3963,#3965,#3964);
#3967=IFCREPRESENTATIONMAP(#3966,#4544);
#4011=IFCCARTESIANPOINT((0.,0.,0.));
#4012=IFCDIRECTION((1.,0.,0.));
#4013=IFCDIRECTION((0.,0.,1.));
#4014=IFCAXIS2PLACEMENT3D(#4011,#4013,#4012);
#4015=IFCREPRESENTATIONMAP(#4014,#4587);
#4033=IFCCARTESIANPOINT((0.,0.,0.));
#4034=IFCDIRECTION((1.,0.,0.));
#4035=IFCDIRECTION((0.,0.,1.));
#4036=IFCAXIS2PLACEMENT3D(#4033,#4035,#4034);
#4037=IFCREPRESENTATIONMAP(#4036,#4604);
#4038=IFCWINDOW('2L4$JSMDv2EPWhr9piwV__',$,'Window',$,$,#4629,#4048,$,0.89999997615814209,0.76503336429595947,$,.SINGLE_PANEL.,$);
#4040=IFCRELDEFINESBYTYPE('2csG0XdjT1aQegpYPG6Cy3',$,$,$,(#4038),#3957);
#4041=IFCCARTESIANPOINT((0.,0.,0.));
#4042=IFCDIRECTION((1.,0.,0.));
#4043=IFCDIRECTION((0.,1.,0.));
#4044=IFCDIRECTION((0.,0.,1.));
#4045=IFCCARTESIANTRANSFORMATIONOPERATOR3D(#4042,#4043,#4041,1.,#4044);
#4046=IFCMAPPEDITEM(#3967,#4045);
#4047=IFCSHAPEREPRESENTATION(#18,'Profile','MappedRepresentation',(#4046));
#4048=IFCPRODUCTDEFINITIONSHAPE($,$,(#4047,#4055,#4062));
#4049=IFCCARTESIANPOINT((0.,0.,0.));
#4050=IFCDIRECTION((1.,0.,0.));
#4051=IFCDIRECTION((0.,1.,0.));
#4052=IFCDIRECTION((0.,0.,1.));
#4053=IFCCARTESIANTRANSFORMATIONOPERATOR3D(#4050,#4051,#4049,1.,#4052);
#4054=IFCMAPPEDITEM(#4015,#4053);
#4055=IFCSHAPEREPRESENTATION(#11,'Body','MappedRepresentation',(#4054));
#4056=IFCCARTESIANPOINT((0.,0.,0.));
#4057=IFCDIRECTION((1.,0.,0.));
#4058=IFCDIRECTION((0.,1.,0.));
#4059=IFCDIRECTION((0.,0.,1.));
#4060=IFCCARTESIANTRANSFORMATIONOPERATOR3D(#4057,#4058,#4056,1.,#4059);
#4061=IFCMAPPEDITEM(#4037,#4060);
#4062=IFCSHAPEREPRESENTATION(#24,'Body','MappedRepresentation',(#4061));
#4063=IFCOPENINGELEMENT('2x2az3CwfDPgQIBHBZ_sUd',$,'Opening',$,$,#4624,#4091,$,.OPENING.);
#4079=IFCCARTESIANPOINT((0.,0.,0.));
#4080=IFCDIRECTION((1.,0.,0.));
#4081=IFCDIRECTION((0.,0.,1.));
#4082=IFCAXIS2PLACEMENT3D(#4079,#4081,#4080);
#4083=IFCREPRESENTATIONMAP(#4082,#4614);
#4084=IFCCARTESIANPOINT((0.,0.,0.));
#4085=IFCDIRECTION((1.,0.,0.));
#4086=IFCDIRECTION((0.,1.,0.));
#4087=IFCDIRECTION((0.,0.,1.));
#4088=IFCCARTESIANTRANSFORMATIONOPERATOR3D(#4085,#4086,#4084,1.,#4087);
#4089=IFCMAPPEDITEM(#4083,#4088);
#4090=IFCSHAPEREPRESENTATION(#11,'Body','MappedRepresentation',(#4089));
#4091=IFCPRODUCTDEFINITIONSHAPE($,$,(#4090));
#4092=IFCRELVOIDSELEMENT('3e1ey_4X11SPVScjec_kuQ',$,$,$,#87,#4063);
#4098=IFCRELFILLSELEMENT('1ykzuFmOX7RftsMj2V9_5I',$,$,$,#4063,#4038);
#4122=IFCCARTESIANPOINTLIST2D(((0.,0.),(0.60000002384185791,0.),(0.60000002384185791,0.89999997615814209),(0.,0.89999997615814209)));
#4123=IFCINDEXEDPOLYCURVE(#4122,(IFCLINEINDEX((1,2,3,4,1))),$);
#4124=IFCCARTESIANPOINTLIST2D(((0.02500000037252903,0.02500000037252903),(0.57500002346932888,0.02500000037252903),(0.57500002346932888,0.87499997578561306),(0.02500000037252903,0.87499997578561306)));
#4125=IFCINDEXEDPOLYCURVE(#4124,(IFCLINEINDEX((1,2,3,4,1))),$);
#4126=IFCARBITRARYPROFILEDEFWITHVOIDS(.AREA.,$,#4123,(#4125));
#4127=IFCCARTESIANPOINT((0.,0.090000001713633537,0.));
#4128=IFCDIRECTION((0.,-1.,0.));
#4129=IFCDIRECTION((1.,0.,0.));
#4130=IFCAXIS2PLACEMENT3D(#4127,#4128,#4129);
#4131=IFCDIRECTION((0.,0.,-1.));
#4132=IFCEXTRUDEDAREASOLID(#4126,#4130,#4131,0.0099999997764825821);
#4133=IFCCARTESIANPOINTLIST2D(((0.,0.),(0.60000002384185791,0.),(0.60000002384185791,0.89999997615814209),(0.,0.89999997615814209)));
#4134=IFCINDEXEDPOLYCURVE(#4133,(IFCLINEINDEX((1,2,3,4,1))),$);
#4135=IFCCARTESIANPOINTLIST2D(((0.05000000074505806,0.05000000074505806),(0.55000002309679985,0.05000000074505806),(0.55000002309679985,0.84999997541308403),(0.05000000074505806,0.84999997541308403)));
#4136=IFCINDEXEDPOLYCURVE(#4135,(IFCLINEINDEX((1,2,3,4,1))),$);
#4137=IFCARBITRARYPROFILEDEFWITHVOIDS(.AREA.,$,#4134,(#4136));
#4138=IFCCARTESIANPOINT((0.,0.05000000074505806,0.));
#4139=IFCDIRECTION((0.,-1.,0.));
#4140=IFCDIRECTION((1.,0.,0.));
#4141=IFCAXIS2PLACEMENT3D(#4138,#4139,#4140);
#4142=IFCDIRECTION((0.,0.,-1.));
#4143=IFCEXTRUDEDAREASOLID(#4137,#4141,#4142,0.040000000968575478);
#4144=IFCCARTESIANPOINTLIST2D(((0.,0.),(0.55000002309679985,0.),(0.55000002309679985,0.84999997541308403),(0.,0.84999997541308403)));
#4145=IFCINDEXEDPOLYCURVE(#4144,(IFCLINEINDEX((1,2,3,4,1))),$);
#4146=IFCCARTESIANPOINTLIST2D(((0.035000000149011612,0.035000000149011612),(0.51500002294778824,0.035000000149011612),(0.51500002294778824,0.81499997526407242),(0.035000000149011612,0.81499997526407242)));
#4147=IFCINDEXEDPOLYCURVE(#4146,(IFCLINEINDEX((1,2,3,4,1))),$);
#4148=IFCARBITRARYPROFILEDEFWITHVOIDS(.AREA.,$,#4145,(#4147));
#4149=IFCCARTESIANPOINT((0.02500000037252903,0.090000001713633537,0.02500000037252903));
#4150=IFCDIRECTION((0.,-1.,0.));
#4151=IFCDIRECTION((1.,0.,0.));
#4152=IFCAXIS2PLACEMENT3D(#4149,#4150,#4151);
#4153=IFCDIRECTION((0.,0.,-1.));
#4154=IFCEXTRUDEDAREASOLID(#4148,#4152,#4153,0.035000000149011612);
#4155=IFCINDEXEDPOLYCURVE(#4156,(IFCLINEINDEX((1,2,3,4,1))),$);
#4156=IFCCARTESIANPOINTLIST2D(((0.035000000149011612,0.035000000149011612),(0.51500002294778824,0.035000000149011612),(0.51500002294778824,0.81499997526407242),(0.035000000149011612,0.81499997526407242)));
#4157=IFCARBITRARYCLOSEDPROFILEDEF(.AREA.,$,#4155);
#4158=IFCCARTESIANPOINT((0.02500000037252903,0.10250000178813934,0.02500000037252903));
#4159=IFCDIRECTION((0.,-1.,0.));
#4160=IFCDIRECTION((1.,0.,0.));
#4161=IFCAXIS2PLACEMENT3D(#4158,#4159,#4160);
#4162=IFCDIRECTION((0.,0.,-1.));
#4163=IFCEXTRUDEDAREASOLID(#4157,#4161,#4162,0.01);
#4165=IFCSHAPEREPRESENTATION(#11,'Body','SweptSolid',(#4433,#4132,#4246,#4143,#4334,#4422,#4555,#4566,#4345,#4257));
#4166=IFCSHAPEASPECT((#4165),'Lining',$,.T.,#4048);
#4167=IFCSHAPEREPRESENTATION(#11,'Body','SweptSolid',(#4577,#4268,#4444,#4154,#4356));
#4168=IFCSHAPEASPECT((#4167),'Framing',$,.T.,#4048);
#4169=IFCSHAPEREPRESENTATION(#11,'Body','SweptSolid',(#4365,#4453,#4277,#4163,#4586));
#4170=IFCSHAPEASPECT((#4169),'Glazing',$,.T.,#4048);
#4213=IFCCARTESIANPOINT((0.71437213136770161,0.084999904772288248,0.));
#4214=IFCDIRECTION((0.,0.,1.));
#4215=IFCDIRECTION((-0.99999999999999944,-3.1786498766447871E-08,0.));
#4216=IFCAXIS2PLACEMENT3D(#4213,#4214,#4215);
#4217=IFCLOCALPLACEMENT(#3353,#4216);
#4236=IFCCARTESIANPOINTLIST2D(((0.,0.),(0.67206275463104248,0.),(0.67206275463104248,0.89999997615814209),(0.,0.89999997615814209)));
#4237=IFCINDEXEDPOLYCURVE(#4236,(IFCLINEINDEX((1,2,3,4,1))),$);
#4238=IFCCARTESIANPOINTLIST2D(((0.02500000037252903,0.02500000037252903),(0.64706275425851345,0.02500000037252903),(0.64706275425851345,0.87499997578561306),(0.02500000037252903,0.87499997578561306)));
#4239=IFCINDEXEDPOLYCURVE(#4238,(IFCLINEINDEX((1,2,3,4,1))),$);
#4240=IFCARBITRARYPROFILEDEFWITHVOIDS(.AREA.,$,#4237,(#4239));
#4241=IFCCARTESIANPOINT((0.,0.090000001713633537,0.));
#4242=IFCDIRECTION((0.,-1.,0.));
#4243=IFCDIRECTION((1.,0.,0.));
#4244=IFCAXIS2PLACEMENT3D(#4241,#4242,#4243);
#4245=IFCDIRECTION((0.,0.,-1.));
#4246=IFCEXTRUDEDAREASOLID(#4240,#4244,#4245,0.0099999997764825821);
#4247=IFCCARTESIANPOINTLIST2D(((0.,0.),(0.67206275463104248,0.),(0.67206275463104248,0.89999997615814209),(0.,0.89999997615814209)));
#4248=IFCINDEXEDPOLYCURVE(#4247,(IFCLINEINDEX((1,2,3,4,1))),$);
#4249=IFCCARTESIANPOINTLIST2D(((0.05000000074505806,0.05000000074505806),(0.62206275388598442,0.05000000074505806),(0.62206275388598442,0.84999997541308403),(0.05000000074505806,0.84999997541308403)));
#4250=IFCINDEXEDPOLYCURVE(#4249,(IFCLINEINDEX((1,2,3,4,1))),$);
#4251=IFCARBITRARYPROFILEDEFWITHVOIDS(.AREA.,$,#4248,(#4250));
#4252=IFCCARTESIANPOINT((0.,0.05000000074505806,0.));
#4253=IFCDIRECTION((0.,-1.,0.));
#4254=IFCDIRECTION((1.,0.,0.));
#4255=IFCAXIS2PLACEMENT3D(#4252,#4253,#4254);
#4256=IFCDIRECTION((0.,0.,-1.));
#4257=IFCEXTRUDEDAREASOLID(#4251,#4255,#4256,0.040000000968575478);
#4258=IFCCARTESIANPOINTLIST2D(((0.,0.),(0.62206275388598442,0.),(0.62206275388598442,0.84999997541308403),(0.,0.84999997541308403)));
#4259=IFCINDEXEDPOLYCURVE(#4258,(IFCLINEINDEX((1,2,3,4,1))),$);
#4260=IFCCARTESIANPOINTLIST2D(((0.035000000149011612,0.035000000149011612),(0.58706275373697281,0.035000000149011612),(0.58706275373697281,0.81499997526407242),(0.035000000149011612,0.81499997526407242)));
#4261=IFCINDEXEDPOLYCURVE(#4260,(IFCLINEINDEX((1,2,3,4,1))),$);
#4262=IFCARBITRARYPROFILEDEFWITHVOIDS(.AREA.,$,#4259,(#4261));
#4263=IFCCARTESIANPOINT((0.02500000037252903,0.090000001713633537,0.02500000037252903));
#4264=IFCDIRECTION((0.,-1.,0.));
#4265=IFCDIRECTION((1.,0.,0.));
#4266=IFCAXIS2PLACEMENT3D(#4263,#4264,#4265);
#4267=IFCDIRECTION((0.,0.,-1.));
#4268=IFCEXTRUDEDAREASOLID(#4262,#4266,#4267,0.035000000149011612);
#4269=IFCINDEXEDPOLYCURVE(#4270,(IFCLINEINDEX((1,2,3,4,1))),$);
#4270=IFCCARTESIANPOINTLIST2D(((0.035000000149011612,0.035000000149011612),(0.58706275373697281,0.035000000149011612),(0.58706275373697281,0.81499997526407242),(0.035000000149011612,0.81499997526407242)));
#4271=IFCARBITRARYCLOSEDPROFILEDEF(.AREA.,$,#4269);
#4272=IFCCARTESIANPOINT((0.02500000037252903,0.10250000178813934,0.02500000037252903));
#4273=IFCDIRECTION((0.,-1.,0.));
#4274=IFCDIRECTION((1.,0.,0.));
#4275=IFCAXIS2PLACEMENT3D(#4272,#4273,#4274);
#4276=IFCDIRECTION((0.,0.,-1.));
#4277=IFCEXTRUDEDAREASOLID(#4271,#4275,#4276,0.01);
#4324=IFCCARTESIANPOINTLIST2D(((0.,0.),(0.71253407001495361,0.),(0.71253407001495361,0.89999997615814209),(0.,0.89999997615814209)));
#4325=IFCINDEXEDPOLYCURVE(#4324,(IFCLINEINDEX((1,2,3,4,1))),$);
#4326=IFCCARTESIANPOINTLIST2D(((0.02500000037252903,0.02500000037252903),(0.68753406964242458,0.02500000037252903),(0.68753406964242458,0.87499997578561306),(0.02500000037252903,0.87499997578561306)));
#4327=IFCINDEXEDPOLYCURVE(#4326,(IFCLINEINDEX((1,2,3,4,1))),$);
#4328=IFCARBITRARYPROFILEDEFWITHVOIDS(.AREA.,$,#4325,(#4327));
#4329=IFCCARTESIANPOINT((0.,0.090000001713633537,0.));
#4330=IFCDIRECTION((0.,-1.,0.));
#4331=IFCDIRECTION((1.,0.,0.));
#4332=IFCAXIS2PLACEMENT3D(#4329,#4330,#4331);
#4333=IFCDIRECTION((0.,0.,-1.));
#4334=IFCEXTRUDEDAREASOLID(#4328,#4332,#4333,0.0099999997764825821);
#4335=IFCCARTESIANPOINTLIST2D(((0.,0.),(0.71253407001495361,0.),(0.71253407001495361,0.89999997615814209),(0.,0.89999997615814209)));
#4336=IFCINDEXEDPOLYCURVE(#4335,(IFCLINEINDEX((1,2,3,4,1))),$);
#4337=IFCCARTESIANPOINTLIST2D(((0.05000000074505806,0.05000000074505806),(0.66253406926989555,0.05000000074505806),(0.66253406926989555,0.84999997541308403),(0.05000000074505806,0.84999997541308403)));
#4338=IFCINDEXEDPOLYCURVE(#4337,(IFCLINEINDEX((1,2,3,4,1))),$);
#4339=IFCARBITRARYPROFILEDEFWITHVOIDS(.AREA.,$,#4336,(#4338));
#4340=IFCCARTESIANPOINT((0.,0.05000000074505806,0.));
#4341=IFCDIRECTION((0.,-1.,0.));
#4342=IFCDIRECTION((1.,0.,0.));
#4343=IFCAXIS2PLACEMENT3D(#4340,#4341,#4342);
#4344=IFCDIRECTION((0.,0.,-1.));
#4345=IFCEXTRUDEDAREASOLID(#4339,#4343,#4344,0.040000000968575478);
#4346=IFCCARTESIANPOINTLIST2D(((0.,0.),(0.66253406926989555,0.),(0.66253406926989555,0.84999997541308403),(0.,0.84999997541308403)));
#4347=IFCINDEXEDPOLYCURVE(#4346,(IFCLINEINDEX((1,2,3,4,1))),$);
#4348=IFCCARTESIANPOINTLIST2D(((0.035000000149011612,0.035000000149011612),(0.62753406912088394,0.035000000149011612),(0.62753406912088394,0.81499997526407242),(0.035000000149011612,0.81499997526407242)));
#4349=IFCINDEXEDPOLYCURVE(#4348,(IFCLINEINDEX((1,2,3,4,1))),$);
#4350=IFCARBITRARYPROFILEDEFWITHVOIDS(.AREA.,$,#4347,(#4349));
#4351=IFCCARTESIANPOINT((0.02500000037252903,0.090000001713633537,0.02500000037252903));
#4352=IFCDIRECTION((0.,-1.,0.));
#4353=IFCDIRECTION((1.,0.,0.));
#4354=IFCAXIS2PLACEMENT3D(#4351,#4352,#4353);
#4355=IFCDIRECTION((0.,0.,-1.));
#4356=IFCEXTRUDEDAREASOLID(#4350,#4354,#4355,0.035000000149011612);
#4357=IFCINDEXEDPOLYCURVE(#4358,(IFCLINEINDEX((1,2,3,4,1))),$);
#4358=IFCCARTESIANPOINTLIST2D(((0.035000000149011612,0.035000000149011612),(0.62753406912088394,0.035000000149011612),(0.62753406912088394,0.81499997526407242),(0.035000000149011612,0.81499997526407242)));
#4359=IFCARBITRARYCLOSEDPROFILEDEF(.AREA.,$,#4357);
#4360=IFCCARTESIANPOINT((0.02500000037252903,0.10250000178813934,0.02500000037252903));
#4361=IFCDIRECTION((0.,-1.,0.));
#4362=IFCDIRECTION((1.,0.,0.));
#4363=IFCAXIS2PLACEMENT3D(#4360,#4361,#4362);
#4364=IFCDIRECTION((0.,0.,-1.));
#4365=IFCEXTRUDEDAREASOLID(#4359,#4363,#4364,0.01);
#4412=IFCCARTESIANPOINTLIST2D(((0.,0.),(0.76503336429595947,0.),(0.76503336429595947,0.89999997615814209),(0.,0.89999997615814209)));
#4413=IFCINDEXEDPOLYCURVE(#4412,(IFCLINEINDEX((1,2,3,4,1))),$);
#4414=IFCCARTESIANPOINTLIST2D(((0.02500000037252903,0.02500000037252903),(0.74003336392343044,0.02500000037252903),(0.74003336392343044,0.87499997578561306),(0.02500000037252903,0.87499997578561306)));
#4415=IFCINDEXEDPOLYCURVE(#4414,(IFCLINEINDEX((1,2,3,4,1))),$);
#4416=IFCARBITRARYPROFILEDEFWITHVOIDS(.AREA.,$,#4413,(#4415));
#4417=IFCCARTESIANPOINT((0.,0.090000001713633537,0.));
#4418=IFCDIRECTION((0.,-1.,0.));
#4419=IFCDIRECTION((1.,0.,0.));
#4420=IFCAXIS2PLACEMENT3D(#4417,#4418,#4419);
#4421=IFCDIRECTION((0.,0.,-1.));
#4422=IFCEXTRUDEDAREASOLID(#4416,#4420,#4421,0.0099999997764825821);
#4423=IFCCARTESIANPOINTLIST2D(((0.,0.),(0.76503336429595947,0.),(0.76503336429595947,0.89999997615814209),(0.,0.89999997615814209)));
#4424=IFCINDEXEDPOLYCURVE(#4423,(IFCLINEINDEX((1,2,3,4,1))),$);
#4425=IFCCARTESIANPOINTLIST2D(((0.05000000074505806,0.05000000074505806),(0.71503336355090141,0.05000000074505806),(0.71503336355090141,0.84999997541308403),(0.05000000074505806,0.84999997541308403)));
#4426=IFCINDEXEDPOLYCURVE(#4425,(IFCLINEINDEX((1,2,3,4,1))),$);
#4427=IFCARBITRARYPROFILEDEFWITHVOIDS(.AREA.,$,#4424,(#4426));
#4428=IFCCARTESIANPOINT((0.,0.05000000074505806,0.));
#4429=IFCDIRECTION((0.,-1.,0.));
#4430=IFCDIRECTION((1.,0.,0.));
#4431=IFCAXIS2PLACEMENT3D(#4428,#4429,#4430);
#4432=IFCDIRECTION((0.,0.,-1.));
#4433=IFCEXTRUDEDAREASOLID(#4427,#4431,#4432,0.040000000968575478);
#4434=IFCCARTESIANPOINTLIST2D(((0.,0.),(0.71503336355090141,0.),(0.71503336355090141,0.84999997541308403),(0.,0.84999997541308403)));
#4435=IFCINDEXEDPOLYCURVE(#4434,(IFCLINEINDEX((1,2,3,4,1))),$);
#4436=IFCCARTESIANPOINTLIST2D(((0.035000000149011612,0.035000000149011612),(0.6800333634018898,0.035000000149011612),(0.6800333634018898,0.81499997526407242),(0.035000000149011612,0.81499997526407242)));
#4437=IFCINDEXEDPOLYCURVE(#4436,(IFCLINEINDEX((1,2,3,4,1))),$);
#4438=IFCARBITRARYPROFILEDEFWITHVOIDS(.AREA.,$,#4435,(#4437));
#4439=IFCCARTESIANPOINT((0.02500000037252903,0.090000001713633537,0.02500000037252903));
#4440=IFCDIRECTION((0.,-1.,0.));
#4441=IFCDIRECTION((1.,0.,0.));
#4442=IFCAXIS2PLACEMENT3D(#4439,#4440,#4441);
#4443=IFCDIRECTION((0.,0.,-1.));
#4444=IFCEXTRUDEDAREASOLID(#4438,#4442,#4443,0.035000000149011612);
#4445=IFCINDEXEDPOLYCURVE(#4446,(IFCLINEINDEX((1,2,3,4,1))),$);
#4446=IFCCARTESIANPOINTLIST2D(((0.035000000149011612,0.035000000149011612),(0.6800333634018898,0.035000000149011612),(0.6800333634018898,0.81499997526407242),(0.035000000149011612,0.81499997526407242)));
#4447=IFCARBITRARYCLOSEDPROFILEDEF(.AREA.,$,#4445);
#4448=IFCCARTESIANPOINT((0.02500000037252903,0.10250000178813934,0.02500000037252903));
#4449=IFCDIRECTION((0.,-1.,0.));
#4450=IFCDIRECTION((1.,0.,0.));
#4451=IFCAXIS2PLACEMENT3D(#4448,#4449,#4450);
#4452=IFCDIRECTION((0.,0.,-1.));
#4453=IFCEXTRUDEDAREASOLID(#4447,#4451,#4452,0.01);
#4542=IFCCARTESIANPOINTLIST3D(((0.,0.,0.),(0.76503336429595947,0.,0.),(0.76503336429595947,0.,0.89999997615814209),(0.,0.,0.89999997615814209)));
#4543=IFCINDEXEDPOLYCURVE(#4542,(IFCLINEINDEX((1,2,3,4,1))),$);
#4544=IFCSHAPEREPRESENTATION(#18,'Profile','Curve3D',(#4543));
#4545=IFCCARTESIANPOINTLIST2D(((0.,0.),(0.76503336429595947,0.),(0.76503336429595947,0.89999997615814209),(0.,0.89999997615814209)));
#4546=IFCINDEXEDPOLYCURVE(#4545,(IFCLINEINDEX((1,2,3,4,1))),$);
#4547=IFCCARTESIANPOINTLIST2D(((0.02500000037252903,0.02500000037252903),(0.74003336392343044,0.02500000037252903),(0.74003336392343044,0.87499997578561306),(0.02500000037252903,0.87499997578561306)));
#4548=IFCINDEXEDPOLYCURVE(#4547,(IFCLINEINDEX((1,2,3,4,1))),$);
#4549=IFCARBITRARYPROFILEDEFWITHVOIDS(.AREA.,$,#4546,(#4548));
#4550=IFCCARTESIANPOINT((0.,0.090000001713633537,0.));
#4551=IFCDIRECTION((0.,-1.,0.));
#4552=IFCDIRECTION((1.,0.,0.));
#4553=IFCAXIS2PLACEMENT3D(#4550,#4551,#4552);
#4554=IFCDIRECTION((0.,0.,-1.));
#4555=IFCEXTRUDEDAREASOLID(#4549,#4553,#4554,0.0099999997764825821);
#4556=IFCCARTESIANPOINTLIST2D(((0.,0.),(0.76503336429595947,0.),(0.76503336429595947,0.89999997615814209),(0.,0.89999997615814209)));
#4557=IFCINDEXEDPOLYCURVE(#4556,(IFCLINEINDEX((1,2,3,4,1))),$);
#4558=IFCCARTESIANPOINTLIST2D(((0.05000000074505806,0.05000000074505806),(0.71503336355090141,0.05000000074505806),(0.71503336355090141,0.84999997541308403),(0.05000000074505806,0.84999997541308403)));
#4559=IFCINDEXEDPOLYCURVE(#4558,(IFCLINEINDEX((1,2,3,4,1))),$);
#4560=IFCARBITRARYPROFILEDEFWITHVOIDS(.AREA.,$,#4557,(#4559));
#4561=IFCCARTESIANPOINT((0.,0.05000000074505806,0.));
#4562=IFCDIRECTION((0.,-1.,0.));
#4563=IFCDIRECTION((1.,0.,0.));
#4564=IFCAXIS2PLACEMENT3D(#4561,#4562,#4563);
#4565=IFCDIRECTION((0.,0.,-1.));
#4566=IFCEXTRUDEDAREASOLID(#4560,#4564,#4565,0.040000000968575478);
#4567=IFCCARTESIANPOINTLIST2D(((0.,0.),(0.71503336355090141,0.),(0.71503336355090141,0.84999997541308403),(0.,0.84999997541308403)));
#4568=IFCINDEXEDPOLYCURVE(#4567,(IFCLINEINDEX((1,2,3,4,1))),$);
#4569=IFCCARTESIANPOINTLIST2D(((0.035000000149011612,0.035000000149011612),(0.6800333634018898,0.035000000149011612),(0.6800333634018898,0.81499997526407242),(0.035000000149011612,0.81499997526407242)));
#4570=IFCINDEXEDPOLYCURVE(#4569,(IFCLINEINDEX((1,2,3,4,1))),$);
#4571=IFCARBITRARYPROFILEDEFWITHVOIDS(.AREA.,$,#4568,(#4570));
#4572=IFCCARTESIANPOINT((0.02500000037252903,0.090000001713633537,0.02500000037252903));
#4573=IFCDIRECTION((0.,-1.,0.));
#4574=IFCDIRECTION((1.,0.,0.));
#4575=IFCAXIS2PLACEMENT3D(#4572,#4573,#4574);
#4576=IFCDIRECTION((0.,0.,-1.));
#4577=IFCEXTRUDEDAREASOLID(#4571,#4575,#4576,0.035000000149011612);
#4578=IFCINDEXEDPOLYCURVE(#4579,(IFCLINEINDEX((1,2,3,4,1))),$);
#4579=IFCCARTESIANPOINTLIST2D(((0.035000000149011612,0.035000000149011612),(0.6800333634018898,0.035000000149011612),(0.6800333634018898,0.81499997526407242),(0.035000000149011612,0.81499997526407242)));
#4580=IFCARBITRARYCLOSEDPROFILEDEF(.AREA.,$,#4578);
#4581=IFCCARTESIANPOINT((0.02500000037252903,0.10250000178813934,0.02500000037252903));
#4582=IFCDIRECTION((0.,-1.,0.));
#4583=IFCDIRECTION((1.,0.,0.));
#4584=IFCAXIS2PLACEMENT3D(#4581,#4582,#4583);
#4585=IFCDIRECTION((0.,0.,-1.));
#4586=IFCEXTRUDEDAREASOLID(#4580,#4584,#4585,0.01);
#4587=IFCSHAPEREPRESENTATION(#11,'Body','SweptSolid',(#4555,#4566,#4577,#4586));
#4588=IFCCARTESIANPOINTLIST2D(((0.05000000074505806,0.05000000074505806),(0.71503336355090141,0.05000000074505806)));
#4589=IFCINDEXEDPOLYCURVE(#4588,$,$);
#4590=IFCCARTESIANPOINTLIST2D(((0.,0.10000000149011612),(0.02500000037252903,0.10000000149011612),(0.02500000037252903,0.090000001713633537),(0.05000000074505806,0.090000001713633537),(0.05000000074505806,0.05000000074505806),(0.,0.05000000074505806)));
#4591=IFCINDEXEDPOLYCURVE(#4590,(IFCLINEINDEX((1,2,3,4,5,6,1))),$);
#4592=IFCCARTESIANPOINTLIST2D(((0.76503336429595947,0.10000000149011612),(0.74003336392343044,0.10000000149011612),(0.74003336392343044,0.090000001713633537),(0.71503336355090141,0.090000001713633537),(0.71503336355090141,0.05000000074505806),(0.76503336429595947,0.05000000074505806)));
#4593=IFCINDEXEDPOLYCURVE(#4592,(IFCLINEINDEX((1,2,3,4,5,6,1))),$);
#4594=IFCCARTESIANPOINTLIST2D(((0.02500000037252903,0.090000001713633537),(0.060000000521540642,0.090000001713633537),(0.060000000521540642,0.12500000186264515),(0.02500000037252903,0.12500000186264515)));
#4595=IFCINDEXEDPOLYCURVE(#4594,(IFCLINEINDEX((1,2,3,4,1))),$);
#4596=IFCINDEXEDPOLYCURVE(#4597,(IFCLINEINDEX((1,2,3,4,1))),$);
#4597=IFCCARTESIANPOINTLIST2D(((0.74003336392343044,0.090000001713633537),(0.70503336377441883,0.090000001713633537),(0.70503336377441883,0.12500000186264515),(0.74003336392343044,0.12500000186264515)));
#4598=IFCCARTESIANPOINTLIST2D(((0.060000000521540642,0.090000001713633537),(0.70503336377441883,0.090000001713633537)));
#4599=IFCINDEXEDPOLYCURVE(#4598,$,$);
#4600=IFCINDEXEDPOLYCURVE(#4601,$,$);
#4601=IFCCARTESIANPOINTLIST2D(((0.060000000521540642,0.12500000186264515),(0.70503336377441883,0.12500000186264515)));
#4602=IFCINDEXEDPOLYCURVE(#4603,$,$);
#4603=IFCCARTESIANPOINTLIST2D(((0.060000000521540642,0.10750000178813934),(0.70503336377441883,0.10750000178813934)));
#4604=IFCSHAPEREPRESENTATION(#24,'Body','Curve2D',(#4589,#4591,#4593,#4595,#4596,#4599,#4600,#4602));
#4605=IFCCARTESIANPOINTLIST2D(((0.,0.),(0.76503336429595947,0.),(0.76503336429595947,0.89999997615814209),(0.,0.89999997615814209)));
#4606=IFCINDEXEDPOLYCURVE(#4605,(IFCLINEINDEX((1,2,3,4,1))),$);
#4607=IFCARBITRARYCLOSEDPROFILEDEF(.AREA.,$,#4606);
#4608=IFCCARTESIANPOINT((0.,-0.60000002384185791,0.));
#4609=IFCDIRECTION((0.,-1.,0.));
#4610=IFCDIRECTION((1.,0.,0.));
#4611=IFCAXIS2PLACEMENT3D(#4608,#4609,#4610);
#4612=IFCDIRECTION((0.,0.,-1.));
#4613=IFCEXTRUDEDAREASOLID(#4607,#4611,#4612,1.2);
#4614=IFCSHAPEREPRESENTATION(#11,'Body','SweptSolid',(#4613));
#4620=IFCCARTESIANPOINT((1.7466716667049369,1.9073486328125E-06,1.));
#4621=IFCDIRECTION((0.,0.,1.));
#4622=IFCDIRECTION((0.9999999999997442,-7.1525573730450454E-07,0.));
#4623=IFCAXIS2PLACEMENT3D(#4620,#4621,#4622);
#4624=IFCLOCALPLACEMENT(#1750,#4623);
#4625=IFCCARTESIANPOINT((0.,0.,0.));
#4626=IFCDIRECTION((0.,0.,1.));
#4627=IFCDIRECTION((1.,0.,0.));
#4628=IFCAXIS2PLACEMENT3D(#4625,#4626,#4627);
#4629=IFCLOCALPLACEMENT(#4624,#4628);
#4630=IFCWINDOWTYPE('3vQ84VotH5ExCa7KTIA_r4',$,'Guest-1-GF',$,$,(#4631),(#4633,#4641,#4689),$,$,.WINDOW.,.SINGLE_PANEL.,$,$);
#4631=IFCPROPERTYSET('0di3o3tmD2UgRVo4wuS9Jb',$,'BBIM_Window',$,(#4632));
#4632=IFCPROPERTYSINGLEVALUE('Data',$,IFCTEXT('{"window_type": "DOUBLE_PANEL_VERTICAL", "overall_height": 0.8999999761581421, "overall_width": 1.1742353439331055, "lining_properties": {"lining_depth": 0.05000000074505806, "lining_thickness": 0.05000000074505806, "lining_offset": 0.05000000074505806, "lining_to_panel_offset_x": 0.02500000037252903, "lining_to_panel_offset_y": 0.02500000037252903, "mullion_thickness": 0.02354031801223755, "first_mullion_offset": 0.5998771786689758}, "panel_properties": {"frame_depth": [0.03500000014901161, 0.03500001132488251, 0.03500000014901161], "frame_thickness": [0.03500000014901161, 0.008077416568994522, 0.03500000014901161]}}'),$);
#4633=IFCREPRESENTATIONMAP(#4634,#5233);
#4634=IFCAXIS2PLACEMENT3D(#4635,#4636,#4637);
#4635=IFCCARTESIANPOINT((0.,0.,0.));
#4636=IFCDIRECTION((0.,0.,1.));
#4637=IFCDIRECTION((1.,0.,0.));
#4641=IFCREPRESENTATIONMAP(#4642,#5318);
#4642=IFCAXIS2PLACEMENT3D(#4643,#4644,#4645);
#4643=IFCCARTESIANPOINT((0.,0.,0.));
#4644=IFCDIRECTION((0.,0.,1.));
#4645=IFCDIRECTION((1.,0.,0.));
#4689=IFCREPRESENTATIONMAP(#4690,#5351);
#4690=IFCAXIS2PLACEMENT3D(#4691,#4692,#4693);
#4691=IFCCARTESIANPOINT((0.,0.,0.));
#4692=IFCDIRECTION((0.,0.,1.));
#4693=IFCDIRECTION((1.,0.,0.));
#4711=IFCWINDOWTYPE('2rYaYwTg19u9hCZ0x5eHQQ',$,'Guest-2-GF',$,$,(#4712),(#4714,#4722,#4770),$,$,.WINDOW.,.SINGLE_PANEL.,$,$);
#4712=IFCPROPERTYSET('1jjYSHonzDofVFa4h5iN$d',$,'BBIM_Window',$,(#4713));
#4713=IFCPROPERTYSINGLEVALUE('Data',$,IFCTEXT('{"window_type": "SINGLE_PANEL", "overall_height": 0.8999999761581421, "overall_width": 0.8000890016555786, "lining_properties": {"lining_depth": 0.05000000074505806, "lining_thickness": 0.05000000074505806, "lining_offset": 0.05000000074505806, "lining_to_panel_offset_x": 0.02500000037252903, "lining_to_panel_offset_y": 0.02500000037252903}, "panel_properties": {"frame_depth": [0.03500000014901161, 0.03500000014901161, 0.03500000014901161], "frame_thickness": [0.03500000014901161, 0.03500000014901161, 0.03500000014901161]}}'),$);
#4714=IFCREPRESENTATIONMAP(#4715,#5526);
#4715=IFCAXIS2PLACEMENT3D(#4716,#4717,#4718);
#4716=IFCCARTESIANPOINT((0.,0.,0.));
#4717=IFCDIRECTION((0.,0.,1.));
#4718=IFCDIRECTION((1.,0.,0.));
#4722=IFCREPRESENTATIONMAP(#4723,#5569);
#4723=IFCAXIS2PLACEMENT3D(#4724,#4725,#4726);
#4724=IFCCARTESIANPOINT((0.,0.,0.));
#4725=IFCDIRECTION((0.,0.,1.));
#4726=IFCDIRECTION((1.,0.,0.));
#4770=IFCREPRESENTATIONMAP(#4771,#5592);
#4771=IFCAXIS2PLACEMENT3D(#4772,#4773,#4774);
#4772=IFCCARTESIANPOINT((0.,0.,0.));
#4773=IFCDIRECTION((0.,0.,1.));
#4774=IFCDIRECTION((1.,0.,0.));
#4792=IFCWINDOW('1tuUTisln4Lxebt16Bc0Gr',$,'Window',$,$,#5376,#4802,$,0.89999997615814209,1.1742353439331055,$,.DOUBLE_PANEL_VERTICAL.,$);
#4794=IFCRELDEFINESBYTYPE('3HV3QSxG9BeBmXiRSe2cDD',$,$,$,(#4792),#4630);
#4795=IFCCARTESIANPOINT((0.,0.,0.));
#4796=IFCDIRECTION((1.,0.,0.));
#4797=IFCDIRECTION((0.,1.,0.));
#4798=IFCDIRECTION((0.,0.,1.));
#4799=IFCCARTESIANTRANSFORMATIONOPERATOR3D(#4796,#4797,#4795,1.,#4798);
#4800=IFCMAPPEDITEM(#4633,#4799);
#4801=IFCSHAPEREPRESENTATION(#18,'Profile','MappedRepresentation',(#4800));
#4802=IFCPRODUCTDEFINITIONSHAPE($,$,(#4801,#4809,#4816));
#4803=IFCCARTESIANPOINT((0.,0.,0.));
#4804=IFCDIRECTION((1.,0.,0.));
#4805=IFCDIRECTION((0.,1.,0.));
#4806=IFCDIRECTION((0.,0.,1.));
#4807=IFCCARTESIANTRANSFORMATIONOPERATOR3D(#4804,#4805,#4803,1.,#4806);
#4808=IFCMAPPEDITEM(#4641,#4807);
#4809=IFCSHAPEREPRESENTATION(#11,'Body','MappedRepresentation',(#4808));
#4810=IFCCARTESIANPOINT((0.,0.,0.));
#4811=IFCDIRECTION((1.,0.,0.));
#4812=IFCDIRECTION((0.,1.,0.));
#4813=IFCDIRECTION((0.,0.,1.));
#4814=IFCCARTESIANTRANSFORMATIONOPERATOR3D(#4811,#4812,#4810,1.,#4813);
#4815=IFCMAPPEDITEM(#4689,#4814);
#4816=IFCSHAPEREPRESENTATION(#24,'Body','MappedRepresentation',(#4815));
#4817=IFCOPENINGELEMENT('35k95NDEv7kvZyOAT66etI',$,'Opening',$,$,#5371,#4845,$,.OPENING.);
#4833=IFCCARTESIANPOINT((0.,0.,0.));
#4834=IFCDIRECTION((1.,0.,0.));
#4835=IFCDIRECTION((0.,0.,1.));
#4836=IFCAXIS2PLACEMENT3D(#4833,#4835,#4834);
#4837=IFCREPRESENTATIONMAP(#4836,#5361);
#4838=IFCCARTESIANPOINT((0.,0.,0.));
#4839=IFCDIRECTION((1.,0.,0.));
#4840=IFCDIRECTION((0.,1.,0.));
#4841=IFCDIRECTION((0.,0.,1.));
#4842=IFCCARTESIANTRANSFORMATIONOPERATOR3D(#4839,#4840,#4838,1.,#4841);
#4843=IFCMAPPEDITEM(#4837,#4842);
#4844=IFCSHAPEREPRESENTATION(#11,'Body','MappedRepresentation',(#4843));
#4845=IFCPRODUCTDEFINITIONSHAPE($,$,(#4844));
#4846=IFCRELVOIDSELEMENT('0V$K5HLzX5XQfVGx$DXSNP',$,$,$,#278,#4817);
#4852=IFCRELFILLSELEMENT('3wgfUp$5P4mejazMANTPa9',$,$,$,#4817,#4792);
#4861=IFCCARTESIANPOINTLIST2D(((0.,0.),(1.1015441417694092,0.),(1.1015441417694092,0.89999997615814209),(0.,0.89999997615814209)));
#4862=IFCINDEXEDPOLYCURVE(#4861,(IFCLINEINDEX((1,2,3,4,1))),$);
#4863=IFCCARTESIANPOINTLIST2D(((0.02500000037252903,0.02500000037252903),(1.0765441413968801,0.02500000037252903),(1.0765441413968801,0.87499997578561306),(0.02500000037252903,0.87499997578561306)));
#4864=IFCINDEXEDPOLYCURVE(#4863,(IFCLINEINDEX((1,2,3,4,1))),$);
#4865=IFCARBITRARYPROFILEDEFWITHVOIDS(.AREA.,$,#4862,(#4864));
#4866=IFCCARTESIANPOINT((0.,0.090000001713633537,0.));
#4867=IFCDIRECTION((0.,-1.,0.));
#4868=IFCDIRECTION((1.,0.,0.));
#4869=IFCAXIS2PLACEMENT3D(#4866,#4867,#4868);
#4870=IFCDIRECTION((0.,0.,-1.));
#4871=IFCEXTRUDEDAREASOLID(#4865,#4869,#4870,0.0099999997764825821);
#4872=IFCCARTESIANPOINTLIST2D(((0.,0.),(1.1015441417694092,0.),(1.1015441417694092,0.89999997615814209),(0.,0.89999997615814209)));
#4873=IFCINDEXEDPOLYCURVE(#4872,(IFCLINEINDEX((1,2,3,4,1))),$);
#4874=IFCCARTESIANPOINTLIST2D(((0.05000000074505806,0.05000000074505806),(1.0515441410243511,0.05000000074505806),(1.0515441410243511,0.84999997541308403),(0.05000000074505806,0.84999997541308403)));
#4875=IFCINDEXEDPOLYCURVE(#4874,(IFCLINEINDEX((1,2,3,4,1))),$);
#4876=IFCARBITRARYPROFILEDEFWITHVOIDS(.AREA.,$,#4873,(#4875));
#4877=IFCCARTESIANPOINT((0.,0.05000000074505806,0.));
#4878=IFCDIRECTION((0.,-1.,0.));
#4879=IFCDIRECTION((1.,0.,0.));
#4880=IFCAXIS2PLACEMENT3D(#4877,#4878,#4879);
#4881=IFCDIRECTION((0.,0.,-1.));
#4882=IFCEXTRUDEDAREASOLID(#4876,#4880,#4881,0.040000000968575478);
#4883=IFCCARTESIANPOINTLIST2D(((0.,0.),(1.0515441410243511,0.),(1.0515441410243511,0.84999997541308403),(0.,0.84999997541308403)));
#4884=IFCINDEXEDPOLYCURVE(#4883,(IFCLINEINDEX((1,2,3,4,1))),$);
#4885=IFCCARTESIANPOINTLIST2D(((0.035000000149011612,0.035000000149011612),(1.0165441408753395,0.035000000149011612),(1.0165441408753395,0.81499997526407242),(0.035000000149011612,0.81499997526407242)));
#4886=IFCINDEXEDPOLYCURVE(#4885,(IFCLINEINDEX((1,2,3,4,1))),$);
#4887=IFCARBITRARYPROFILEDEFWITHVOIDS(.AREA.,$,#4884,(#4886));
#4888=IFCCARTESIANPOINT((0.02500000037252903,0.090000001713633537,0.02500000037252903));
#4889=IFCDIRECTION((0.,-1.,0.));
#4890=IFCDIRECTION((1.,0.,0.));
#4891=IFCAXIS2PLACEMENT3D(#4888,#4889,#4890);
#4892=IFCDIRECTION((0.,0.,-1.));
#4893=IFCEXTRUDEDAREASOLID(#4887,#4891,#4892,0.035000000149011612);
#4894=IFCINDEXEDPOLYCURVE(#4895,(IFCLINEINDEX((1,2,3,4,1))),$);
#4895=IFCCARTESIANPOINTLIST2D(((0.035000000149011612,0.035000000149011612),(1.0165441408753395,0.035000000149011612),(1.0165441408753395,0.81499997526407242),(0.035000000149011612,0.81499997526407242)));
#4896=IFCARBITRARYCLOSEDPROFILEDEF(.AREA.,$,#4894);
#4897=IFCCARTESIANPOINT((0.02500000037252903,0.10250000178813934,0.02500000037252903));
#4898=IFCDIRECTION((0.,-1.,0.));
#4899=IFCDIRECTION((1.,0.,0.));
#4900=IFCAXIS2PLACEMENT3D(#4897,#4898,#4899);
#4901=IFCDIRECTION((0.,0.,-1.));
#4902=IFCEXTRUDEDAREASOLID(#4896,#4900,#4901,0.01);
#4904=IFCSHAPEREPRESENTATION(#11,'Body','SweptSolid',(#5286,#5244,#5255,#4965,#4976,#5156,#4882,#5053,#4871,#5064,#5297,#5167));
#4905=IFCSHAPEASPECT((#4904),'Lining',$,.T.,#4802);
#4906=IFCSHAPEREPRESENTATION(#11,'Body','SweptSolid',(#5308,#4893,#5178,#4987,#5075,#5266));
#4907=IFCSHAPEASPECT((#4906),'Framing',$,.T.,#4802);
#4908=IFCSHAPEREPRESENTATION(#11,'Body','SweptSolid',(#5275,#5187,#4996,#5084,#4902,#5317));
#4909=IFCSHAPEASPECT((#4908),'Glazing',$,.T.,#4802);
#4955=IFCCARTESIANPOINTLIST2D(((0.,0.),(1.1742353439331055,0.),(1.1742353439331055,0.89999997615814209),(0.,0.89999997615814209)));
#4956=IFCINDEXEDPOLYCURVE(#4955,(IFCLINEINDEX((1,2,3,4,1))),$);
#4957=IFCCARTESIANPOINTLIST2D(((0.02500000037252903,0.02500000037252903),(1.1492353435605764,0.02500000037252903),(1.1492353435605764,0.87499997578561306),(0.02500000037252903,0.87499997578561306)));
#4958=IFCINDEXEDPOLYCURVE(#4957,(IFCLINEINDEX((1,2,3,4,1))),$);
#4959=IFCARBITRARYPROFILEDEFWITHVOIDS(.AREA.,$,#4956,(#4958));
#4960=IFCCARTESIANPOINT((0.,0.090000001713633537,0.));
#4961=IFCDIRECTION((0.,-1.,0.));
#4962=IFCDIRECTION((1.,0.,0.));
#4963=IFCAXIS2PLACEMENT3D(#4960,#4961,#4962);
#4964=IFCDIRECTION((0.,0.,-1.));
#4965=IFCEXTRUDEDAREASOLID(#4959,#4963,#4964,0.0099999997764825821);
#4966=IFCCARTESIANPOINTLIST2D(((0.,0.),(1.1742353439331055,0.),(1.1742353439331055,0.89999997615814209),(0.,0.89999997615814209)));
#4967=IFCINDEXEDPOLYCURVE(#4966,(IFCLINEINDEX((1,2,3,4,1))),$);
#4968=IFCCARTESIANPOINTLIST2D(((0.05000000074505806,0.05000000074505806),(1.1242353431880474,0.05000000074505806),(1.1242353431880474,0.84999997541308403),(0.05000000074505806,0.84999997541308403)));
#4969=IFCINDEXEDPOLYCURVE(#4968,(IFCLINEINDEX((1,2,3,4,1))),$);
#4970=IFCARBITRARYPROFILEDEFWITHVOIDS(.AREA.,$,#4967,(#4969));
#4971=IFCCARTESIANPOINT((0.,0.05000000074505806,0.));
#4972=IFCDIRECTION((0.,-1.,0.));
#4973=IFCDIRECTION((1.,0.,0.));
#4974=IFCAXIS2PLACEMENT3D(#4971,#4972,#4973);
#4975=IFCDIRECTION((0.,0.,-1.));
#4976=IFCEXTRUDEDAREASOLID(#4970,#4974,#4975,0.040000000968575478);
#4977=IFCCARTESIANPOINTLIST2D(((0.,0.),(1.1242353431880474,0.),(1.1242353431880474,0.84999997541308403),(0.,0.84999997541308403)));
#4978=IFCINDEXEDPOLYCURVE(#4977,(IFCLINEINDEX((1,2,3,4,1))),$);
#4979=IFCCARTESIANPOINTLIST2D(((0.035000000149011612,0.035000000149011612),(1.0892353430390358,0.035000000149011612),(1.0892353430390358,0.81499997526407242),(0.035000000149011612,0.81499997526407242)));
#4980=IFCINDEXEDPOLYCURVE(#4979,(IFCLINEINDEX((1,2,3,4,1))),$);
#4981=IFCARBITRARYPROFILEDEFWITHVOIDS(.AREA.,$,#4978,(#4980));
#4982=IFCCARTESIANPOINT((0.02500000037252903,0.090000001713633537,0.02500000037252903));
#4983=IFCDIRECTION((0.,-1.,0.));
#4984=IFCDIRECTION((1.,0.,0.));
#4985=IFCAXIS2PLACEMENT3D(#4982,#4983,#4984);
#4986=IFCDIRECTION((0.,0.,-1.));
#4987=IFCEXTRUDEDAREASOLID(#4981,#4985,#4986,0.035000000149011612);
#4988=IFCINDEXEDPOLYCURVE(#4989,(IFCLINEINDEX((1,2,3,4,1))),$);
#4989=IFCCARTESIANPOINTLIST2D(((0.035000000149011612,0.035000000149011612),(1.0892353430390358,0.035000000149011612),(1.0892353430390358,0.81499997526407242),(0.035000000149011612,0.81499997526407242)));
#4990=IFCARBITRARYCLOSEDPROFILEDEF(.AREA.,$,#4988);
#4991=IFCCARTESIANPOINT((0.02500000037252903,0.10250000178813934,0.02500000037252903));
#4992=IFCDIRECTION((0.,-1.,0.));
#4993=IFCDIRECTION((1.,0.,0.));
#4994=IFCAXIS2PLACEMENT3D(#4991,#4992,#4993);
#4995=IFCDIRECTION((0.,0.,-1.));
#4996=IFCEXTRUDEDAREASOLID(#4990,#4994,#4995,0.01);
#5043=IFCCARTESIANPOINTLIST2D(((0.,0.),(1.1742353439331055,0.),(1.1742353439331055,0.89999997615814209),(0.,0.89999997615814209)));
#5044=IFCINDEXEDPOLYCURVE(#5043,(IFCLINEINDEX((1,2,3,4,1))),$);
#5045=IFCCARTESIANPOINTLIST2D(((0.02500000037252903,0.02500000037252903),(1.1492353435605764,0.02500000037252903),(1.1492353435605764,0.87499997578561306),(0.02500000037252903,0.87499997578561306)));
#5046=IFCINDEXEDPOLYCURVE(#5045,(IFCLINEINDEX((1,2,3,4,1))),$);
#5047=IFCARBITRARYPROFILEDEFWITHVOIDS(.AREA.,$,#5044,(#5046));
#5048=IFCCARTESIANPOINT((0.,0.090000001713633537,0.));
#5049=IFCDIRECTION((0.,-1.,0.));
#5050=IFCDIRECTION((1.,0.,0.));
#5051=IFCAXIS2PLACEMENT3D(#5048,#5049,#5050);
#5052=IFCDIRECTION((0.,0.,-1.));
#5053=IFCEXTRUDEDAREASOLID(#5047,#5051,#5052,0.0099999997764825821);
#5054=IFCCARTESIANPOINTLIST2D(((0.,0.),(1.1742353439331055,0.),(1.1742353439331055,0.89999997615814209),(0.,0.89999997615814209)));
#5055=IFCINDEXEDPOLYCURVE(#5054,(IFCLINEINDEX((1,2,3,4,1))),$);
#5056=IFCCARTESIANPOINTLIST2D(((0.05000000074505806,0.05000000074505806),(1.1242353431880474,0.05000000074505806),(1.1242353431880474,0.84999997541308403),(0.05000000074505806,0.84999997541308403)));
#5057=IFCINDEXEDPOLYCURVE(#5056,(IFCLINEINDEX((1,2,3,4,1))),$);
#5058=IFCARBITRARYPROFILEDEFWITHVOIDS(.AREA.,$,#5055,(#5057));
#5059=IFCCARTESIANPOINT((0.,0.05000000074505806,0.));
#5060=IFCDIRECTION((0.,-1.,0.));
#5061=IFCDIRECTION((1.,0.,0.));
#5062=IFCAXIS2PLACEMENT3D(#5059,#5060,#5061);
#5063=IFCDIRECTION((0.,0.,-1.));
#5064=IFCEXTRUDEDAREASOLID(#5058,#5062,#5063,0.040000000968575478);
#5065=IFCCARTESIANPOINTLIST2D(((0.,0.),(1.1242353431880474,0.),(1.1242353431880474,0.84999997541308403),(0.,0.84999997541308403)));
#5066=IFCINDEXEDPOLYCURVE(#5065,(IFCLINEINDEX((1,2,3,4,1))),$);
#5067=IFCCARTESIANPOINTLIST2D(((0.035000000149011612,0.035000000149011612),(1.0892353430390358,0.035000000149011612),(1.0892353430390358,0.81499997526407242),(0.035000000149011612,0.81499997526407242)));
#5068=IFCINDEXEDPOLYCURVE(#5067,(IFCLINEINDEX((1,2,3,4,1))),$);
#5069=IFCARBITRARYPROFILEDEFWITHVOIDS(.AREA.,$,#5066,(#5068));
#5070=IFCCARTESIANPOINT((0.02500000037252903,0.090000001713633537,0.02500000037252903));
#5071=IFCDIRECTION((0.,-1.,0.));
#5072=IFCDIRECTION((1.,0.,0.));
#5073=IFCAXIS2PLACEMENT3D(#5070,#5071,#5072);
#5074=IFCDIRECTION((0.,0.,-1.));
#5075=IFCEXTRUDEDAREASOLID(#5069,#5073,#5074,0.035000000149011612);
#5076=IFCINDEXEDPOLYCURVE(#5077,(IFCLINEINDEX((1,2,3,4,1))),$);
#5077=IFCCARTESIANPOINTLIST2D(((0.035000000149011612,0.035000000149011612),(1.0892353430390358,0.035000000149011612),(1.0892353430390358,0.81499997526407242),(0.035000000149011612,0.81499997526407242)));
#5078=IFCARBITRARYCLOSEDPROFILEDEF(.AREA.,$,#5076);
#5079=IFCCARTESIANPOINT((0.02500000037252903,0.10250000178813934,0.02500000037252903));
#5080=IFCDIRECTION((0.,-1.,0.));
#5081=IFCDIRECTION((1.,0.,0.));
#5082=IFCAXIS2PLACEMENT3D(#5079,#5080,#5081);
#5083=IFCDIRECTION((0.,0.,-1.));
#5084=IFCEXTRUDEDAREASOLID(#5078,#5082,#5083,0.01);
#5146=IFCCARTESIANPOINTLIST2D(((0.,0.),(1.1742353439331055,0.),(1.1742353439331055,0.89999997615814209),(0.,0.89999997615814209)));
#5147=IFCINDEXEDPOLYCURVE(#5146,(IFCLINEINDEX((1,2,3,4,1))),$);
#5148=IFCCARTESIANPOINTLIST2D(((0.02500000037252903,0.02500000037252903),(1.1492353435605764,0.02500000037252903),(1.1492353435605764,0.87499997578561306),(0.02500000037252903,0.87499997578561306)));
#5149=IFCINDEXEDPOLYCURVE(#5148,(IFCLINEINDEX((1,2,3,4,1))),$);
#5150=IFCARBITRARYPROFILEDEFWITHVOIDS(.AREA.,$,#5147,(#5149));
#5151=IFCCARTESIANPOINT((0.,0.090000001713633537,0.));
#5152=IFCDIRECTION((0.,-1.,0.));
#5153=IFCDIRECTION((1.,0.,0.));
#5154=IFCAXIS2PLACEMENT3D(#5151,#5152,#5153);
#5155=IFCDIRECTION((0.,0.,-1.));
#5156=IFCEXTRUDEDAREASOLID(#5150,#5154,#5155,0.0099999997764825821);
#5157=IFCCARTESIANPOINTLIST2D(((0.,0.),(1.1742353439331055,0.),(1.1742353439331055,0.89999997615814209),(0.,0.89999997615814209)));
#5158=IFCINDEXEDPOLYCURVE(#5157,(IFCLINEINDEX((1,2,3,4,1))),$);
#5159=IFCCARTESIANPOINTLIST2D(((0.05000000074505806,0.05000000074505806),(1.1242353431880474,0.05000000074505806),(1.1242353431880474,0.84999997541308403),(0.05000000074505806,0.84999997541308403)));
#5160=IFCINDEXEDPOLYCURVE(#5159,(IFCLINEINDEX((1,2,3,4,1))),$);
#5161=IFCARBITRARYPROFILEDEFWITHVOIDS(.AREA.,$,#5158,(#5160));
#5162=IFCCARTESIANPOINT((0.,0.05000000074505806,0.));
#5163=IFCDIRECTION((0.,-1.,0.));
#5164=IFCDIRECTION((1.,0.,0.));
#5165=IFCAXIS2PLACEMENT3D(#5162,#5163,#5164);
#5166=IFCDIRECTION((0.,0.,-1.));
#5167=IFCEXTRUDEDAREASOLID(#5161,#5165,#5166,0.040000000968575478);
#5168=IFCCARTESIANPOINTLIST2D(((0.,0.),(1.1242353431880474,0.),(1.1242353431880474,0.84999997541308403),(0.,0.84999997541308403)));
#5169=IFCINDEXEDPOLYCURVE(#5168,(IFCLINEINDEX((1,2,3,4,1))),$);
#5170=IFCCARTESIANPOINTLIST2D(((0.035000000149011612,0.035000000149011612),(1.0892353430390358,0.035000000149011612),(1.0892353430390358,0.81499997526407242),(0.035000000149011612,0.81499997526407242)));
#5171=IFCINDEXEDPOLYCURVE(#5170,(IFCLINEINDEX((1,2,3,4,1))),$);
#5172=IFCARBITRARYPROFILEDEFWITHVOIDS(.AREA.,$,#5169,(#5171));
#5173=IFCCARTESIANPOINT((0.02500000037252903,0.090000001713633537,0.02500000037252903));
#5174=IFCDIRECTION((0.,-1.,0.));
#5175=IFCDIRECTION((1.,0.,0.));
#5176=IFCAXIS2PLACEMENT3D(#5173,#5174,#5175);
#5177=IFCDIRECTION((0.,0.,-1.));
#5178=IFCEXTRUDEDAREASOLID(#5172,#5176,#5177,0.035000000149011612);
#5179=IFCINDEXEDPOLYCURVE(#5180,(IFCLINEINDEX((1,2,3,4,1))),$);
#5180=IFCCARTESIANPOINTLIST2D(((0.035000000149011612,0.035000000149011612),(1.0892353430390358,0.035000000149011612),(1.0892353430390358,0.81499997526407242),(0.035000000149011612,0.81499997526407242)));
#5181=IFCARBITRARYCLOSEDPROFILEDEF(.AREA.,$,#5179);
#5182=IFCCARTESIANPOINT((0.02500000037252903,0.10250000178813934,0.02500000037252903));
#5183=IFCDIRECTION((0.,-1.,0.));
#5184=IFCDIRECTION((1.,0.,0.));
#5185=IFCAXIS2PLACEMENT3D(#5182,#5183,#5184);
#5186=IFCDIRECTION((0.,0.,-1.));
#5187=IFCEXTRUDEDAREASOLID(#5181,#5185,#5186,0.01);
#5231=IFCCARTESIANPOINTLIST3D(((0.,0.,0.),(1.1742353439331055,0.,0.),(1.1742353439331055,0.,0.89999997615814209),(0.,0.,0.89999997615814209)));
#5232=IFCINDEXEDPOLYCURVE(#5231,(IFCLINEINDEX((1,2,3,4,1))),$);
#5233=IFCSHAPEREPRESENTATION(#18,'Profile','Curve3D',(#5232));
#5234=IFCCARTESIANPOINTLIST2D(((0.,0.),(0.59987717866897583,0.),(0.59987717866897583,0.89999997615814209),(0.,0.89999997615814209)));
#5235=IFCINDEXEDPOLYCURVE(#5234,(IFCLINEINDEX((1,2,3,4,1))),$);
#5236=IFCCARTESIANPOINTLIST2D(((0.02500000037252903,0.02500000037252903),(0.61310702003538609,0.02500000037252903),(0.61310702003538609,0.87499997578561306),(0.02500000037252903,0.87499997578561306)));
#5237=IFCINDEXEDPOLYCURVE(#5236,(IFCLINEINDEX((1,2,3,4,1))),$);
#5238=IFCARBITRARYPROFILEDEFWITHVOIDS(.AREA.,$,#5235,(#5237));
#5239=IFCCARTESIANPOINT((0.,0.090000001713633537,0.));
#5240=IFCDIRECTION((0.,-1.,0.));
#5241=IFCDIRECTION((1.,0.,0.));
#5242=IFCAXIS2PLACEMENT3D(#5239,#5240,#5241);
#5243=IFCDIRECTION((0.,0.,-1.));
#5244=IFCEXTRUDEDAREASOLID(#5238,#5242,#5243,0.0099999997764825821);
#5245=IFCCARTESIANPOINTLIST2D(((0.,0.),(0.59987717866897583,0.),(0.59987717866897583,0.89999997615814209),(0.,0.89999997615814209)));
#5246=IFCINDEXEDPOLYCURVE(#5245,(IFCLINEINDEX((1,2,3,4,1))),$);
#5247=IFCCARTESIANPOINTLIST2D(((0.05000000074505806,0.05000000074505806),(0.58810701966285706,0.05000000074505806),(0.58810701966285706,0.84999997541308403),(0.05000000074505806,0.84999997541308403)));
#5248=IFCINDEXEDPOLYCURVE(#5247,(IFCLINEINDEX((1,2,3,4,1))),$);
#5249=IFCARBITRARYPROFILEDEFWITHVOIDS(.AREA.,$,#5246,(#5248));
#5250=IFCCARTESIANPOINT((0.,0.05000000074505806,0.));
#5251=IFCDIRECTION((0.,-1.,0.));
#5252=IFCDIRECTION((1.,0.,0.));
#5253=IFCAXIS2PLACEMENT3D(#5250,#5251,#5252);
#5254=IFCDIRECTION((0.,0.,-1.));
#5255=IFCEXTRUDEDAREASOLID(#5249,#5253,#5254,0.040000000968575478);
#5256=IFCCARTESIANPOINTLIST2D(((0.,0.),(0.58810701966285706,0.),(0.58810701966285706,0.84999997541308403),(0.,0.84999997541308403)));
#5257=IFCINDEXEDPOLYCURVE(#5256,(IFCLINEINDEX((1,2,3,4,1))),$);
#5258=IFCCARTESIANPOINTLIST2D(((0.035000000149011612,0.035000000149011612),(0.55310701951384544,0.035000000149011612),(0.55310701951384544,0.81499997526407242),(0.035000000149011612,0.81499997526407242)));
#5259=IFCINDEXEDPOLYCURVE(#5258,(IFCLINEINDEX((1,2,3,4,1))),$);
#5260=IFCARBITRARYPROFILEDEFWITHVOIDS(.AREA.,$,#5257,(#5259));
#5261=IFCCARTESIANPOINT((0.02500000037252903,0.090000001713633537,0.02500000037252903));
#5262=IFCDIRECTION((0.,-1.,0.));
#5263=IFCDIRECTION((1.,0.,0.));
#5264=IFCAXIS2PLACEMENT3D(#5261,#5262,#5263);
#5265=IFCDIRECTION((0.,0.,-1.));
#5266=IFCEXTRUDEDAREASOLID(#5260,#5264,#5265,0.035000000149011612);
#5267=IFCINDEXEDPOLYCURVE(#5268,(IFCLINEINDEX((1,2,3,4,1))),$);
#5268=IFCCARTESIANPOINTLIST2D(((0.035000000149011612,0.035000000149011612),(0.55310701951384544,0.035000000149011612),(0.55310701951384544,0.81499997526407242),(0.035000000149011612,0.81499997526407242)));
#5269=IFCARBITRARYCLOSEDPROFILEDEF(.AREA.,$,#5267);
#5270=IFCCARTESIANPOINT((0.02500000037252903,0.10250000178813934,0.02500000037252903));
#5271=IFCDIRECTION((0.,-1.,0.));
#5272=IFCDIRECTION((1.,0.,0.));
#5273=IFCAXIS2PLACEMENT3D(#5270,#5271,#5272);
#5274=IFCDIRECTION((0.,0.,-1.));
#5275=IFCEXTRUDEDAREASOLID(#5269,#5273,#5274,0.01);
#5276=IFCCARTESIANPOINTLIST2D(((0.,0.),(0.57435816526412964,0.),(0.57435816526412964,0.89999997615814209),(0.,0.89999997615814209)));
#5277=IFCINDEXEDPOLYCURVE(#5276,(IFCLINEINDEX((1,2,3,4,1))),$);
#5278=IFCCARTESIANPOINTLIST2D(((-0.013229841366410255,0.02500000037252903),(0.54935816489160061,0.02500000037252903),(0.54935816489160061,0.87499997578561306),(-0.013229841366410255,0.87499997578561306)));
#5279=IFCINDEXEDPOLYCURVE(#5278,(IFCLINEINDEX((1,2,3,4,1))),$);
#5280=IFCARBITRARYPROFILEDEFWITHVOIDS(.AREA.,$,#5277,(#5279));
#5281=IFCCARTESIANPOINT((0.59987717866897583,0.089999990537762642,0.));
#5282=IFCDIRECTION((0.,-1.,0.));
#5283=IFCDIRECTION((1.,0.,0.));
#5284=IFCAXIS2PLACEMENT3D(#5281,#5282,#5283);
#5285=IFCDIRECTION((0.,0.,-1.));
#5286=IFCEXTRUDEDAREASOLID(#5280,#5284,#5285,0.010000010952353477);
#5287=IFCCARTESIANPOINTLIST2D(((0.,0.),(0.57435816526412964,0.),(0.57435816526412964,0.89999997615814209),(0.,0.89999997615814209)));
#5288=IFCINDEXEDPOLYCURVE(#5287,(IFCLINEINDEX((1,2,3,4,1))),$);
#5289=IFCCARTESIANPOINTLIST2D(((0.011770159006118774,0.05000000074505806),(0.52435816451907158,0.05000000074505806),(0.52435816451907158,0.84999997541308403),(0.011770159006118774,0.84999997541308403)));
#5290=IFCINDEXEDPOLYCURVE(#5289,(IFCLINEINDEX((1,2,3,4,1))),$);
#5291=IFCARBITRARYPROFILEDEFWITHVOIDS(.AREA.,$,#5288,(#5290));
#5292=IFCCARTESIANPOINT((0.59987717866897583,0.05000000074505806,0.));
#5293=IFCDIRECTION((0.,-1.,0.));
#5294=IFCDIRECTION((1.,0.,0.));
#5295=IFCAXIS2PLACEMENT3D(#5292,#5293,#5294);
#5296=IFCDIRECTION((0.,0.,-1.));
#5297=IFCEXTRUDEDAREASOLID(#5291,#5295,#5296,0.039999989792704582);
#5298=IFCCARTESIANPOINTLIST2D(((0.,0.),(0.56258800625801086,0.),(0.56258800625801086,0.84999997541308403),(0.,0.84999997541308403)));
#5299=IFCINDEXEDPOLYCURVE(#5298,(IFCLINEINDEX((1,2,3,4,1))),$);
#5300=IFCCARTESIANPOINTLIST2D(((0.0080774165689945221,0.0080774165689945221),(0.55451058968901634,0.0080774165689945221),(0.55451058968901634,0.84192255884408951),(0.0080774165689945221,0.84192255884408951)));
#5301=IFCINDEXEDPOLYCURVE(#5300,(IFCLINEINDEX((1,2,3,4,1))),$);
#5302=IFCARBITRARYPROFILEDEFWITHVOIDS(.AREA.,$,#5299,(#5301));
#5303=IFCCARTESIANPOINT((0.58664733730256557,0.089999990537762642,0.02500000037252903));
#5304=IFCDIRECTION((0.,-1.,0.));
#5305=IFCDIRECTION((1.,0.,0.));
#5306=IFCAXIS2PLACEMENT3D(#5303,#5304,#5305);
#5307=IFCDIRECTION((0.,0.,-1.));
#5308=IFCEXTRUDEDAREASOLID(#5302,#5306,#5307,0.035000011324882507);
#5309=IFCINDEXEDPOLYCURVE(#5310,(IFCLINEINDEX((1,2,3,4,1))),$);
#5310=IFCCARTESIANPOINTLIST2D(((0.0080774165689945221,0.0080774165689945221),(0.55451058968901634,0.0080774165689945221),(0.55451058968901634,0.84192255884408951),(0.0080774165689945221,0.84192255884408951)));
#5311=IFCARBITRARYCLOSEDPROFILEDEF(.AREA.,$,#5309);
#5312=IFCCARTESIANPOINT((0.58664733730256557,0.10249999620020389,0.02500000037252903));
#5313=IFCDIRECTION((0.,-1.,0.));
#5314=IFCDIRECTION((1.,0.,0.));
#5315=IFCAXIS2PLACEMENT3D(#5312,#5313,#5314);
#5316=IFCDIRECTION((0.,0.,-1.));
#5317=IFCEXTRUDEDAREASOLID(#5311,#5315,#5316,0.01);
#5318=IFCSHAPEREPRESENTATION(#11,'Body','SweptSolid',(#5244,#5255,#5266,#5275,#5286,#5297,#5308,#5317));
#5319=IFCCARTESIANPOINTLIST2D(((0.05000000074505806,0.05000000074505806),(0.58810701966285706,0.05000000074505806)));
#5320=IFCINDEXEDPOLYCURVE(#5319,$,$);
#5321=IFCCARTESIANPOINTLIST2D(((0.,0.10000000149011612),(0.02500000037252903,0.10000000149011612),(0.02500000037252903,0.090000001713633537),(0.05000000074505806,0.090000001713633537),(0.05000000074505806,0.05000000074505806),(0.,0.05000000074505806)));
#5322=IFCINDEXEDPOLYCURVE(#5321,(IFCLINEINDEX((1,2,3,4,5,6,1))),$);
#5323=IFCCARTESIANPOINTLIST2D(((0.59987717866897583,0.10000000149011612),(0.61310702003538609,0.10000000149011612),(0.61310702003538609,0.090000001713633537),(0.58810701966285706,0.090000001713633537),(0.58810701966285706,0.05000000074505806),(0.59987717866897583,0.05000000074505806)));
#5324=IFCINDEXEDPOLYCURVE(#5323,$,$);
#5325=IFCCARTESIANPOINTLIST2D(((0.02500000037252903,0.090000001713633537),(0.060000000521540642,0.090000001713633537),(0.060000000521540642,0.12500000186264515),(0.02500000037252903,0.12500000186264515)));
#5326=IFCINDEXEDPOLYCURVE(#5325,(IFCLINEINDEX((1,2,3,4,1))),$);
#5327=IFCINDEXEDPOLYCURVE(#5328,(IFCLINEINDEX((1,2,3,4,1))),$);
#5328=IFCCARTESIANPOINTLIST2D(((0.61310702003538609,0.090000001713633537),(0.57810701988637447,0.090000001713633537),(0.57810701988637447,0.12500000186264515),(0.61310702003538609,0.12500000186264515)));
#5329=IFCCARTESIANPOINTLIST2D(((0.060000000521540642,0.090000001713633537),(0.57810701988637447,0.090000001713633537)));
#5330=IFCINDEXEDPOLYCURVE(#5329,$,$);
#5331=IFCINDEXEDPOLYCURVE(#5332,$,$);
#5332=IFCCARTESIANPOINTLIST2D(((0.060000000521540642,0.12500000186264515),(0.57810701988637447,0.12500000186264515)));
#5333=IFCINDEXEDPOLYCURVE(#5334,$,$);
#5334=IFCCARTESIANPOINTLIST2D(((0.060000000521540642,0.10750000178813934),(0.57810701988637447,0.10750000178813934)));
#5335=IFCCARTESIANPOINTLIST2D(((0.6116473376750946,0.05000000074505806),(1.1242353431880474,0.05000000074505806)));
#5336=IFCINDEXEDPOLYCURVE(#5335,$,$);
#5337=IFCCARTESIANPOINTLIST2D(((0.59987717866897583,0.10000000149011612),(0.58664733730256557,0.10000000149011612),(0.58664733730256557,0.089999990537762642),(0.6116473376750946,0.089999990537762642),(0.6116473376750946,0.05000000074505806),(0.59987717866897583,0.05000000074505806)));
#5338=IFCINDEXEDPOLYCURVE(#5337,$,$);
#5339=IFCCARTESIANPOINTLIST2D(((1.1742353439331055,0.10000000149011612),(1.1492353435605764,0.10000000149011612),(1.1492353435605764,0.089999990537762642),(1.1242353431880474,0.089999990537762642),(1.1242353431880474,0.05000000074505806),(1.1742353439331055,0.05000000074505806)));
#5340=IFCINDEXEDPOLYCURVE(#5339,(IFCLINEINDEX((1,2,3,4,5,6,1))),$);
#5341=IFCCARTESIANPOINTLIST2D(((0.58664733730256557,0.089999990537762642),(0.5947247538715601,0.089999990537762642),(0.5947247538715601,0.12500000186264515),(0.58664733730256557,0.12500000186264515)));
#5342=IFCINDEXEDPOLYCURVE(#5341,(IFCLINEINDEX((1,2,3,4,1))),$);
#5343=IFCINDEXEDPOLYCURVE(#5344,(IFCLINEINDEX((1,2,3,4,1))),$);
#5344=IFCCARTESIANPOINTLIST2D(((1.1492353435605764,0.089999990537762642),(1.1411579269915819,0.089999990537762642),(1.1411579269915819,0.12500000186264515),(1.1492353435605764,0.12500000186264515)));
#5345=IFCCARTESIANPOINTLIST2D(((0.5947247538715601,0.089999990537762642),(1.1411579269915819,0.089999990537762642)));
#5346=IFCINDEXEDPOLYCURVE(#5345,$,$);
#5347=IFCINDEXEDPOLYCURVE(#5348,$,$);
#5348=IFCCARTESIANPOINTLIST2D(((0.5947247538715601,0.12500000186264515),(1.1411579269915819,0.12500000186264515)));
#5349=IFCINDEXEDPOLYCURVE(#5350,$,$);
#5350=IFCCARTESIANPOINTLIST2D(((0.5947247538715601,0.1074999962002039),(1.1411579269915819,0.1074999962002039)));
#5351=IFCSHAPEREPRESENTATION(#24,'Body','Curve2D',(#5320,#5322,#5324,#5326,#5327,#5330,#5331,#5333,#5336,#5338,#5340,#5342,#5343,#5346,#5347,#5349));
#5352=IFCCARTESIANPOINTLIST2D(((0.,0.),(1.1742353439331055,0.),(1.1742353439331055,0.89999997615814209),(0.,0.89999997615814209)));
#5353=IFCINDEXEDPOLYCURVE(#5352,(IFCLINEINDEX((1,2,3,4,1))),$);
#5354=IFCARBITRARYCLOSEDPROFILEDEF(.AREA.,$,#5353);
#5355=IFCCARTESIANPOINT((0.,-0.60000002384185791,0.));
#5356=IFCDIRECTION((0.,-1.,0.));
#5357=IFCDIRECTION((1.,0.,0.));
#5358=IFCAXIS2PLACEMENT3D(#5355,#5356,#5357);
#5359=IFCDIRECTION((0.,0.,-1.));
#5360=IFCEXTRUDEDAREASOLID(#5354,#5358,#5359,1.2);
#5361=IFCSHAPEREPRESENTATION(#11,'Body','SweptSolid',(#5360));
#5367=IFCCARTESIANPOINT((1.0364721663861478,2.8312206268310547E-07,1.));
#5368=IFCDIRECTION((0.,0.,1.));
#5369=IFCDIRECTION((0.99999999999997158,-2.3841857910155572E-07,0.));
#5370=IFCAXIS2PLACEMENT3D(#5367,#5368,#5369);
#5371=IFCLOCALPLACEMENT(#560,#5370);
#5372=IFCCARTESIANPOINT((0.,0.,0.));
#5373=IFCDIRECTION((0.,0.,1.));
#5374=IFCDIRECTION((1.,0.,0.));
#5375=IFCAXIS2PLACEMENT3D(#5372,#5373,#5374);
#5376=IFCLOCALPLACEMENT(#5371,#5375);
#5443=IFCWINDOW('0sdvvZE5r7xRW9$K6IcbXJ',$,'Window',$,$,#5617,#5453,$,0.89999997615814209,0.80008900165557861,$,.SINGLE_PANEL.,$);
#5445=IFCRELDEFINESBYTYPE('2Vq0MWaH95MuZ6WerI8mgV',$,$,$,(#5443),#4711);
#5446=IFCCARTESIANPOINT((0.,0.,0.));
#5447=IFCDIRECTION((1.,0.,0.));
#5448=IFCDIRECTION((0.,1.,0.));
#5449=IFCDIRECTION((0.,0.,1.));
#5450=IFCCARTESIANTRANSFORMATIONOPERATOR3D(#5447,#5448,#5446,1.,#5449);
#5451=IFCMAPPEDITEM(#4714,#5450);
#5452=IFCSHAPEREPRESENTATION(#18,'Profile','MappedRepresentation',(#5451));
#5453=IFCPRODUCTDEFINITIONSHAPE($,$,(#5452,#5460,#5467));
#5454=IFCCARTESIANPOINT((0.,0.,0.));
#5455=IFCDIRECTION((1.,0.,0.));
#5456=IFCDIRECTION((0.,1.,0.));
#5457=IFCDIRECTION((0.,0.,1.));
#5458=IFCCARTESIANTRANSFORMATIONOPERATOR3D(#5455,#5456,#5454,1.,#5457);
#5459=IFCMAPPEDITEM(#4722,#5458);
#5460=IFCSHAPEREPRESENTATION(#11,'Body','MappedRepresentation',(#5459));
#5461=IFCCARTESIANPOINT((0.,0.,0.));
#5462=IFCDIRECTION((1.,0.,0.));
#5463=IFCDIRECTION((0.,1.,0.));
#5464=IFCDIRECTION((0.,0.,1.));
#5465=IFCCARTESIANTRANSFORMATIONOPERATOR3D(#5462,#5463,#5461,1.,#5464);
#5466=IFCMAPPEDITEM(#4770,#5465);
#5467=IFCSHAPEREPRESENTATION(#24,'Body','MappedRepresentation',(#5466));
#5468=IFCOPENINGELEMENT('3ixHX1vor37w7u9QvKlQpi',$,'Opening',$,$,#5612,#5496,$,.OPENING.);
#5484=IFCCARTESIANPOINT((0.,0.,0.));
#5485=IFCDIRECTION((1.,0.,0.));
#5486=IFCDIRECTION((0.,0.,1.));
#5487=IFCAXIS2PLACEMENT3D(#5484,#5486,#5485);
#5488=IFCREPRESENTATIONMAP(#5487,#5602);
#5489=IFCCARTESIANPOINT((0.,0.,0.));
#5490=IFCDIRECTION((1.,0.,0.));
#5491=IFCDIRECTION((0.,1.,0.));
#5492=IFCDIRECTION((0.,0.,1.));
#5493=IFCCARTESIANTRANSFORMATIONOPERATOR3D(#5490,#5491,#5489,1.,#5492);
#5494=IFCMAPPEDITEM(#5488,#5493);
#5495=IFCSHAPEREPRESENTATION(#11,'Body','MappedRepresentation',(#5494));
#5496=IFCPRODUCTDEFINITIONSHAPE($,$,(#5495));
#5497=IFCRELVOIDSELEMENT('1v4W1$otX1xhesSAEtlHlv',$,$,$,#253,#5468);
#5503=IFCRELFILLSELEMENT('2ck5gotWHDBhCkXH56BS$j',$,$,$,#5468,#5443);
#5524=IFCCARTESIANPOINTLIST3D(((0.,0.,0.),(0.80008900165557861,0.,0.),(0.80008900165557861,0.,0.89999997615814209),(0.,0.,0.89999997615814209)));
#5525=IFCINDEXEDPOLYCURVE(#5524,(IFCLINEINDEX((1,2,3,4,1))),$);
#5526=IFCSHAPEREPRESENTATION(#18,'Profile','Curve3D',(#5525));
#5527=IFCCARTESIANPOINTLIST2D(((0.,0.),(0.80008900165557861,0.),(0.80008900165557861,0.89999997615814209),(0.,0.89999997615814209)));
#5528=IFCINDEXEDPOLYCURVE(#5527,(IFCLINEINDEX((1,2,3,4,1))),$);
#5529=IFCCARTESIANPOINTLIST2D(((0.02500000037252903,0.02500000037252903),(0.77508900128304958,0.02500000037252903),(0.77508900128304958,0.87499997578561306),(0.02500000037252903,0.87499997578561306)));
#5530=IFCINDEXEDPOLYCURVE(#5529,(IFCLINEINDEX((1,2,3,4,1))),$);
#5531=IFCARBITRARYPROFILEDEFWITHVOIDS(.AREA.,$,#5528,(#5530));
#5532=IFCCARTESIANPOINT((0.,0.090000001713633537,0.));
#5533=IFCDIRECTION((0.,-1.,0.));
#5534=IFCDIRECTION((1.,0.,0.));
#5535=IFCAXIS2PLACEMENT3D(#5532,#5533,#5534);
#5536=IFCDIRECTION((0.,0.,-1.));
#5537=IFCEXTRUDEDAREASOLID(#5531,#5535,#5536,0.0099999997764825821);
#5538=IFCCARTESIANPOINTLIST2D(((0.,0.),(0.80008900165557861,0.),(0.80008900165557861,0.89999997615814209),(0.,0.89999997615814209)));
#5539=IFCINDEXEDPOLYCURVE(#5538,(IFCLINEINDEX((1,2,3,4,1))),$);
#5540=IFCCARTESIANPOINTLIST2D(((0.05000000074505806,0.05000000074505806),(0.75008900091052055,0.05000000074505806),(0.75008900091052055,0.84999997541308403),(0.05000000074505806,0.84999997541308403)));
#5541=IFCINDEXEDPOLYCURVE(#5540,(IFCLINEINDEX((1,2,3,4,1))),$);
#5542=IFCARBITRARYPROFILEDEFWITHVOIDS(.AREA.,$,#5539,(#5541));
#5543=IFCCARTESIANPOINT((0.,0.05000000074505806,0.));
#5544=IFCDIRECTION((0.,-1.,0.));
#5545=IFCDIRECTION((1.,0.,0.));
#5546=IFCAXIS2PLACEMENT3D(#5543,#5544,#5545);
#5547=IFCDIRECTION((0.,0.,-1.));
#5548=IFCEXTRUDEDAREASOLID(#5542,#5546,#5547,0.040000000968575478);
#5549=IFCCARTESIANPOINTLIST2D(((0.,0.),(0.75008900091052055,0.),(0.75008900091052055,0.84999997541308403),(0.,0.84999997541308403)));
#5550=IFCINDEXEDPOLYCURVE(#5549,(IFCLINEINDEX((1,2,3,4,1))),$);
#5551=IFCCARTESIANPOINTLIST2D(((0.035000000149011612,0.035000000149011612),(0.71508900076150894,0.035000000149011612),(0.71508900076150894,0.81499997526407242),(0.035000000149011612,0.81499997526407242)));
#5552=IFCINDEXEDPOLYCURVE(#5551,(IFCLINEINDEX((1,2,3,4,1))),$);
#5553=IFCARBITRARYPROFILEDEFWITHVOIDS(.AREA.,$,#5550,(#5552));
#5554=IFCCARTESIANPOINT((0.02500000037252903,0.090000001713633537,0.02500000037252903));
#5555=IFCDIRECTION((0.,-1.,0.));
#5556=IFCDIRECTION((1.,0.,0.));
#5557=IFCAXIS2PLACEMENT3D(#5554,#5555,#5556);
#5558=IFCDIRECTION((0.,0.,-1.));
#5559=IFCEXTRUDEDAREASOLID(#5553,#5557,#5558,0.035000000149011612);
#5560=IFCINDEXEDPOLYCURVE(#5561,(IFCLINEINDEX((1,2,3,4,1))),$);
#5561=IFCCARTESIANPOINTLIST2D(((0.035000000149011612,0.035000000149011612),(0.71508900076150894,0.035000000149011612),(0.71508900076150894,0.81499997526407242),(0.035000000149011612,0.81499997526407242)));
#5562=IFCARBITRARYCLOSEDPROFILEDEF(.AREA.,$,#5560);
#5563=IFCCARTESIANPOINT((0.02500000037252903,0.10250000178813934,0.02500000037252903));
#5564=IFCDIRECTION((0.,-1.,0.));
#5565=IFCDIRECTION((1.,0.,0.));
#5566=IFCAXIS2PLACEMENT3D(#5563,#5564,#5565);
#5567=IFCDIRECTION((0.,0.,-1.));
#5568=IFCEXTRUDEDAREASOLID(#5562,#5566,#5567,0.01);
#5569=IFCSHAPEREPRESENTATION(#11,'Body','SweptSolid',(#5537,#5548,#5559,#5568));
#5570=IFCSHAPEREPRESENTATION(#11,'Body','SweptSolid',(#5537,#5548));
#5571=IFCSHAPEASPECT((#5570),'Lining',$,.T.,#5453);
#5572=IFCSHAPEREPRESENTATION(#11,'Body','SweptSolid',(#5559));
#5573=IFCSHAPEASPECT((#5572),'Framing',$,.T.,#5453);
#5574=IFCSHAPEREPRESENTATION(#11,'Body','SweptSolid',(#5568));
#5575=IFCSHAPEASPECT((#5574),'Glazing',$,.T.,#5453);
#5576=IFCCARTESIANPOINTLIST2D(((0.05000000074505806,0.05000000074505806),(0.75008900091052055,0.05000000074505806)));
#5577=IFCINDEXEDPOLYCURVE(#5576,$,$);
#5578=IFCCARTESIANPOINTLIST2D(((0.,0.10000000149011612),(0.02500000037252903,0.10000000149011612),(0.02500000037252903,0.090000001713633537),(0.05000000074505806,0.090000001713633537),(0.05000000074505806,0.05000000074505806),(0.,0.05000000074505806)));
#5579=IFCINDEXEDPOLYCURVE(#5578,(IFCLINEINDEX((1,2,3,4,5,6,1))),$);
#5580=IFCCARTESIANPOINTLIST2D(((0.80008900165557861,0.10000000149011612),(0.77508900128304958,0.10000000149011612),(0.77508900128304958,0.090000001713633537),(0.75008900091052055,0.090000001713633537),(0.75008900091052055,0.05000000074505806),(0.80008900165557861,0.05000000074505806)));
#5581=IFCINDEXEDPOLYCURVE(#5580,(IFCLINEINDEX((1,2,3,4,5,6,1))),$);
#5582=IFCCARTESIANPOINTLIST2D(((0.02500000037252903,0.090000001713633537),(0.060000000521540642,0.090000001713633537),(0.060000000521540642,0.12500000186264515),(0.02500000037252903,0.12500000186264515)));
#5583=IFCINDEXEDPOLYCURVE(#5582,(IFCLINEINDEX((1,2,3,4,1))),$);
#5584=IFCINDEXEDPOLYCURVE(#5585,(IFCLINEINDEX((1,2,3,4,1))),$);
#5585=IFCCARTESIANPOINTLIST2D(((0.77508900128304958,0.090000001713633537),(0.74008900113403797,0.090000001713633537),(0.74008900113403797,0.12500000186264515),(0.77508900128304958,0.12500000186264515)));
#5586=IFCCARTESIANPOINTLIST2D(((0.060000000521540642,0.090000001713633537),(0.74008900113403797,0.090000001713633537)));
#5587=IFCINDEXEDPOLYCURVE(#5586,$,$);
#5588=IFCINDEXEDPOLYCURVE(#5589,$,$);
#5589=IFCCARTESIANPOINTLIST2D(((0.060000000521540642,0.12500000186264515),(0.74008900113403797,0.12500000186264515)));
#5590=IFCINDEXEDPOLYCURVE(#5591,$,$);
#5591=IFCCARTESIANPOINTLIST2D(((0.060000000521540642,0.10750000178813934),(0.74008900113403797,0.10750000178813934)));
#5592=IFCSHAPEREPRESENTATION(#24,'Body','Curve2D',(#5577,#5579,#5581,#5583,#5584,#5587,#5588,#5590));
#5593=IFCCARTESIANPOINTLIST2D(((0.,0.),(0.80008900165557861,0.),(0.80008900165557861,0.89999997615814209),(0.,0.89999997615814209)));
#5594=IFCINDEXEDPOLYCURVE(#5593,(IFCLINEINDEX((1,2,3,4,1))),$);
#5595=IFCARBITRARYCLOSEDPROFILEDEF(.AREA.,$,#5594);
#5596=IFCCARTESIANPOINT((0.,-0.60000002384185791,0.));
#5597=IFCDIRECTION((0.,-1.,0.));
#5598=IFCDIRECTION((1.,0.,0.));
#5599=IFCAXIS2PLACEMENT3D(#5596,#5597,#5598);
#5600=IFCDIRECTION((0.,0.,-1.));
#5601=IFCEXTRUDEDAREASOLID(#5595,#5599,#5600,1.2);
#5602=IFCSHAPEREPRESENTATION(#11,'Body','SweptSolid',(#5601));
#5608=IFCCARTESIANPOINT((3.0469884196825734,7.2363315251067206E-07,1.));
#5609=IFCDIRECTION((0.,0.,1.));
#5610=IFCDIRECTION((0.99999999999999289,1.1920928244535129E-07,0.));
#5611=IFCAXIS2PLACEMENT3D(#5608,#5609,#5610);
#5612=IFCLOCALPLACEMENT(#528,#5611);
#5613=IFCCARTESIANPOINT((-4.4408920985006262E-16,0.,0.));
#5614=IFCDIRECTION((0.,0.,1.));
#5615=IFCDIRECTION((1.,0.,0.));
#5616=IFCAXIS2PLACEMENT3D(#5613,#5614,#5615);
#5617=IFCLOCALPLACEMENT(#5612,#5616);
#5618=IFCWINDOWTYPE('29HeqGCcH4nP9Bz5rFzIfY',$,'Maids-GF',$,$,(#5619),(#5621,#5629,#5677),$,$,.WINDOW.,.SINGLE_PANEL.,$,$);
#5619=IFCPROPERTYSET('0JwmCsMSrDshQw7uRpGylP',$,'BBIM_Window',$,(#5620));
#5620=IFCPROPERTYSINGLEVALUE('Data',$,IFCTEXT('{"window_type": "SINGLE_PANEL", "overall_height": 0.8999999761581421, "overall_width": 0.7922987937927246, "lining_properties": {"lining_depth": 0.05000000074505806, "lining_thickness": 0.05000000074505806, "lining_offset": 0.05000000074505806, "lining_to_panel_offset_x": 0.02500000037252903, "lining_to_panel_offset_y": 0.02500000037252903}, "panel_properties": {"frame_depth": [0.03500000014901161, 0.03500000014901161, 0.03500000014901161], "frame_thickness": [0.03500000014901161, 0.03500000014901161, 0.03500000014901161]}}'),$);
#5621=IFCREPRESENTATIONMAP(#5622,#5782);
#5622=IFCAXIS2PLACEMENT3D(#5623,#5624,#5625);
#5623=IFCCARTESIANPOINT((0.,0.,0.));
#5624=IFCDIRECTION((0.,0.,1.));
#5625=IFCDIRECTION((1.,0.,0.));
#5629=IFCREPRESENTATIONMAP(#5630,#5825);
#5630=IFCAXIS2PLACEMENT3D(#5631,#5632,#5633);
#5631=IFCCARTESIANPOINT((0.,0.,0.));
#5632=IFCDIRECTION((0.,0.,1.));
#5633=IFCDIRECTION((1.,0.,0.));
#5677=IFCREPRESENTATIONMAP(#5678,#5848);
#5678=IFCAXIS2PLACEMENT3D(#5679,#5680,#5681);
#5679=IFCCARTESIANPOINT((0.,0.,0.));
#5680=IFCDIRECTION((0.,0.,1.));
#5681=IFCDIRECTION((1.,0.,0.));
#5699=IFCWINDOW('2le9SS279Asumq5GFJLrMh',$,'Window',$,$,#5873,#5709,$,0.89999997615814209,0.79229879379272461,$,.SINGLE_PANEL.,$);
#5701=IFCRELDEFINESBYTYPE('0YYPQ1jwHAJfYFrtq3es0k',$,$,$,(#5699),#5618);
#5702=IFCCARTESIANPOINT((0.,0.,0.));
#5703=IFCDIRECTION((1.,0.,0.));
#5704=IFCDIRECTION((0.,1.,0.));
#5705=IFCDIRECTION((0.,0.,1.));
#5706=IFCCARTESIANTRANSFORMATIONOPERATOR3D(#5703,#5704,#5702,1.,#5705);
#5707=IFCMAPPEDITEM(#5621,#5706);
#5708=IFCSHAPEREPRESENTATION(#18,'Profile','MappedRepresentation',(#5707));
#5709=IFCPRODUCTDEFINITIONSHAPE($,$,(#5708,#5716,#5723));
#5710=IFCCARTESIANPOINT((0.,0.,0.));
#5711=IFCDIRECTION((1.,0.,0.));
#5712=IFCDIRECTION((0.,1.,0.));
#5713=IFCDIRECTION((0.,0.,1.));
#5714=IFCCARTESIANTRANSFORMATIONOPERATOR3D(#5711,#5712,#5710,1.,#5713);
#5715=IFCMAPPEDITEM(#5629,#5714);
#5716=IFCSHAPEREPRESENTATION(#11,'Body','MappedRepresentation',(#5715));
#5717=IFCCARTESIANPOINT((0.,0.,0.));
#5718=IFCDIRECTION((1.,0.,0.));
#5719=IFCDIRECTION((0.,1.,0.));
#5720=IFCDIRECTION((0.,0.,1.));
#5721=IFCCARTESIANTRANSFORMATIONOPERATOR3D(#5718,#5719,#5717,1.,#5720);
#5722=IFCMAPPEDITEM(#5677,#5721);
#5723=IFCSHAPEREPRESENTATION(#24,'Body','MappedRepresentation',(#5722));
#5724=IFCOPENINGELEMENT('1Doenfg4D6AQA$zcIsQQmI',$,'Opening',$,$,#5868,#5752,$,.OPENING.);
#5740=IFCCARTESIANPOINT((0.,0.,0.));
#5741=IFCDIRECTION((1.,0.,0.));
#5742=IFCDIRECTION((0.,0.,1.));
#5743=IFCAXIS2PLACEMENT3D(#5740,#5742,#5741);
#5744=IFCREPRESENTATIONMAP(#5743,#5858);
#5745=IFCCARTESIANPOINT((0.,0.,0.));
#5746=IFCDIRECTION((1.,0.,0.));
#5747=IFCDIRECTION((0.,1.,0.));
#5748=IFCDIRECTION((0.,0.,1.));
#5749=IFCCARTESIANTRANSFORMATIONOPERATOR3D(#5746,#5747,#5745,1.,#5748);
#5750=IFCMAPPEDITEM(#5744,#5749);
#5751=IFCSHAPEREPRESENTATION(#11,'Body','MappedRepresentation',(#5750));
#5752=IFCPRODUCTDEFINITIONSHAPE($,$,(#5751));
#5753=IFCRELVOIDSELEMENT('3ZD2hB4t58_QqYmSVWN4bL',$,$,$,#228,#5724);
#5759=IFCRELFILLSELEMENT('0xYhxSpN13MuR9Qw8Jut65',$,$,$,#5724,#5699);
#5780=IFCCARTESIANPOINTLIST3D(((0.,0.,0.),(0.79229879379272461,0.,0.),(0.79229879379272461,0.,0.89999997615814209),(0.,0.,0.89999997615814209)));
#5781=IFCINDEXEDPOLYCURVE(#5780,(IFCLINEINDEX((1,2,3,4,1))),$);
#5782=IFCSHAPEREPRESENTATION(#18,'Profile','Curve3D',(#5781));
#5783=IFCCARTESIANPOINTLIST2D(((0.,0.),(0.79229879379272461,0.),(0.79229879379272461,0.89999997615814209),(0.,0.89999997615814209)));
#5784=IFCINDEXEDPOLYCURVE(#5783,(IFCLINEINDEX((1,2,3,4,1))),$);
#5785=IFCCARTESIANPOINTLIST2D(((0.02500000037252903,0.02500000037252903),(0.76729879342019558,0.02500000037252903),(0.76729879342019558,0.87499997578561306),(0.02500000037252903,0.87499997578561306)));
#5786=IFCINDEXEDPOLYCURVE(#5785,(IFCLINEINDEX((1,2,3,4,1))),$);
#5787=IFCARBITRARYPROFILEDEFWITHVOIDS(.AREA.,$,#5784,(#5786));
#5788=IFCCARTESIANPOINT((0.,0.090000001713633537,0.));
#5789=IFCDIRECTION((0.,-1.,0.));
#5790=IFCDIRECTION((1.,0.,0.));
#5791=IFCAXIS2PLACEMENT3D(#5788,#5789,#5790);
#5792=IFCDIRECTION((0.,0.,-1.));
#5793=IFCEXTRUDEDAREASOLID(#5787,#5791,#5792,0.0099999997764825821);
#5794=IFCCARTESIANPOINTLIST2D(((0.,0.),(0.79229879379272461,0.),(0.79229879379272461,0.89999997615814209),(0.,0.89999997615814209)));
#5795=IFCINDEXEDPOLYCURVE(#5794,(IFCLINEINDEX((1,2,3,4,1))),$);
#5796=IFCCARTESIANPOINTLIST2D(((0.05000000074505806,0.05000000074505806),(0.74229879304766655,0.05000000074505806),(0.74229879304766655,0.84999997541308403),(0.05000000074505806,0.84999997541308403)));
#5797=IFCINDEXEDPOLYCURVE(#5796,(IFCLINEINDEX((1,2,3,4,1))),$);
#5798=IFCARBITRARYPROFILEDEFWITHVOIDS(.AREA.,$,#5795,(#5797));
#5799=IFCCARTESIANPOINT((0.,0.05000000074505806,0.));
#5800=IFCDIRECTION((0.,-1.,0.));
#5801=IFCDIRECTION((1.,0.,0.));
#5802=IFCAXIS2PLACEMENT3D(#5799,#5800,#5801);
#5803=IFCDIRECTION((0.,0.,-1.));
#5804=IFCEXTRUDEDAREASOLID(#5798,#5802,#5803,0.040000000968575478);
#5805=IFCCARTESIANPOINTLIST2D(((0.,0.),(0.74229879304766655,0.),(0.74229879304766655,0.84999997541308403),(0.,0.84999997541308403)));
#5806=IFCINDEXEDPOLYCURVE(#5805,(IFCLINEINDEX((1,2,3,4,1))),$);
#5807=IFCCARTESIANPOINTLIST2D(((0.035000000149011612,0.035000000149011612),(0.70729879289865494,0.035000000149011612),(0.70729879289865494,0.81499997526407242),(0.035000000149011612,0.81499997526407242)));
#5808=IFCINDEXEDPOLYCURVE(#5807,(IFCLINEINDEX((1,2,3,4,1))),$);
#5809=IFCARBITRARYPROFILEDEFWITHVOIDS(.AREA.,$,#5806,(#5808));
#5810=IFCCARTESIANPOINT((0.02500000037252903,0.090000001713633537,0.02500000037252903));
#5811=IFCDIRECTION((0.,-1.,0.));
#5812=IFCDIRECTION((1.,0.,0.));
#5813=IFCAXIS2PLACEMENT3D(#5810,#5811,#5812);
#5814=IFCDIRECTION((0.,0.,-1.));
#5815=IFCEXTRUDEDAREASOLID(#5809,#5813,#5814,0.035000000149011612);
#5816=IFCINDEXEDPOLYCURVE(#5817,(IFCLINEINDEX((1,2,3,4,1))),$);
#5817=IFCCARTESIANPOINTLIST2D(((0.035000000149011612,0.035000000149011612),(0.70729879289865494,0.035000000149011612),(0.70729879289865494,0.81499997526407242),(0.035000000149011612,0.81499997526407242)));
#5818=IFCARBITRARYCLOSEDPROFILEDEF(.AREA.,$,#5816);
#5819=IFCCARTESIANPOINT((0.02500000037252903,0.10250000178813934,0.02500000037252903));
#5820=IFCDIRECTION((0.,-1.,0.));
#5821=IFCDIRECTION((1.,0.,0.));
#5822=IFCAXIS2PLACEMENT3D(#5819,#5820,#5821);
#5823=IFCDIRECTION((0.,0.,-1.));
#5824=IFCEXTRUDEDAREASOLID(#5818,#5822,#5823,0.01);
#5825=IFCSHAPEREPRESENTATION(#11,'Body','SweptSolid',(#5793,#5804,#5815,#5824));
#5826=IFCSHAPEREPRESENTATION(#11,'Body','SweptSolid',(#5793,#5804));
#5827=IFCSHAPEASPECT((#5826),'Lining',$,.T.,#5709);
#5828=IFCSHAPEREPRESENTATION(#11,'Body','SweptSolid',(#5815));
#5829=IFCSHAPEASPECT((#5828),'Framing',$,.T.,#5709);
#5830=IFCSHAPEREPRESENTATION(#11,'Body','SweptSolid',(#5824));
#5831=IFCSHAPEASPECT((#5830),'Glazing',$,.T.,#5709);
#5832=IFCCARTESIANPOINTLIST2D(((0.05000000074505806,0.05000000074505806),(0.74229879304766655,0.05000000074505806)));
#5833=IFCINDEXEDPOLYCURVE(#5832,$,$);
#5834=IFCCARTESIANPOINTLIST2D(((0.,0.10000000149011612),(0.02500000037252903,0.10000000149011612),(0.02500000037252903,0.090000001713633537),(0.05000000074505806,0.090000001713633537),(0.05000000074505806,0.05000000074505806),(0.,0.05000000074505806)));
#5835=IFCINDEXEDPOLYCURVE(#5834,(IFCLINEINDEX((1,2,3,4,5,6,1))),$);
#5836=IFCCARTESIANPOINTLIST2D(((0.79229879379272461,0.10000000149011612),(0.76729879342019558,0.10000000149011612),(0.76729879342019558,0.090000001713633537),(0.74229879304766655,0.090000001713633537),(0.74229879304766655,0.05000000074505806),(0.79229879379272461,0.05000000074505806)));
#5837=IFCINDEXEDPOLYCURVE(#5836,(IFCLINEINDEX((1,2,3,4,5,6,1))),$);
#5838=IFCCARTESIANPOINTLIST2D(((0.02500000037252903,0.090000001713633537),(0.060000000521540642,0.090000001713633537),(0.060000000521540642,0.12500000186264515),(0.02500000037252903,0.12500000186264515)));
#5839=IFCINDEXEDPOLYCURVE(#5838,(IFCLINEINDEX((1,2,3,4,1))),$);
#5840=IFCINDEXEDPOLYCURVE(#5841,(IFCLINEINDEX((1,2,3,4,1))),$);
#5841=IFCCARTESIANPOINTLIST2D(((0.76729879342019558,0.090000001713633537),(0.73229879327118397,0.090000001713633537),(0.73229879327118397,0.12500000186264515),(0.76729879342019558,0.12500000186264515)));
#5842=IFCCARTESIANPOINTLIST2D(((0.060000000521540642,0.090000001713633537),(0.73229879327118397,0.090000001713633537)));
#5843=IFCINDEXEDPOLYCURVE(#5842,$,$);
#5844=IFCINDEXEDPOLYCURVE(#5845,$,$);
#5845=IFCCARTESIANPOINTLIST2D(((0.060000000521540642,0.12500000186264515),(0.73229879327118397,0.12500000186264515)));
#5846=IFCINDEXEDPOLYCURVE(#5847,$,$);
#5847=IFCCARTESIANPOINTLIST2D(((0.060000000521540642,0.10750000178813934),(0.73229879327118397,0.10750000178813934)));
#5848=IFCSHAPEREPRESENTATION(#24,'Body','Curve2D',(#5833,#5835,#5837,#5839,#5840,#5843,#5844,#5846));
#5849=IFCCARTESIANPOINTLIST2D(((0.,0.),(0.79229879379272461,0.),(0.79229879379272461,0.89999997615814209),(0.,0.89999997615814209)));
#5850=IFCINDEXEDPOLYCURVE(#5849,(IFCLINEINDEX((1,2,3,4,1))),$);
#5851=IFCARBITRARYCLOSEDPROFILEDEF(.AREA.,$,#5850);
#5852=IFCCARTESIANPOINT((0.,-0.60000002384185791,0.));
#5853=IFCDIRECTION((0.,-1.,0.));
#5854=IFCDIRECTION((1.,0.,0.));
#5855=IFCAXIS2PLACEMENT3D(#5852,#5853,#5854);
#5856=IFCDIRECTION((0.,0.,-1.));
#5857=IFCEXTRUDEDAREASOLID(#5851,#5855,#5856,1.2);
#5858=IFCSHAPEREPRESENTATION(#11,'Body','SweptSolid',(#5857));
#5864=IFCCARTESIANPOINT((0.73036861419690757,-1.9242112703210523E-07,1.));
#5865=IFCDIRECTION((0.,0.,1.));
#5866=IFCDIRECTION((0.99999999999997158,-2.3841857910149749E-07,0.));
#5867=IFCAXIS2PLACEMENT3D(#5864,#5865,#5866);
#5868=IFCLOCALPLACEMENT(#239,#5867);
#5869=IFCCARTESIANPOINT((0.,8.8817841970012523E-16,0.));
#5870=IFCDIRECTION((0.,0.,1.));
#5871=IFCDIRECTION((1.,0.,0.));
#5872=IFCAXIS2PLACEMENT3D(#5869,#5870,#5871);
#5873=IFCLOCALPLACEMENT(#5868,#5872);
#5901=IFCROOFTYPE('149gZWRTX5QOEXGEhkxScO',$,'Unnamed',$,$,(#5902),(#5931,#5959),$,$,.HIP_ROOF.);
#5902=IFCPROPERTYSET('1948vJ5xr8hR3ZmD3_PNjt',$,'BBIM_Roof',$,(#5903));
#5903=IFCPROPERTYSINGLEVALUE('Data',$,IFCTEXT('{"roof_type": "HIP/GABLE ROOF", "generation_method": "ANGLE", "roof_thickness": 0.10000000149011612, "rafter_edge_angle": 1.5707963705062866, "angle": 0.1745329201221466, "percentage": 17.63269805908203, "path_data": {"edges": [[0, 1], [1, 2], [2, 3], [3, 0]], "verts": [[-5.0, -5.0, 0.0], [-5.0, 5.0, 0.0], [5.0, 5.0, 0.0], [5.0, -5.0, 0.0]]}}'),$);
#5927=IFCCARTESIANPOINT((0.,0.,0.));
#5928=IFCDIRECTION((1.,0.,0.));
#5929=IFCDIRECTION((0.,0.,1.));
#5930=IFCAXIS2PLACEMENT3D(#5927,#5929,#5928);
#5931=IFCREPRESENTATIONMAP(#5930,#5950);
#5932=IFCINDEXEDPOLYGONALFACE((3,1,2));
#5933=IFCINDEXEDPOLYGONALFACE((2,4,3));
#5934=IFCINDEXEDPOLYGONALFACE((1,3,5));
#5935=IFCINDEXEDPOLYGONALFACE((4,5,3));
#5936=IFCINDEXEDPOLYGONALFACE((6,7,8));
#5937=IFCINDEXEDPOLYGONALFACE((8,2,1));
#5938=IFCINDEXEDPOLYGONALFACE((8,1,6));
#5939=IFCINDEXEDPOLYGONALFACE((8,7,9));
#5940=IFCINDEXEDPOLYGONALFACE((2,8,9));
#5941=IFCINDEXEDPOLYGONALFACE((2,9,4));
#5942=IFCINDEXEDPOLYGONALFACE((10,7,6));
#5943=IFCINDEXEDPOLYGONALFACE((6,1,5));
#5944=IFCINDEXEDPOLYGONALFACE((6,5,10));
#5945=IFCINDEXEDPOLYGONALFACE((9,7,10));
#5946=IFCINDEXEDPOLYGONALFACE((4,9,10));
#5947=IFCINDEXEDPOLYGONALFACE((4,10,5));
#5948=IFCCARTESIANPOINTLIST3D(((-5.,-5.,0.),(5.,-5.,0.),(0.,0.,0.88163489103317261),(5.,5.,0.),(-5.,5.,0.),(-5.,-5.,-0.10154265910387039),(0.,0.,0.78009223937988281),(5.,-5.,-0.10154265910387039),(5.,5.,-0.10154265910387039),(-5.,5.,-0.10154265910387039)));
#5949=IFCPOLYGONALFACESET(#5948,.T.,(#5932,#5933,#5934,#5935,#5936,#5937,#5938,#5939,#5940,#5941,#5942,#5943,#5944,#5945,#5946,#5947),$);
#5950=IFCSHAPEREPRESENTATION(#11,'Body','Tessellation',(#5949));
#5952=IFCCARTESIANPOINT((-5.,-5.,-0.10154265910387039));
#5953=IFCBOUNDINGBOX(#5952,10.,10.,0.9831775426864624);
#5954=IFCSHAPEREPRESENTATION(#13,'Box','BoundingBox',(#5953));
#5955=IFCCARTESIANPOINT((0.,0.,0.));
#5956=IFCDIRECTION((1.,0.,0.));
#5957=IFCDIRECTION((0.,0.,1.));
#5958=IFCAXIS2PLACEMENT3D(#5955,#5957,#5956);
#5959=IFCREPRESENTATIONMAP(#5958,#5954);
#6006=IFCROOF('2J3zk5g1TDYPdAV_DrwUyf',$,'Roof',$,$,#17826,#6016,$,$);
#6007=IFCRELCONTAINEDINSPATIALSTRUCTURE('36MCQ_8TL0puyFM_OBkpWn',$,$,$,(#7721,#7824,#6880,#13366,#6805,#6006,#7005,#11308,#17411,#17433,#8482,#9195,#13159,#9712,#7586,#6930,#17455,#7786,#17477,#17259,#17232,#8882,#15874,#9894,#6980,#12861,#17384,#10878,#10286,#6905,#11813,#17210,#17553,#17575,#17663,#17357,#15625,#17729,#17751,#17795,#7651,#13543,#6830,#17619,#17685,#7030,#17707,#17773,#6955,#13186,#10578,#17526,#8628,#17504),#39);
#6008=IFCRELDEFINESBYTYPE('2I4RS81Iv1I9DStR_vaNNH',$,$,$,(#6006,#12080),#5901);
#6009=IFCCARTESIANPOINT((0.,0.,0.));
#6010=IFCDIRECTION((1.,0.,0.));
#6011=IFCDIRECTION((0.,1.,0.));
#6012=IFCDIRECTION((0.,0.,1.));
#6013=IFCCARTESIANTRANSFORMATIONOPERATOR3D(#6010,#6011,#6009,1.,#6012);
#6014=IFCMAPPEDITEM(#5931,#6013);
#6015=IFCSHAPEREPRESENTATION(#11,'Body','MappedRepresentation',(#6014));
#6016=IFCPRODUCTDEFINITIONSHAPE($,$,(#6015,#6023));
#6017=IFCCARTESIANPOINT((0.,0.,0.));
#6018=IFCDIRECTION((1.,0.,0.));
#6019=IFCDIRECTION((0.,1.,0.));
#6020=IFCDIRECTION((0.,0.,1.));
#6021=IFCCARTESIANTRANSFORMATIONOPERATOR3D(#6018,#6019,#6017,1.,#6020);
#6022=IFCMAPPEDITEM(#5959,#6021);
#6023=IFCSHAPEREPRESENTATION(#13,'Box','MappedRepresentation',(#6022));
#6805=IFCWALL('0Jkge0AT50UwC8aRQ1hiF6',$,'Wall',$,$,#17886,#6811,$,$);
#6806=IFCMATERIALLAYERSETUSAGE(#82,.AXIS2.,.POSITIVE.,0.,$);
#6807=IFCRELASSOCIATESMATERIAL('31ovVaYNrDUg3vVVqPNpPF',$,$,$,(#6805),#6806);
#6811=IFCPRODUCTDEFINITIONSHAPE($,$,(#12297,#12294));
#6827=IFCPROPERTYSET('21QTTiXjTDIOtEnKisyFB1',$,'EPset_Parametric',$,(#6829));
#6828=IFCRELDEFINESBYPROPERTIES('21hnAEqOnFIwOxjdO4x7oa',$,$,$,(#6805),#6827);
#6829=IFCPROPERTYSINGLEVALUE('Engine',$,IFCLABEL('Bonsai.DumbLayer2'),$);
#6830=IFCWALL('2q4x71mob4Tu_JDEOThuxf',$,'Wall',$,$,#17891,#6836,$,$);
#6831=IFCMATERIALLAYERSETUSAGE(#82,.AXIS2.,.POSITIVE.,0.,$);
#6832=IFCRELASSOCIATESMATERIAL('33bOg1IpL2BArjP_v2G$AL',$,$,$,(#6830),#6831);
#6836=IFCPRODUCTDEFINITIONSHAPE($,$,(#12166,#12163));
#6852=IFCPROPERTYSET('11Yt7LyPj2699WLr5nSrsS',$,'EPset_Parametric',$,(#6854));
#6853=IFCRELDEFINESBYPROPERTIES('2RyX67T$DBefl9Jx0kDSPa',$,$,$,(#6830),#6852);
#6854=IFCPROPERTYSINGLEVALUE('Engine',$,IFCLABEL('Bonsai.DumbLayer2'),$);
#6880=IFCWALL('2qpcBKNGr429lOO53l5yzA',$,'Wall',$,$,#17881,#6886,$,$);
#6881=IFCMATERIALLAYERSETUSAGE(#82,.AXIS2.,.POSITIVE.,0.,$);
#6882=IFCRELASSOCIATESMATERIAL('3OuuLJnEjEE9k2xsV_Xv1Y',$,$,$,(#6880),#6881);
#6886=IFCPRODUCTDEFINITIONSHAPE($,$,(#8171,#8168));
#6902=IFCPROPERTYSET('1YUPXjnQTBjgavUK0$1_TT',$,'EPset_Parametric',$,(#6904));
#6903=IFCRELDEFINESBYPROPERTIES('3hQFsECln3a9JpNTFL61gw',$,$,$,(#6880),#6902);
#6904=IFCPROPERTYSINGLEVALUE('Engine',$,IFCLABEL('Bonsai.DumbLayer2'),$);
#6905=IFCWALL('2V9ETdPgHCAQ_8FXHeGWCN',$,'Wall',$,$,#17831,#6911,$,$);
#6906=IFCMATERIALLAYERSETUSAGE(#82,.AXIS2.,.POSITIVE.,0.,$);
#6907=IFCRELASSOCIATESMATERIAL('29WoD2vmrE29x4QeCe1wO1',$,$,$,(#6905),#6906);
#6911=IFCPRODUCTDEFINITIONSHAPE($,$,(#7650,#7647));
#6927=IFCPROPERTYSET('2yqpXTnYf9_e4My8GdlFCz',$,'EPset_Parametric',$,(#6929));
#6928=IFCRELDEFINESBYPROPERTIES('2rheuBUBz2SwW93HKLALHK',$,$,$,(#6905),#6927);
#6929=IFCPROPERTYSINGLEVALUE('Engine',$,IFCLABEL('Bonsai.DumbLayer2'),$);
#6930=IFCWALL('2jRTKxgtXDZw0g1QFvCaev',$,'Wall',$,$,#17836,#6936,$,$);
#6931=IFCMATERIALLAYERSETUSAGE(#82,.AXIS2.,.POSITIVE.,0.,$);
#6932=IFCRELASSOCIATESMATERIAL('1oY_FC$OfCK9oXuqHrmLmi',$,$,$,(#6930),#6931);
#6936=IFCPRODUCTDEFINITIONSHAPE($,$,(#7720,#7717));
#6952=IFCPROPERTYSET('2pTez4CZP0gvZGLhW7Xp8U',$,'EPset_Parametric',$,(#6954));
#6953=IFCRELDEFINESBYPROPERTIES('1P9UjULeH5pPz1vummPRoZ',$,$,$,(#6930),#6952);
#6954=IFCPROPERTYSINGLEVALUE('Engine',$,IFCLABEL('Bonsai.DumbLayer2'),$);
#6955=IFCWALL('0RvwBhmwzAV8X7bGduLtJt',$,'Wall',$,$,#17841,#6961,$,$);
#6956=IFCMATERIALLAYERSETUSAGE(#82,.AXIS2.,.POSITIVE.,0.,$);
#6957=IFCRELASSOCIATESMATERIAL('1BfRuuJ8XEBx$j8nr_1dGF',$,$,$,(#6955),#6956);
#6961=IFCPRODUCTDEFINITIONSHAPE($,$,(#7403,#7400));
#6977=IFCPROPERTYSET('2wUXgp3dL0OQlt6prcF9m3',$,'EPset_Parametric',$,(#6979));
#6978=IFCRELDEFINESBYPROPERTIES('0FYXH6f3H9CB8HpWHlD6OM',$,$,$,(#6955),#6977);
#6979=IFCPROPERTYSINGLEVALUE('Engine',$,IFCLABEL('Bonsai.DumbLayer2'),$);
#6980=IFCWALL('1xwISUJfj1oPZ2TZ6Q1K8q',$,'Wall',$,$,#17846,#6986,$,$);
#6981=IFCMATERIALLAYERSETUSAGE(#82,.AXIS2.,.POSITIVE.,0.,$);
#6982=IFCRELASSOCIATESMATERIAL('1wFpIY86v9EObc1cCFdE11',$,$,$,(#6980),#6981);
#6986=IFCPRODUCTDEFINITIONSHAPE($,$,(#7435,#7432));
#7002=IFCPROPERTYSET('1CwdUq0fr0h8Uc9m2D2l_m',$,'EPset_Parametric',$,(#7004));
#7003=IFCRELDEFINESBYPROPERTIES('1ChtkyICr2jvUHsoaRvGvg',$,$,$,(#6980),#7002);
#7004=IFCPROPERTYSINGLEVALUE('Engine',$,IFCLABEL('Bonsai.DumbLayer2'),$);
#7005=IFCWALL('00gD$dNsz2qe$KTji1HV3V',$,'Wall',$,$,#17851,#7011,$,$);
#7006=IFCMATERIALLAYERSETUSAGE(#82,.AXIS2.,.POSITIVE.,0.,$);
#7007=IFCRELASSOCIATESMATERIAL('3Q60m0bSH8EgfH$xx4_dZ2',$,$,$,(#7005),#7006);
#7011=IFCPRODUCTDEFINITIONSHAPE($,$,(#7467,#7464));
#7027=IFCPROPERTYSET('2onA7UKJ97Aw95Ga6kzD7Y',$,'EPset_Parametric',$,(#7029));
#7028=IFCRELDEFINESBYPROPERTIES('0hQpdjoIHAm89JN$yzi$kZ',$,$,$,(#7005),#7027);
#7029=IFCPROPERTYSINGLEVALUE('Engine',$,IFCLABEL('Bonsai.DumbLayer2'),$);
#7030=IFCWALL('1k9fCHzRTC9h0xyXx9gMoP',$,'Wall',$,$,#17856,#7036,$,$);
#7031=IFCMATERIALLAYERSETUSAGE(#82,.AXIS2.,.POSITIVE.,0.,$);
#7032=IFCRELASSOCIATESMATERIAL('0TBrmb41P9ivnlJlc0RoKu',$,$,$,(#7030),#7031);
#7036=IFCPRODUCTDEFINITIONSHAPE($,$,(#12551,#12548));
#7052=IFCPROPERTYSET('1ekRfV9mj8r8KTGMnD8jWv',$,'EPset_Parametric',$,(#7054));
#7053=IFCRELDEFINESBYPROPERTIES('1wdE3sLbr72hreV$9XuA0R',$,$,$,(#7030),#7052);
#7054=IFCPROPERTYSINGLEVALUE('Engine',$,IFCLABEL('Bonsai.DumbLayer2'),$);
#7276=IFCRELCONNECTSPATHELEMENTS('1AJ163Huz5D9LdvxX9cShW',$,$,$,$,#6905,#6880,(),(),.ATEND.,.ATSTART.);
#7308=IFCRELCONNECTSPATHELEMENTS('3TsMQi4mjBG9VYlL8nhbFC',$,$,$,$,#6930,#6905,(),(),.ATEND.,.ATSTART.);
#7372=IFCRELCONNECTSPATHELEMENTS('3ACpcPulX739e98pH6qquI',$,$,$,$,#6980,#6955,(),(),.ATEND.,.ATSTART.);
#7391=IFCCARTESIANPOINTLIST2D(((0.,0.),(-0.10000000437113893,0.10000000000000001),(0.59999978105212948,0.10000000000000001),(0.69999980926513017,0.)));
#7392=IFCINDEXEDPOLYCURVE(#7391,(IFCLINEINDEX((1,2,3,4,1))),$);
#7393=IFCARBITRARYCLOSEDPROFILEDEF(.AREA.,$,#7392);
#7394=IFCCARTESIANPOINT((0.,0.,0.));
#7395=IFCDIRECTION((0.,0.,1.));
#7396=IFCDIRECTION((1.,0.,0.));
#7397=IFCAXIS2PLACEMENT3D(#7394,#7395,#7396);
#7398=IFCDIRECTION((0.,0.,1.));
#7399=IFCEXTRUDEDAREASOLID(#7393,#7397,#7398,3.);
#7400=IFCSHAPEREPRESENTATION(#11,'Body','SweptSolid',(#7399));
#7401=IFCCARTESIANPOINTLIST2D(((0.,0.),(0.69999980926513017,0.)));
#7402=IFCINDEXEDPOLYCURVE(#7401,$,$);
#7403=IFCSHAPEREPRESENTATION(#23,'Axis','Curve2D',(#7402));
#7404=IFCRELCONNECTSPATHELEMENTS('283tkSPD5E2xjF3YinGp4Z',$,$,$,$,#7005,#6980,(),(),.ATEND.,.ATSTART.);
#7423=IFCCARTESIANPOINTLIST2D(((0.,0.),(0.10000002821300073,0.10000000000000001),(1.6999999753645454,0.10000000000000001),(1.5999999352306111,0.)));
#7424=IFCINDEXEDPOLYCURVE(#7423,(IFCLINEINDEX((1,2,3,4,1))),$);
#7425=IFCARBITRARYCLOSEDPROFILEDEF(.AREA.,$,#7424);
#7426=IFCCARTESIANPOINT((0.,0.,0.));
#7427=IFCDIRECTION((0.,0.,1.));
#7428=IFCDIRECTION((1.,0.,0.));
#7429=IFCAXIS2PLACEMENT3D(#7426,#7427,#7428);
#7430=IFCDIRECTION((0.,0.,1.));
#7431=IFCEXTRUDEDAREASOLID(#7425,#7429,#7430,3.);
#7432=IFCSHAPEREPRESENTATION(#11,'Body','SweptSolid',(#7431));
#7433=IFCCARTESIANPOINTLIST2D(((0.,0.),(1.5999999352306111,0.)));
#7434=IFCINDEXEDPOLYCURVE(#7433,$,$);
#7435=IFCSHAPEREPRESENTATION(#23,'Axis','Curve2D',(#7434));
#7436=IFCRELCONNECTSPATHELEMENTS('2ZNMcfCZv9$gUppsbg93rP',$,$,$,$,#7030,#7005,(),(),.ATEND.,.ATSTART.);
#7455=IFCCARTESIANPOINTLIST2D(((0.,0.),(-0.10000004013393446,0.10000000000000001),(0.7999999837079339,0.10000000000000001),(0.90000000000000369,0.)));
#7456=IFCINDEXEDPOLYCURVE(#7455,(IFCLINEINDEX((1,2,3,4,1))),$);
#7457=IFCARBITRARYCLOSEDPROFILEDEF(.AREA.,$,#7456);
#7458=IFCCARTESIANPOINT((0.,0.,0.));
#7459=IFCDIRECTION((0.,0.,1.));
#7460=IFCDIRECTION((1.,0.,0.));
#7461=IFCAXIS2PLACEMENT3D(#7458,#7459,#7460);
#7462=IFCDIRECTION((0.,0.,1.));
#7463=IFCEXTRUDEDAREASOLID(#7457,#7461,#7462,3.);
#7464=IFCSHAPEREPRESENTATION(#11,'Body','SweptSolid',(#7463));
#7465=IFCCARTESIANPOINTLIST2D(((0.,0.),(0.90000000000000369,0.)));
#7466=IFCINDEXEDPOLYCURVE(#7465,$,$);
#7467=IFCSHAPEREPRESENTATION(#23,'Axis','Curve2D',(#7466));
#7586=IFCWALL('2SzLXfO0nFIhCTS6UkXlwP',$,'Wall',$,$,#17861,#7592,$,$);
#7587=IFCMATERIALLAYERSETUSAGE(#82,.AXIS2.,.POSITIVE.,0.,$);
#7588=IFCRELASSOCIATESMATERIAL('0x7KQXjIv7dvRZNp9sEEel',$,$,$,(#7586),#7587);
#7592=IFCPRODUCTDEFINITIONSHAPE($,$,(#8216,#8213));
#7608=IFCPROPERTYSET('1RBznM6zL2NfFuoh8oRpUL',$,'EPset_Parametric',$,(#7610));
#7609=IFCRELDEFINESBYPROPERTIES('1zqqTjXv94vRLF9QwHJf$l',$,$,$,(#7586),#7608);
#7610=IFCPROPERTYSINGLEVALUE('Engine',$,IFCLABEL('Bonsai.DumbLayer2'),$);
#7624=IFCRELCONNECTSPATHELEMENTS('1V8lCwVqTA0xvZwp41oUGl',$,$,$,$,#7586,#6905,(),(),.ATPATH.,.ATEND.);
#7638=IFCCARTESIANPOINTLIST2D(((0.,0.),(0.1000000464912377,0.10000000000000001),(7.0000002825169769,0.10000000000000001),(7.1000002749671873,0.)));
#7639=IFCINDEXEDPOLYCURVE(#7638,(IFCLINEINDEX((1,2,3,4,1))),$);
#7640=IFCARBITRARYCLOSEDPROFILEDEF(.AREA.,$,#7639);
#7641=IFCCARTESIANPOINT((0.,0.,0.));
#7642=IFCDIRECTION((0.,0.,1.));
#7643=IFCDIRECTION((1.,0.,0.));
#7644=IFCAXIS2PLACEMENT3D(#7641,#7642,#7643);
#7645=IFCDIRECTION((0.,0.,1.));
#7646=IFCEXTRUDEDAREASOLID(#7640,#7644,#7645,3.);
#7647=IFCSHAPEREPRESENTATION(#11,'Body','SweptSolid',(#7646));
#7648=IFCCARTESIANPOINTLIST2D(((0.,0.),(7.1000002749671873,0.)));
#7649=IFCINDEXEDPOLYCURVE(#7648,$,$);
#7650=IFCSHAPEREPRESENTATION(#23,'Axis','Curve2D',(#7649));
#7651=IFCWALL('0nc7Jz4Cv4MwCFLeI$aMsO',$,'Wall',$,$,#17866,#7657,$,$);
#7652=IFCMATERIALLAYERSETUSAGE(#82,.AXIS2.,.POSITIVE.,0.,$);
#7653=IFCRELASSOCIATESMATERIAL('3v_3vqlWH3Nf$s$$Fh65vv',$,$,$,(#7651),#7652);
#7657=IFCPRODUCTDEFINITIONSHAPE($,$,(#8112,#8109));
#7673=IFCPROPERTYSET('36MCp87ZP2_QfX4iEUb$Je',$,'EPset_Parametric',$,(#7675));
#7674=IFCRELDEFINESBYPROPERTIES('22wYW1HOH60RLTRuC5rOSc',$,$,$,(#7651),#7673);
#7675=IFCPROPERTYSINGLEVALUE('Engine',$,IFCLABEL('Bonsai.DumbLayer2'),$);
#7689=IFCRELCONNECTSPATHELEMENTS('0JzsH70uH6CPIEJ3ATDUEB',$,$,$,$,#7651,#6930,(),(),.ATEND.,.ATSTART.);
#7708=IFCCARTESIANPOINTLIST2D(((0.,0.),(0.099999992450210171,0.10000000000000001),(3.499999934841636,0.10000000000000001),(3.5999999272918459,0.)));
#7709=IFCINDEXEDPOLYCURVE(#7708,(IFCLINEINDEX((1,2,3,4,1))),$);
#7710=IFCARBITRARYCLOSEDPROFILEDEF(.AREA.,$,#7709);
#7711=IFCCARTESIANPOINT((0.,0.,0.));
#7712=IFCDIRECTION((0.,0.,1.));
#7713=IFCDIRECTION((1.,0.,0.));
#7714=IFCAXIS2PLACEMENT3D(#7711,#7712,#7713);
#7715=IFCDIRECTION((0.,0.,1.));
#7716=IFCEXTRUDEDAREASOLID(#7710,#7714,#7715,3.);
#7717=IFCSHAPEREPRESENTATION(#11,'Body','SweptSolid',(#7716));
#7718=IFCCARTESIANPOINTLIST2D(((0.,0.),(3.5999999272918459,0.)));
#7719=IFCINDEXEDPOLYCURVE(#7718,$,$);
#7720=IFCSHAPEREPRESENTATION(#23,'Axis','Curve2D',(#7719));
#7721=IFCWALL('1xhOAhnmzFohdtUhA$7xBm',$,'Wall',$,$,#17871,#7727,$,$);
#7722=IFCMATERIALLAYERSETUSAGE(#82,.AXIS2.,.POSITIVE.,0.,$);
#7723=IFCRELASSOCIATESMATERIAL('1H4aCY$I92wwWg7MStC2O5',$,$,$,(#7721),#7722);
#7727=IFCPRODUCTDEFINITIONSHAPE($,$,(#12230,#12227));
#7743=IFCPROPERTYSET('3FlIn0oQjFVOpChGyc9phR',$,'EPset_Parametric',$,(#7745));
#7744=IFCRELDEFINESBYPROPERTIES('3JKXTCCVr5sR7BRQ4LAl89',$,$,$,(#7721),#7743);
#7745=IFCPROPERTYSINGLEVALUE('Engine',$,IFCLABEL('Bonsai.DumbLayer2'),$);
#7786=IFCWALL('32XW$8om52tAOKrZ8$4Zwt',$,'Wall',$,$,#17876,#7792,$,$);
#7787=IFCMATERIALLAYERSETUSAGE(#82,.AXIS2.,.POSITIVE.,0.,$);
#7788=IFCRELASSOCIATESMATERIAL('3hu0TtDwXFuOk9CojMvn82',$,$,$,(#7786),#7787);
#7792=IFCPRODUCTDEFINITIONSHAPE($,$,(#8270,#8267));
#7808=IFCPROPERTYSET('2EdCH2llr8qfOmJQRuZVlD',$,'EPset_Parametric',$,(#7810));
#7809=IFCRELDEFINESBYPROPERTIES('0$Dze0VIH1QwbS3SG6b3W$',$,$,$,(#7786),#7808);
#7810=IFCPROPERTYSINGLEVALUE('Engine',$,IFCLABEL('Bonsai.DumbLayer2'),$);
#7824=IFCWALL('3DFkaiK3z5DQzzB$OJL4te',$,'Wall',$,$,#17896,#7830,$,$);
#7825=IFCMATERIALLAYERSETUSAGE(#82,.AXIS2.,.POSITIVE.,0.,$);
#7826=IFCRELASSOCIATESMATERIAL('13zkIquXb1bP3c55stabk3',$,$,$,(#7824),#7825);
#7830=IFCPRODUCTDEFINITIONSHAPE($,$,(#12193,#12190));
#7846=IFCPROPERTYSET('2lxi5j54X9guHoixh6KqsP',$,'EPset_Parametric',$,(#7848));
#7847=IFCRELDEFINESBYPROPERTIES('03TU5eNuH3KRl6O2Ip4ZJ$',$,$,$,(#7824),#7846);
#7848=IFCPROPERTYSINGLEVALUE('Engine',$,IFCLABEL('Bonsai.DumbLayer2'),$);
#7916=IFCRELCONNECTSPATHELEMENTS('0RQ8XMy4j3TgJ5AtOCEouu',$,$,$,$,#7721,#7651,(),(),.ATPATH.,.ATSTART.);
#8099=IFCRELCONNECTSPATHELEMENTS('2f_rYZ69v6dOQKtj4OO$E7',$,$,$,$,#7651,#7586,(),(),.ATPATH.,.ATEND.);
#8100=IFCCARTESIANPOINTLIST2D(((0.,0.),(0.099999992450210157,0.10000000000000001),(4.1001562104667642,0.10000000000000001),(4.1001562092742772,0.)));
#8101=IFCINDEXEDPOLYCURVE(#8100,(IFCLINEINDEX((1,2,3,4,1))),$);
#8102=IFCARBITRARYCLOSEDPROFILEDEF(.AREA.,$,#8101);
#8103=IFCCARTESIANPOINT((0.,0.,0.));
#8104=IFCDIRECTION((0.,0.,1.));
#8105=IFCDIRECTION((1.,0.,0.));
#8106=IFCAXIS2PLACEMENT3D(#8103,#8104,#8105);
#8107=IFCDIRECTION((0.,0.,1.));
#8108=IFCEXTRUDEDAREASOLID(#8102,#8106,#8107,3.);
#8109=IFCSHAPEREPRESENTATION(#11,'Body','SweptSolid',(#8108));
#8110=IFCCARTESIANPOINTLIST2D(((0.,0.),(4.2001562092742768,0.)));
#8111=IFCINDEXEDPOLYCURVE(#8110,$,$);
#8112=IFCSHAPEREPRESENTATION(#23,'Axis','Curve2D',(#8111));
#8158=IFCRELCONNECTSPATHELEMENTS('0aO13mER14ewogL6VycmnZ',$,$,$,$,#6880,#7786,(),(),.ATPATH.,.ATSTART.);
#8159=IFCCARTESIANPOINTLIST2D(((0.,0.),(-4.6491226868283775E-08,0.10000000000000001),(3.400000243982535,0.10000000000000001),(3.5000002904737726,0.)));
#8160=IFCINDEXEDPOLYCURVE(#8159,(IFCLINEINDEX((1,2,3,4,1))),$);
#8161=IFCARBITRARYCLOSEDPROFILEDEF(.AREA.,$,#8160);
#8162=IFCCARTESIANPOINT((0.,0.,0.));
#8163=IFCDIRECTION((0.,0.,1.));
#8164=IFCDIRECTION((1.,0.,0.));
#8165=IFCAXIS2PLACEMENT3D(#8162,#8163,#8164);
#8166=IFCDIRECTION((0.,0.,1.));
#8167=IFCEXTRUDEDAREASOLID(#8161,#8165,#8166,3.);
#8168=IFCSHAPEREPRESENTATION(#11,'Body','SweptSolid',(#8167));
#8169=IFCCARTESIANPOINTLIST2D(((0.,0.),(3.5000002904737726,0.)));
#8170=IFCINDEXEDPOLYCURVE(#8169,$,$);
#8171=IFCSHAPEREPRESENTATION(#23,'Axis','Curve2D',(#8170));
#8190=IFCRELCONNECTSPATHELEMENTS('3LdYoIL3P1Fe_a_xIBUms4',$,$,$,$,#7786,#7586,(),(),.ATPATH.,.ATEND.);
#8204=IFCCARTESIANPOINTLIST2D(((0.,0.),(0.,0.10000000000000001),(3.4705029400345273,0.10000000000000001),(3.4705029563265954,0.)));
#8205=IFCINDEXEDPOLYCURVE(#8204,(IFCLINEINDEX((1,2,3,4,1))),$);
#8206=IFCARBITRARYCLOSEDPROFILEDEF(.AREA.,$,#8205);
#8207=IFCCARTESIANPOINT((0.,0.,0.));
#8208=IFCDIRECTION((0.,0.,1.));
#8209=IFCDIRECTION((1.,0.,0.));
#8210=IFCAXIS2PLACEMENT3D(#8207,#8208,#8209);
#8211=IFCDIRECTION((0.,0.,1.));
#8212=IFCEXTRUDEDAREASOLID(#8206,#8210,#8211,3.);
#8213=IFCSHAPEREPRESENTATION(#11,'Body','SweptSolid',(#8212));
#8214=IFCCARTESIANPOINTLIST2D(((0.,0.),(3.5705029563265964,0.)));
#8215=IFCINDEXEDPOLYCURVE(#8214,$,$);
#8216=IFCSHAPEREPRESENTATION(#23,'Axis','Curve2D',(#8215));
#8217=IFCRELCONNECTSPATHELEMENTS('1L4aGQdEH6rvJusFVMkQXS',$,$,$,$,#7786,#6830,(),(),.ATEND.,.ATSTART.);
#8244=IFCRELCONNECTSPATHELEMENTS('0fkhj8q2P0Te1W9Xmz0by2',$,$,$,$,#7824,#7786,(),(),.ATPATH.,.ATEND.);
#8258=IFCCARTESIANPOINTLIST2D(((0.,0.),(0.10000001629206913,0.10000000000000001),(3.8998430901825825,0.10000000000000001),(3.8998430738905148,0.)));
#8259=IFCINDEXEDPOLYCURVE(#8258,(IFCLINEINDEX((1,2,3,4,1))),$);
#8260=IFCARBITRARYCLOSEDPROFILEDEF(.AREA.,$,#8259);
#8261=IFCCARTESIANPOINT((0.,0.,0.));
#8262=IFCDIRECTION((0.,0.,1.));
#8263=IFCDIRECTION((1.,0.,0.));
#8264=IFCAXIS2PLACEMENT3D(#8261,#8262,#8263);
#8265=IFCDIRECTION((0.,0.,1.));
#8266=IFCEXTRUDEDAREASOLID(#8260,#8264,#8265,3.);
#8267=IFCSHAPEREPRESENTATION(#11,'Body','SweptSolid',(#8266));
#8268=IFCCARTESIANPOINTLIST2D(((0.,0.),(3.8998430738905148,0.)));
#8269=IFCINDEXEDPOLYCURVE(#8268,$,$);
#8270=IFCSHAPEREPRESENTATION(#23,'Axis','Curve2D',(#8269));
#8271=IFCWINDOWTYPE('013a$qB817Q9dOh_UwF1r6',$,'Master-2-2F',$,$,(#8272),(#8274,#8282,#8330),$,$,.WINDOW.,.SINGLE_PANEL.,$,$);
#8272=IFCPROPERTYSET('1dOsE_um16IfF7ATDs$fNw',$,'BBIM_Window',$,(#8273));
#8273=IFCPROPERTYSINGLEVALUE('Data',$,IFCTEXT('{"window_type": "SINGLE_PANEL", "overall_height": 0.8999999761581421, "overall_width": 0.7650333642959595, "lining_properties": {"lining_depth": 0.05000000074505806, "lining_thickness": 0.05000000074505806, "lining_offset": 0.05000000074505806, "lining_to_panel_offset_x": 0.02500000037252903, "lining_to_panel_offset_y": 0.02500000037252903}, "panel_properties": {"frame_depth": [0.03500000014901161, 0.03500000014901161, 0.03500000014901161], "frame_thickness": [0.03500000014901161, 0.03500000014901161, 0.03500000014901161]}}'),$);
#8274=IFCREPRESENTATIONMAP(#8275,#8694);
#8275=IFCAXIS2PLACEMENT3D(#8276,#8277,#8278);
#8276=IFCCARTESIANPOINT((0.,0.,0.));
#8277=IFCDIRECTION((0.,0.,1.));
#8278=IFCDIRECTION((1.,0.,0.));
#8282=IFCREPRESENTATIONMAP(#8283,#8737);
#8283=IFCAXIS2PLACEMENT3D(#8284,#8285,#8286);
#8284=IFCCARTESIANPOINT((0.,0.,0.));
#8285=IFCDIRECTION((0.,0.,1.));
#8286=IFCDIRECTION((1.,0.,0.));
#8330=IFCREPRESENTATIONMAP(#8331,#8760);
#8331=IFCAXIS2PLACEMENT3D(#8332,#8333,#8334);
#8332=IFCCARTESIANPOINT((0.,0.,0.));
#8333=IFCDIRECTION((0.,0.,1.));
#8334=IFCDIRECTION((1.,0.,0.));
#8482=IFCWINDOW('25OGR$bYn0aerjBwkRQYMO',$,'Window',$,$,#8800,#8491,$,0.89999997615814209,0.76503336429595947,$,$,$);
#8483=IFCRELDEFINESBYTYPE('20boGtuxb1RujQOMNzARbn',$,$,$,(#8628,#8482),#8271);
#8484=IFCCARTESIANPOINT((0.,0.,0.));
#8485=IFCDIRECTION((1.,0.,0.));
#8486=IFCDIRECTION((0.,1.,0.));
#8487=IFCDIRECTION((0.,0.,1.));
#8488=IFCCARTESIANTRANSFORMATIONOPERATOR3D(#8485,#8486,#8484,1.,#8487);
#8489=IFCMAPPEDITEM(#8274,#8488);
#8490=IFCSHAPEREPRESENTATION(#18,'Profile','MappedRepresentation',(#8489));
#8491=IFCPRODUCTDEFINITIONSHAPE($,$,(#8490,#8498,#8505));
#8492=IFCCARTESIANPOINT((0.,0.,0.));
#8493=IFCDIRECTION((1.,0.,0.));
#8494=IFCDIRECTION((0.,1.,0.));
#8495=IFCDIRECTION((0.,0.,1.));
#8496=IFCCARTESIANTRANSFORMATIONOPERATOR3D(#8493,#8494,#8492,1.,#8495);
#8497=IFCMAPPEDITEM(#8282,#8496);
#8498=IFCSHAPEREPRESENTATION(#11,'Body','MappedRepresentation',(#8497));
#8499=IFCCARTESIANPOINT((0.,0.,0.));
#8500=IFCDIRECTION((1.,0.,0.));
#8501=IFCDIRECTION((0.,1.,0.));
#8502=IFCDIRECTION((0.,0.,1.));
#8503=IFCCARTESIANTRANSFORMATIONOPERATOR3D(#8500,#8501,#8499,1.,#8502);
#8504=IFCMAPPEDITEM(#8330,#8503);
#8505=IFCSHAPEREPRESENTATION(#24,'Body','MappedRepresentation',(#8504));
#8506=IFCOPENINGELEMENT('19vIMlzhvAW85CAXZOMq$r',$,'Opening',$,$,#8795,#8534,$,.OPENING.);
#8522=IFCCARTESIANPOINT((0.,0.,0.));
#8523=IFCDIRECTION((1.,0.,0.));
#8524=IFCDIRECTION((0.,0.,1.));
#8525=IFCAXIS2PLACEMENT3D(#8522,#8524,#8523);
#8526=IFCREPRESENTATIONMAP(#8525,#8770);
#8527=IFCCARTESIANPOINT((0.,0.,0.));
#8528=IFCDIRECTION((1.,0.,0.));
#8529=IFCDIRECTION((0.,1.,0.));
#8530=IFCDIRECTION((0.,0.,1.));
#8531=IFCCARTESIANTRANSFORMATIONOPERATOR3D(#8528,#8529,#8527,1.,#8530);
#8532=IFCMAPPEDITEM(#8526,#8531);
#8533=IFCSHAPEREPRESENTATION(#11,'Body','MappedRepresentation',(#8532));
#8534=IFCPRODUCTDEFINITIONSHAPE($,$,(#8533));
#8535=IFCRELVOIDSELEMENT('1hcrQWjvj4Px9Kjl02u11d',$,$,$,#6905,#8506);
#8541=IFCRELFILLSELEMENT('0cdBwW0q5Dwvx6j512dtzG',$,$,$,#8506,#8482);
#8547=IFCWINDOWTYPE('3JwbQm3XHFnAToJlbJ0N6B',$,'Master-1-2F',$,$,(#8548),(#8550,#8558,#8606),$,$,.WINDOW.,.SINGLE_PANEL.,$,$);
#8548=IFCPROPERTYSET('1rf0P8OHv3OOC8yM5880jG',$,'BBIM_Window',$,(#8549));
#8549=IFCPROPERTYSINGLEVALUE('Data',$,IFCTEXT('{"window_type": "SINGLE_PANEL", "overall_height": 0.8999999761581421, "overall_width": 0.7650333642959595, "lining_properties": {"lining_depth": 0.05000000074505806, "lining_thickness": 0.05000000074505806, "lining_offset": 0.05000000074505806, "lining_to_panel_offset_x": 0.02500000037252903, "lining_to_panel_offset_y": 0.02500000037252903}, "panel_properties": {"frame_depth": [0.03500000014901161, 0.03500000014901161, 0.03500000014901161], "frame_thickness": [0.03500000014901161, 0.03500000014901161, 0.03500000014901161]}}'),$);
#8550=IFCREPRESENTATIONMAP(#8551,#8555);
#8551=IFCAXIS2PLACEMENT3D(#8552,#8553,#8554);
#8552=IFCCARTESIANPOINT((0.,0.,0.));
#8553=IFCDIRECTION((0.,0.,1.));
#8554=IFCDIRECTION((1.,0.,0.));
#8555=IFCSHAPEREPRESENTATION(#18,'Profile','Curve3D',(#8556));
#8556=IFCINDEXEDPOLYCURVE(#8557,(IFCLINEINDEX((1,2,3,4,1))),$);
#8557=IFCCARTESIANPOINTLIST3D(((0.,0.,0.),(0.76503336429595947,0.,0.),(0.76503336429595947,0.,0.89999997615814209),(0.,0.,0.89999997615814209)));
#8558=IFCREPRESENTATIONMAP(#8559,#8563);
#8559=IFCAXIS2PLACEMENT3D(#8560,#8561,#8562);
#8560=IFCCARTESIANPOINT((0.,0.,0.));
#8561=IFCDIRECTION((0.,0.,1.));
#8562=IFCDIRECTION((1.,0.,0.));
#8563=IFCSHAPEREPRESENTATION(#11,'Body','SweptSolid',(#8564,#8575,#8586,#8597));
#8564=IFCEXTRUDEDAREASOLID(#8565,#8570,#8574,0.0099999997764825821);
#8565=IFCARBITRARYPROFILEDEFWITHVOIDS(.AREA.,$,#8566,(#8568));
#8566=IFCINDEXEDPOLYCURVE(#8567,(IFCLINEINDEX((1,2,3,4,1))),$);
#8567=IFCCARTESIANPOINTLIST2D(((0.,0.),(0.76503336429595947,0.),(0.76503336429595947,0.89999997615814209),(0.,0.89999997615814209)));
#8568=IFCINDEXEDPOLYCURVE(#8569,(IFCLINEINDEX((1,2,3,4,1))),$);
#8569=IFCCARTESIANPOINTLIST2D(((0.02500000037252903,0.02500000037252903),(0.74003336392343044,0.02500000037252903),(0.74003336392343044,0.87499997578561306),(0.02500000037252903,0.87499997578561306)));
#8570=IFCAXIS2PLACEMENT3D(#8571,#8572,#8573);
#8571=IFCCARTESIANPOINT((0.,0.090000001713633537,0.));
#8572=IFCDIRECTION((0.,-1.,0.));
#8573=IFCDIRECTION((1.,0.,0.));
#8574=IFCDIRECTION((0.,0.,-1.));
#8575=IFCEXTRUDEDAREASOLID(#8576,#8581,#8585,0.040000000968575478);
#8576=IFCARBITRARYPROFILEDEFWITHVOIDS(.AREA.,$,#8577,(#8579));
#8577=IFCINDEXEDPOLYCURVE(#8578,(IFCLINEINDEX((1,2,3,4,1))),$);
#8578=IFCCARTESIANPOINTLIST2D(((0.,0.),(0.76503336429595947,0.),(0.76503336429595947,0.89999997615814209),(0.,0.89999997615814209)));
#8579=IFCINDEXEDPOLYCURVE(#8580,(IFCLINEINDEX((1,2,3,4,1))),$);
#8580=IFCCARTESIANPOINTLIST2D(((0.05000000074505806,0.05000000074505806),(0.71503336355090141,0.05000000074505806),(0.71503336355090141,0.84999997541308403),(0.05000000074505806,0.84999997541308403)));
#8581=IFCAXIS2PLACEMENT3D(#8582,#8583,#8584);
#8582=IFCCARTESIANPOINT((0.,0.05000000074505806,0.));
#8583=IFCDIRECTION((0.,-1.,0.));
#8584=IFCDIRECTION((1.,0.,0.));
#8585=IFCDIRECTION((0.,0.,-1.));
#8586=IFCEXTRUDEDAREASOLID(#8587,#8592,#8596,0.035000000149011612);
#8587=IFCARBITRARYPROFILEDEFWITHVOIDS(.AREA.,$,#8588,(#8590));
#8588=IFCINDEXEDPOLYCURVE(#8589,(IFCLINEINDEX((1,2,3,4,1))),$);
#8589=IFCCARTESIANPOINTLIST2D(((0.,0.),(0.71503336355090141,0.),(0.71503336355090141,0.84999997541308403),(0.,0.84999997541308403)));
#8590=IFCINDEXEDPOLYCURVE(#8591,(IFCLINEINDEX((1,2,3,4,1))),$);
#8591=IFCCARTESIANPOINTLIST2D(((0.035000000149011612,0.035000000149011612),(0.6800333634018898,0.035000000149011612),(0.6800333634018898,0.81499997526407242),(0.035000000149011612,0.81499997526407242)));
#8592=IFCAXIS2PLACEMENT3D(#8593,#8594,#8595);
#8593=IFCCARTESIANPOINT((0.02500000037252903,0.090000001713633537,0.02500000037252903));
#8594=IFCDIRECTION((0.,-1.,0.));
#8595=IFCDIRECTION((1.,0.,0.));
#8596=IFCDIRECTION((0.,0.,-1.));
#8597=IFCEXTRUDEDAREASOLID(#8598,#8601,#8605,0.01);
#8598=IFCARBITRARYCLOSEDPROFILEDEF(.AREA.,$,#8599);
#8599=IFCINDEXEDPOLYCURVE(#8600,(IFCLINEINDEX((1,2,3,4,1))),$);
#8600=IFCCARTESIANPOINTLIST2D(((0.035000000149011612,0.035000000149011612),(0.6800333634018898,0.035000000149011612),(0.6800333634018898,0.81499997526407242),(0.035000000149011612,0.81499997526407242)));
#8601=IFCAXIS2PLACEMENT3D(#8602,#8603,#8604);
#8602=IFCCARTESIANPOINT((0.02500000037252903,0.10250000178813934,0.02500000037252903));
#8603=IFCDIRECTION((0.,-1.,0.));
#8604=IFCDIRECTION((1.,0.,0.));
#8605=IFCDIRECTION((0.,0.,-1.));
#8606=IFCREPRESENTATIONMAP(#8607,#8611);
#8607=IFCAXIS2PLACEMENT3D(#8608,#8609,#8610);
#8608=IFCCARTESIANPOINT((0.,0.,0.));
#8609=IFCDIRECTION((0.,0.,1.));
#8610=IFCDIRECTION((1.,0.,0.));
#8611=IFCSHAPEREPRESENTATION(#24,'Body','Curve2D',(#8612,#8614,#8616,#8618,#8620,#8622,#8624,#8626));
#8612=IFCINDEXEDPOLYCURVE(#8613,$,$);
#8613=IFCCARTESIANPOINTLIST2D(((0.05000000074505806,0.05000000074505806),(0.71503336355090141,0.05000000074505806)));
#8614=IFCINDEXEDPOLYCURVE(#8615,(IFCLINEINDEX((1,2,3,4,5,6,1))),$);
#8615=IFCCARTESIANPOINTLIST2D(((0.,0.10000000149011612),(0.02500000037252903,0.10000000149011612),(0.02500000037252903,0.090000001713633537),(0.05000000074505806,0.090000001713633537),(0.05000000074505806,0.05000000074505806),(0.,0.05000000074505806)));
#8616=IFCINDEXEDPOLYCURVE(#8617,(IFCLINEINDEX((1,2,3,4,5,6,1))),$);
#8617=IFCCARTESIANPOINTLIST2D(((0.76503336429595947,0.10000000149011612),(0.74003336392343044,0.10000000149011612),(0.74003336392343044,0.090000001713633537),(0.71503336355090141,0.090000001713633537),(0.71503336355090141,0.05000000074505806),(0.76503336429595947,0.05000000074505806)));
#8618=IFCINDEXEDPOLYCURVE(#8619,(IFCLINEINDEX((1,2,3,4,1))),$);
#8619=IFCCARTESIANPOINTLIST2D(((0.02500000037252903,0.090000001713633537),(0.060000000521540642,0.090000001713633537),(0.060000000521540642,0.12500000186264515),(0.02500000037252903,0.12500000186264515)));
#8620=IFCINDEXEDPOLYCURVE(#8621,(IFCLINEINDEX((1,2,3,4,1))),$);
#8621=IFCCARTESIANPOINTLIST2D(((0.74003336392343044,0.090000001713633537),(0.70503336377441883,0.090000001713633537),(0.70503336377441883,0.12500000186264515),(0.74003336392343044,0.12500000186264515)));
#8622=IFCINDEXEDPOLYCURVE(#8623,$,$);
#8623=IFCCARTESIANPOINTLIST2D(((0.060000000521540642,0.090000001713633537),(0.70503336377441883,0.090000001713633537)));
#8624=IFCINDEXEDPOLYCURVE(#8625,$,$);
#8625=IFCCARTESIANPOINTLIST2D(((0.060000000521540642,0.12500000186264515),(0.70503336377441883,0.12500000186264515)));
#8626=IFCINDEXEDPOLYCURVE(#8627,$,$);
#8627=IFCCARTESIANPOINTLIST2D(((0.060000000521540642,0.10750000178813934),(0.70503336377441883,0.10750000178813934)));
#8628=IFCWINDOW('1xGuKJRQb5h9LxsZ$drrV8',$,'Window',$,$,#8785,#8636,$,0.89999997615814209,0.76503336429595947,$,.SINGLE_PANEL.,$);
#8629=IFCCARTESIANPOINT((0.,0.,0.));
#8630=IFCDIRECTION((1.,0.,0.));
#8631=IFCDIRECTION((0.,1.,0.));
#8632=IFCDIRECTION((0.,0.,1.));
#8633=IFCCARTESIANTRANSFORMATIONOPERATOR3D(#8630,#8631,#8629,1.,#8632);
#8634=IFCMAPPEDITEM(#8274,#8633);
#8635=IFCSHAPEREPRESENTATION(#18,'Profile','MappedRepresentation',(#8634));
#8636=IFCPRODUCTDEFINITIONSHAPE($,$,(#8635,#8643,#8650));
#8637=IFCCARTESIANPOINT((0.,0.,0.));
#8638=IFCDIRECTION((1.,0.,0.));
#8639=IFCDIRECTION((0.,1.,0.));
#8640=IFCDIRECTION((0.,0.,1.));
#8641=IFCCARTESIANTRANSFORMATIONOPERATOR3D(#8638,#8639,#8637,1.,#8640);
#8642=IFCMAPPEDITEM(#8282,#8641);
#8643=IFCSHAPEREPRESENTATION(#11,'Body','MappedRepresentation',(#8642));
#8644=IFCCARTESIANPOINT((0.,0.,0.));
#8645=IFCDIRECTION((1.,0.,0.));
#8646=IFCDIRECTION((0.,1.,0.));
#8647=IFCDIRECTION((0.,0.,1.));
#8648=IFCCARTESIANTRANSFORMATIONOPERATOR3D(#8645,#8646,#8644,1.,#8647);
#8649=IFCMAPPEDITEM(#8330,#8648);
#8650=IFCSHAPEREPRESENTATION(#24,'Body','MappedRepresentation',(#8649));
#8651=IFCOPENINGELEMENT('0eG$h$off0dAlKy70ZOzGm',$,'Opening',$,$,#8780,#8664,$,.OPENING.);
#8657=IFCCARTESIANPOINT((0.,0.,0.));
#8658=IFCDIRECTION((1.,0.,0.));
#8659=IFCDIRECTION((0.,1.,0.));
#8660=IFCDIRECTION((0.,0.,1.));
#8661=IFCCARTESIANTRANSFORMATIONOPERATOR3D(#8658,#8659,#8657,1.,#8660);
#8662=IFCMAPPEDITEM(#8526,#8661);
#8663=IFCSHAPEREPRESENTATION(#11,'Body','MappedRepresentation',(#8662));
#8664=IFCPRODUCTDEFINITIONSHAPE($,$,(#8663));
#8665=IFCRELVOIDSELEMENT('2IRNgTQFj0Zej2h6o06HBJ',$,$,$,#6905,#8651);
#8671=IFCRELFILLSELEMENT('0pUeBXDhX6qRAh_fYIzudx',$,$,$,#8651,#8628);
#8692=IFCCARTESIANPOINTLIST3D(((0.,0.,0.),(0.76503336429595947,0.,0.),(0.76503336429595947,0.,0.89999997615814209),(0.,0.,0.89999997615814209)));
#8693=IFCINDEXEDPOLYCURVE(#8692,(IFCLINEINDEX((1,2,3,4,1))),$);
#8694=IFCSHAPEREPRESENTATION(#18,'Profile','Curve3D',(#8693));
#8695=IFCCARTESIANPOINTLIST2D(((0.,0.),(0.76503336429595947,0.),(0.76503336429595947,0.89999997615814209),(0.,0.89999997615814209)));
#8696=IFCINDEXEDPOLYCURVE(#8695,(IFCLINEINDEX((1,2,3,4,1))),$);
#8697=IFCCARTESIANPOINTLIST2D(((0.02500000037252903,0.02500000037252903),(0.74003336392343044,0.02500000037252903),(0.74003336392343044,0.87499997578561306),(0.02500000037252903,0.87499997578561306)));
#8698=IFCINDEXEDPOLYCURVE(#8697,(IFCLINEINDEX((1,2,3,4,1))),$);
#8699=IFCARBITRARYPROFILEDEFWITHVOIDS(.AREA.,$,#8696,(#8698));
#8700=IFCCARTESIANPOINT((0.,0.090000001713633537,0.));
#8701=IFCDIRECTION((0.,-1.,0.));
#8702=IFCDIRECTION((1.,0.,0.));
#8703=IFCAXIS2PLACEMENT3D(#8700,#8701,#8702);
#8704=IFCDIRECTION((0.,0.,-1.));
#8705=IFCEXTRUDEDAREASOLID(#8699,#8703,#8704,0.0099999997764825821);
#8706=IFCCARTESIANPOINTLIST2D(((0.,0.),(0.76503336429595947,0.),(0.76503336429595947,0.89999997615814209),(0.,0.89999997615814209)));
#8707=IFCINDEXEDPOLYCURVE(#8706,(IFCLINEINDEX((1,2,3,4,1))),$);
#8708=IFCCARTESIANPOINTLIST2D(((0.05000000074505806,0.05000000074505806),(0.71503336355090141,0.05000000074505806),(0.71503336355090141,0.84999997541308403),(0.05000000074505806,0.84999997541308403)));
#8709=IFCINDEXEDPOLYCURVE(#8708,(IFCLINEINDEX((1,2,3,4,1))),$);
#8710=IFCARBITRARYPROFILEDEFWITHVOIDS(.AREA.,$,#8707,(#8709));
#8711=IFCCARTESIANPOINT((0.,0.05000000074505806,0.));
#8712=IFCDIRECTION((0.,-1.,0.));
#8713=IFCDIRECTION((1.,0.,0.));
#8714=IFCAXIS2PLACEMENT3D(#8711,#8712,#8713);
#8715=IFCDIRECTION((0.,0.,-1.));
#8716=IFCEXTRUDEDAREASOLID(#8710,#8714,#8715,0.040000000968575478);
#8717=IFCCARTESIANPOINTLIST2D(((0.,0.),(0.71503336355090141,0.),(0.71503336355090141,0.84999997541308403),(0.,0.84999997541308403)));
#8718=IFCINDEXEDPOLYCURVE(#8717,(IFCLINEINDEX((1,2,3,4,1))),$);
#8719=IFCCARTESIANPOINTLIST2D(((0.035000000149011612,0.035000000149011612),(0.6800333634018898,0.035000000149011612),(0.6800333634018898,0.81499997526407242),(0.035000000149011612,0.81499997526407242)));
#8720=IFCINDEXEDPOLYCURVE(#8719,(IFCLINEINDEX((1,2,3,4,1))),$);
#8721=IFCARBITRARYPROFILEDEFWITHVOIDS(.AREA.,$,#8718,(#8720));
#8722=IFCCARTESIANPOINT((0.02500000037252903,0.090000001713633537,0.02500000037252903));
#8723=IFCDIRECTION((0.,-1.,0.));
#8724=IFCDIRECTION((1.,0.,0.));
#8725=IFCAXIS2PLACEMENT3D(#8722,#8723,#8724);
#8726=IFCDIRECTION((0.,0.,-1.));
#8727=IFCEXTRUDEDAREASOLID(#8721,#8725,#8726,0.035000000149011612);
#8728=IFCINDEXEDPOLYCURVE(#8729,(IFCLINEINDEX((1,2,3,4,1))),$);
#8729=IFCCARTESIANPOINTLIST2D(((0.035000000149011612,0.035000000149011612),(0.6800333634018898,0.035000000149011612),(0.6800333634018898,0.81499997526407242),(0.035000000149011612,0.81499997526407242)));
#8730=IFCARBITRARYCLOSEDPROFILEDEF(.AREA.,$,#8728);
#8731=IFCCARTESIANPOINT((0.02500000037252903,0.10250000178813934,0.02500000037252903));
#8732=IFCDIRECTION((0.,-1.,0.));
#8733=IFCDIRECTION((1.,0.,0.));
#8734=IFCAXIS2PLACEMENT3D(#8731,#8732,#8733);
#8735=IFCDIRECTION((0.,0.,-1.));
#8736=IFCEXTRUDEDAREASOLID(#8730,#8734,#8735,0.01);
#8737=IFCSHAPEREPRESENTATION(#11,'Body','SweptSolid',(#8705,#8716,#8727,#8736));
#8738=IFCSHAPEREPRESENTATION(#11,'Body','SweptSolid',(#8705,#8716));
#8739=IFCSHAPEASPECT((#8738),'Lining',$,.T.,#8636);
#8740=IFCSHAPEREPRESENTATION(#11,'Body','SweptSolid',(#8727));
#8741=IFCSHAPEASPECT((#8740),'Framing',$,.T.,#8636);
#8742=IFCSHAPEREPRESENTATION(#11,'Body','SweptSolid',(#8736));
#8743=IFCSHAPEASPECT((#8742),'Glazing',$,.T.,#8636);
#8744=IFCCARTESIANPOINTLIST2D(((0.05000000074505806,0.05000000074505806),(0.71503336355090141,0.05000000074505806)));
#8745=IFCINDEXEDPOLYCURVE(#8744,$,$);
#8746=IFCCARTESIANPOINTLIST2D(((0.,0.10000000149011612),(0.02500000037252903,0.10000000149011612),(0.02500000037252903,0.090000001713633537),(0.05000000074505806,0.090000001713633537),(0.05000000074505806,0.05000000074505806),(0.,0.05000000074505806)));
#8747=IFCINDEXEDPOLYCURVE(#8746,(IFCLINEINDEX((1,2,3,4,5,6,1))),$);
#8748=IFCCARTESIANPOINTLIST2D(((0.76503336429595947,0.10000000149011612),(0.74003336392343044,0.10000000149011612),(0.74003336392343044,0.090000001713633537),(0.71503336355090141,0.090000001713633537),(0.71503336355090141,0.05000000074505806),(0.76503336429595947,0.05000000074505806)));
#8749=IFCINDEXEDPOLYCURVE(#8748,(IFCLINEINDEX((1,2,3,4,5,6,1))),$);
#8750=IFCCARTESIANPOINTLIST2D(((0.02500000037252903,0.090000001713633537),(0.060000000521540642,0.090000001713633537),(0.060000000521540642,0.12500000186264515),(0.02500000037252903,0.12500000186264515)));
#8751=IFCINDEXEDPOLYCURVE(#8750,(IFCLINEINDEX((1,2,3,4,1))),$);
#8752=IFCINDEXEDPOLYCURVE(#8753,(IFCLINEINDEX((1,2,3,4,1))),$);
#8753=IFCCARTESIANPOINTLIST2D(((0.74003336392343044,0.090000001713633537),(0.70503336377441883,0.090000001713633537),(0.70503336377441883,0.12500000186264515),(0.74003336392343044,0.12500000186264515)));
#8754=IFCCARTESIANPOINTLIST2D(((0.060000000521540642,0.090000001713633537),(0.70503336377441883,0.090000001713633537)));
#8755=IFCINDEXEDPOLYCURVE(#8754,$,$);
#8756=IFCINDEXEDPOLYCURVE(#8757,$,$);
#8757=IFCCARTESIANPOINTLIST2D(((0.060000000521540642,0.12500000186264515),(0.70503336377441883,0.12500000186264515)));
#8758=IFCINDEXEDPOLYCURVE(#8759,$,$);
#8759=IFCCARTESIANPOINTLIST2D(((0.060000000521540642,0.10750000178813934),(0.70503336377441883,0.10750000178813934)));
#8760=IFCSHAPEREPRESENTATION(#24,'Body','Curve2D',(#8745,#8747,#8749,#8751,#8752,#8755,#8756,#8758));
#8761=IFCCARTESIANPOINTLIST2D(((0.,0.),(0.76503336429595947,0.),(0.76503336429595947,0.89999997615814209),(0.,0.89999997615814209)));
#8762=IFCINDEXEDPOLYCURVE(#8761,(IFCLINEINDEX((1,2,3,4,1))),$);
#8763=IFCARBITRARYCLOSEDPROFILEDEF(.AREA.,$,#8762);
#8764=IFCCARTESIANPOINT((0.,-0.60000002384185791,0.));
#8765=IFCDIRECTION((0.,-1.,0.));
#8766=IFCDIRECTION((1.,0.,0.));
#8767=IFCAXIS2PLACEMENT3D(#8764,#8765,#8766);
#8768=IFCDIRECTION((0.,0.,-1.));
#8769=IFCEXTRUDEDAREASOLID(#8763,#8767,#8768,1.2);
#8770=IFCSHAPEREPRESENTATION(#11,'Body','SweptSolid',(#8769));
#8776=IFCCARTESIANPOINT((6.1394385226479216,9.6699681506606794E-07,1.));
#8777=IFCDIRECTION((0.,0.,1.));
#8778=IFCDIRECTION((0.99999999999999289,1.1920928244535129E-07,0.));
#8779=IFCAXIS2PLACEMENT3D(#8776,#8777,#8778);
#8780=IFCLOCALPLACEMENT(#17831,#8779);
#8781=IFCCARTESIANPOINT((0.,0.,0.));
#8782=IFCDIRECTION((0.,0.,1.));
#8783=IFCDIRECTION((1.,0.,0.));
#8784=IFCAXIS2PLACEMENT3D(#8781,#8782,#8783);
#8785=IFCLOCALPLACEMENT(#8780,#8784);
#8791=IFCCARTESIANPOINT((3.6000002749672104,4.434633358307849E-07,1.));
#8792=IFCDIRECTION((0.,0.,1.));
#8793=IFCDIRECTION((0.99999999999997147,2.384185719961227E-07,0.));
#8794=IFCAXIS2PLACEMENT3D(#8791,#8792,#8793);
#8795=IFCLOCALPLACEMENT(#17831,#8794);
#8796=IFCCARTESIANPOINT((1.7763568394002505E-15,0.,0.));
#8797=IFCDIRECTION((0.,0.,1.));
#8798=IFCDIRECTION((1.,-5.2939559203393771E-23,0.));
#8799=IFCAXIS2PLACEMENT3D(#8796,#8797,#8798);
#8800=IFCLOCALPLACEMENT(#8795,#8799);
#8801=IFCWINDOWTYPE('29YOZ7CWTBOxmz4C5WiXCQ',$,'Bedroom1-1-2F',$,$,(#8802),(#8804,#8812,#8860),$,$,.WINDOW.,.SINGLE_PANEL.,$,$);
#8802=IFCPROPERTYSET('3kKgqKhzL5iO0UxxsD5UKa',$,'BBIM_Window',$,(#8803));
#8803=IFCPROPERTYSINGLEVALUE('Data',$,IFCTEXT('{"window_type": "SINGLE_PANEL", "overall_height": 0.8999999761581421, "overall_width": 0.7650333642959595, "lining_properties": {"lining_depth": 0.05000000074505806, "lining_thickness": 0.05000000074505806, "lining_offset": 0.05000000074505806, "lining_to_panel_offset_x": 0.02500000037252903, "lining_to_panel_offset_y": 0.02500000037252903}, "panel_properties": {"frame_depth": [0.03500000014901161, 0.03500000014901161, 0.03500000014901161], "frame_thickness": [0.03500000014901161, 0.03500000014901161, 0.03500000014901161]}}'),$);
#8804=IFCREPRESENTATIONMAP(#8805,#8964);
#8805=IFCAXIS2PLACEMENT3D(#8806,#8807,#8808);
#8806=IFCCARTESIANPOINT((0.,0.,0.));
#8807=IFCDIRECTION((0.,0.,1.));
#8808=IFCDIRECTION((1.,0.,0.));
#8812=IFCREPRESENTATIONMAP(#8813,#9007);
#8813=IFCAXIS2PLACEMENT3D(#8814,#8815,#8816);
#8814=IFCCARTESIANPOINT((0.,0.,0.));
#8815=IFCDIRECTION((0.,0.,1.));
#8816=IFCDIRECTION((1.,0.,0.));
#8860=IFCREPRESENTATIONMAP(#8861,#9030);
#8861=IFCAXIS2PLACEMENT3D(#8862,#8863,#8864);
#8862=IFCCARTESIANPOINT((0.,0.,0.));
#8863=IFCDIRECTION((0.,0.,1.));
#8864=IFCDIRECTION((1.,0.,0.));
#8882=IFCWINDOW('1EOGg2N5P2lgepDafT_xQl',$,'Window',$,$,#9055,#8891,$,0.89999997615814209,0.76503336429595947,$,.SINGLE_PANEL.,$);
#8883=IFCRELDEFINESBYTYPE('0kNg2feavE5ACtnlDjQrO9',$,$,$,(#8882),#8801);
#8884=IFCCARTESIANPOINT((0.,0.,0.));
#8885=IFCDIRECTION((1.,0.,0.));
#8886=IFCDIRECTION((0.,1.,0.));
#8887=IFCDIRECTION((0.,0.,1.));
#8888=IFCCARTESIANTRANSFORMATIONOPERATOR3D(#8885,#8886,#8884,1.,#8887);
#8889=IFCMAPPEDITEM(#8804,#8888);
#8890=IFCSHAPEREPRESENTATION(#18,'Profile','MappedRepresentation',(#8889));
#8891=IFCPRODUCTDEFINITIONSHAPE($,$,(#8890,#8898,#8905));
#8892=IFCCARTESIANPOINT((0.,0.,0.));
#8893=IFCDIRECTION((1.,0.,0.));
#8894=IFCDIRECTION((0.,1.,0.));
#8895=IFCDIRECTION((0.,0.,1.));
#8896=IFCCARTESIANTRANSFORMATIONOPERATOR3D(#8893,#8894,#8892,1.,#8895);
#8897=IFCMAPPEDITEM(#8812,#8896);
#8898=IFCSHAPEREPRESENTATION(#11,'Body','MappedRepresentation',(#8897));
#8899=IFCCARTESIANPOINT((0.,0.,0.));
#8900=IFCDIRECTION((1.,0.,0.));
#8901=IFCDIRECTION((0.,1.,0.));
#8902=IFCDIRECTION((0.,0.,1.));
#8903=IFCCARTESIANTRANSFORMATIONOPERATOR3D(#8900,#8901,#8899,1.,#8902);
#8904=IFCMAPPEDITEM(#8860,#8903);
#8905=IFCSHAPEREPRESENTATION(#24,'Body','MappedRepresentation',(#8904));
#8906=IFCOPENINGELEMENT('0M0xPtHCTFERrfFB2SfuMq',$,'Opening',$,$,#9050,#8934,$,.OPENING.);
#8922=IFCCARTESIANPOINT((0.,0.,0.));
#8923=IFCDIRECTION((1.,0.,0.));
#8924=IFCDIRECTION((0.,0.,1.));
#8925=IFCAXIS2PLACEMENT3D(#8922,#8924,#8923);
#8926=IFCREPRESENTATIONMAP(#8925,#9040);
#8927=IFCCARTESIANPOINT((0.,0.,0.));
#8928=IFCDIRECTION((1.,0.,0.));
#8929=IFCDIRECTION((0.,1.,0.));
#8930=IFCDIRECTION((0.,0.,1.));
#8931=IFCCARTESIANTRANSFORMATIONOPERATOR3D(#8928,#8929,#8927,1.,#8930);
#8932=IFCMAPPEDITEM(#8926,#8931);
#8933=IFCSHAPEREPRESENTATION(#11,'Body','MappedRepresentation',(#8932));
#8934=IFCPRODUCTDEFINITIONSHAPE($,$,(#8933));
#8935=IFCRELVOIDSELEMENT('0rOledOpb3mO5dN417tEfk',$,$,$,#6905,#8906);
#8941=IFCRELFILLSELEMENT('11bWUeLdL4wfFjTBZWqLPz',$,$,$,#8906,#8882);
#8962=IFCCARTESIANPOINTLIST3D(((0.,0.,0.),(0.76503336429595947,0.,0.),(0.76503336429595947,0.,0.89999997615814209),(0.,0.,0.89999997615814209)));
#8963=IFCINDEXEDPOLYCURVE(#8962,(IFCLINEINDEX((1,2,3,4,1))),$);
#8964=IFCSHAPEREPRESENTATION(#18,'Profile','Curve3D',(#8963));
#8965=IFCCARTESIANPOINTLIST2D(((0.,0.),(0.76503336429595947,0.),(0.76503336429595947,0.89999997615814209),(0.,0.89999997615814209)));
#8966=IFCINDEXEDPOLYCURVE(#8965,(IFCLINEINDEX((1,2,3,4,1))),$);
#8967=IFCCARTESIANPOINTLIST2D(((0.02500000037252903,0.02500000037252903),(0.74003336392343044,0.02500000037252903),(0.74003336392343044,0.87499997578561306),(0.02500000037252903,0.87499997578561306)));
#8968=IFCINDEXEDPOLYCURVE(#8967,(IFCLINEINDEX((1,2,3,4,1))),$);
#8969=IFCARBITRARYPROFILEDEFWITHVOIDS(.AREA.,$,#8966,(#8968));
#8970=IFCCARTESIANPOINT((0.,0.090000001713633537,0.));
#8971=IFCDIRECTION((0.,-1.,0.));
#8972=IFCDIRECTION((1.,0.,0.));
#8973=IFCAXIS2PLACEMENT3D(#8970,#8971,#8972);
#8974=IFCDIRECTION((0.,0.,-1.));
#8975=IFCEXTRUDEDAREASOLID(#8969,#8973,#8974,0.0099999997764825821);
#8976=IFCCARTESIANPOINTLIST2D(((0.,0.),(0.76503336429595947,0.),(0.76503336429595947,0.89999997615814209),(0.,0.89999997615814209)));
#8977=IFCINDEXEDPOLYCURVE(#8976,(IFCLINEINDEX((1,2,3,4,1))),$);
#8978=IFCCARTESIANPOINTLIST2D(((0.05000000074505806,0.05000000074505806),(0.71503336355090141,0.05000000074505806),(0.71503336355090141,0.84999997541308403),(0.05000000074505806,0.84999997541308403)));
#8979=IFCINDEXEDPOLYCURVE(#8978,(IFCLINEINDEX((1,2,3,4,1))),$);
#8980=IFCARBITRARYPROFILEDEFWITHVOIDS(.AREA.,$,#8977,(#8979));
#8981=IFCCARTESIANPOINT((0.,0.05000000074505806,0.));
#8982=IFCDIRECTION((0.,-1.,0.));
#8983=IFCDIRECTION((1.,0.,0.));
#8984=IFCAXIS2PLACEMENT3D(#8981,#8982,#8983);
#8985=IFCDIRECTION((0.,0.,-1.));
#8986=IFCEXTRUDEDAREASOLID(#8980,#8984,#8985,0.040000000968575478);
#8987=IFCCARTESIANPOINTLIST2D(((0.,0.),(0.71503336355090141,0.),(0.71503336355090141,0.84999997541308403),(0.,0.84999997541308403)));
#8988=IFCINDEXEDPOLYCURVE(#8987,(IFCLINEINDEX((1,2,3,4,1))),$);
#8989=IFCCARTESIANPOINTLIST2D(((0.035000000149011612,0.035000000149011612),(0.6800333634018898,0.035000000149011612),(0.6800333634018898,0.81499997526407242),(0.035000000149011612,0.81499997526407242)));
#8990=IFCINDEXEDPOLYCURVE(#8989,(IFCLINEINDEX((1,2,3,4,1))),$);
#8991=IFCARBITRARYPROFILEDEFWITHVOIDS(.AREA.,$,#8988,(#8990));
#8992=IFCCARTESIANPOINT((0.02500000037252903,0.090000001713633537,0.02500000037252903));
#8993=IFCDIRECTION((0.,-1.,0.));
#8994=IFCDIRECTION((1.,0.,0.));
#8995=IFCAXIS2PLACEMENT3D(#8992,#8993,#8994);
#8996=IFCDIRECTION((0.,0.,-1.));
#8997=IFCEXTRUDEDAREASOLID(#8991,#8995,#8996,0.035000000149011612);
#8998=IFCINDEXEDPOLYCURVE(#8999,(IFCLINEINDEX((1,2,3,4,1))),$);
#8999=IFCCARTESIANPOINTLIST2D(((0.035000000149011612,0.035000000149011612),(0.6800333634018898,0.035000000149011612),(0.6800333634018898,0.81499997526407242),(0.035000000149011612,0.81499997526407242)));
#9000=IFCARBITRARYCLOSEDPROFILEDEF(.AREA.,$,#8998);
#9001=IFCCARTESIANPOINT((0.02500000037252903,0.10250000178813934,0.02500000037252903));
#9002=IFCDIRECTION((0.,-1.,0.));
#9003=IFCDIRECTION((1.,0.,0.));
#9004=IFCAXIS2PLACEMENT3D(#9001,#9002,#9003);
#9005=IFCDIRECTION((0.,0.,-1.));
#9006=IFCEXTRUDEDAREASOLID(#9000,#9004,#9005,0.01);
#9007=IFCSHAPEREPRESENTATION(#11,'Body','SweptSolid',(#8975,#8986,#8997,#9006));
#9008=IFCSHAPEREPRESENTATION(#11,'Body','SweptSolid',(#8975,#8986));
#9009=IFCSHAPEASPECT((#9008),'Lining',$,.T.,#8891);
#9010=IFCSHAPEREPRESENTATION(#11,'Body','SweptSolid',(#8997));
#9011=IFCSHAPEASPECT((#9010),'Framing',$,.T.,#8891);
#9012=IFCSHAPEREPRESENTATION(#11,'Body','SweptSolid',(#9006));
#9013=IFCSHAPEASPECT((#9012),'Glazing',$,.T.,#8891);
#9014=IFCCARTESIANPOINTLIST2D(((0.05000000074505806,0.05000000074505806),(0.71503336355090141,0.05000000074505806)));
#9015=IFCINDEXEDPOLYCURVE(#9014,$,$);
#9016=IFCCARTESIANPOINTLIST2D(((0.,0.10000000149011612),(0.02500000037252903,0.10000000149011612),(0.02500000037252903,0.090000001713633537),(0.05000000074505806,0.090000001713633537),(0.05000000074505806,0.05000000074505806),(0.,0.05000000074505806)));
#9017=IFCINDEXEDPOLYCURVE(#9016,(IFCLINEINDEX((1,2,3,4,5,6,1))),$);
#9018=IFCCARTESIANPOINTLIST2D(((0.76503336429595947,0.10000000149011612),(0.74003336392343044,0.10000000149011612),(0.74003336392343044,0.090000001713633537),(0.71503336355090141,0.090000001713633537),(0.71503336355090141,0.05000000074505806),(0.76503336429595947,0.05000000074505806)));
#9019=IFCINDEXEDPOLYCURVE(#9018,(IFCLINEINDEX((1,2,3,4,5,6,1))),$);
#9020=IFCCARTESIANPOINTLIST2D(((0.02500000037252903,0.090000001713633537),(0.060000000521540642,0.090000001713633537),(0.060000000521540642,0.12500000186264515),(0.02500000037252903,0.12500000186264515)));
#9021=IFCINDEXEDPOLYCURVE(#9020,(IFCLINEINDEX((1,2,3,4,1))),$);
#9022=IFCINDEXEDPOLYCURVE(#9023,(IFCLINEINDEX((1,2,3,4,1))),$);
#9023=IFCCARTESIANPOINTLIST2D(((0.74003336392343044,0.090000001713633537),(0.70503336377441883,0.090000001713633537),(0.70503336377441883,0.12500000186264515),(0.74003336392343044,0.12500000186264515)));
#9024=IFCCARTESIANPOINTLIST2D(((0.060000000521540642,0.090000001713633537),(0.70503336377441883,0.090000001713633537)));
#9025=IFCINDEXEDPOLYCURVE(#9024,$,$);
#9026=IFCINDEXEDPOLYCURVE(#9027,$,$);
#9027=IFCCARTESIANPOINTLIST2D(((0.060000000521540642,0.12500000186264515),(0.70503336377441883,0.12500000186264515)));
#9028=IFCINDEXEDPOLYCURVE(#9029,$,$);
#9029=IFCCARTESIANPOINTLIST2D(((0.060000000521540642,0.10750000178813934),(0.70503336377441883,0.10750000178813934)));
#9030=IFCSHAPEREPRESENTATION(#24,'Body','Curve2D',(#9015,#9017,#9019,#9021,#9022,#9025,#9026,#9028));
#9031=IFCCARTESIANPOINTLIST2D(((0.,0.),(0.76503336429595947,0.),(0.76503336429595947,0.89999997615814209),(0.,0.89999997615814209)));
#9032=IFCINDEXEDPOLYCURVE(#9031,(IFCLINEINDEX((1,2,3,4,1))),$);
#9033=IFCARBITRARYCLOSEDPROFILEDEF(.AREA.,$,#9032);
#9034=IFCCARTESIANPOINT((0.,-0.60000002384185791,0.));
#9035=IFCDIRECTION((0.,-1.,0.));
#9036=IFCDIRECTION((1.,0.,0.));
#9037=IFCAXIS2PLACEMENT3D(#9034,#9035,#9036);
#9038=IFCDIRECTION((0.,0.,-1.));
#9039=IFCEXTRUDEDAREASOLID(#9033,#9037,#9038,1.2);
#9040=IFCSHAPEREPRESENTATION(#11,'Body','SweptSolid',(#9039));
#9046=IFCCARTESIANPOINT((1.5415333636512805,3.6045468831957805E-07,1.));
#9047=IFCDIRECTION((0.,0.,1.));
#9048=IFCDIRECTION((0.99999999999999289,1.1920928244535129E-07,0.));
#9049=IFCAXIS2PLACEMENT3D(#9046,#9047,#9048);
#9050=IFCLOCALPLACEMENT(#17831,#9049);
#9051=IFCCARTESIANPOINT((8.8817841970012523E-16,0.,0.));
#9052=IFCDIRECTION((0.,0.,1.));
#9053=IFCDIRECTION((1.,0.,0.));
#9054=IFCAXIS2PLACEMENT3D(#9051,#9052,#9053);
#9055=IFCLOCALPLACEMENT(#9050,#9054);
#9056=IFCWINDOWTYPE('0_N3rb5Gr7nur3nJznu3A$',$,'Bedroom1-2-2F',$,$,(#9057),(#9059,#9067,#9157),$,$,.WINDOW.,.SINGLE_PANEL.,$,$);
#9057=IFCPROPERTYSET('2_17F8NLvCpPs5iYqC4oZW',$,'BBIM_Window',$,(#9058));
#9058=IFCPROPERTYSINGLEVALUE('Data',$,IFCTEXT('{"window_type": "DOUBLE_PANEL_VERTICAL", "overall_height": 0.8999999761581421, "overall_width": 1.1742353439331055, "lining_properties": {"lining_depth": 0.05000000074505806, "lining_thickness": 0.05000000074505806, "lining_offset": 0.05000000074505806, "lining_to_panel_offset_x": 0.02500000037252903, "lining_to_panel_offset_y": 0.02500000037252903, "mullion_thickness": 0.02354031801223755, "first_mullion_offset": 0.5998771786689758}, "panel_properties": {"frame_depth": [0.03500000014901161, 0.03500001132488251, 0.03500000014901161], "frame_thickness": [0.03500000014901161, 0.008077416568994522, 0.03500000014901161]}}'),$);
#9059=IFCREPRESENTATIONMAP(#9060,#9429);
#9060=IFCAXIS2PLACEMENT3D(#9061,#9062,#9063);
#9061=IFCCARTESIANPOINT((0.,0.,0.));
#9062=IFCDIRECTION((0.,0.,1.));
#9063=IFCDIRECTION((1.,0.,0.));
#9067=IFCREPRESENTATIONMAP(#9068,#9514);
#9068=IFCAXIS2PLACEMENT3D(#9069,#9070,#9071);
#9069=IFCCARTESIANPOINT((0.,0.,0.));
#9070=IFCDIRECTION((0.,0.,1.));
#9071=IFCDIRECTION((1.,0.,0.));
#9157=IFCREPRESENTATIONMAP(#9158,#9547);
#9158=IFCAXIS2PLACEMENT3D(#9159,#9160,#9161);
#9159=IFCCARTESIANPOINT((0.,0.,0.));
#9160=IFCDIRECTION((0.,0.,1.));
#9161=IFCDIRECTION((1.,0.,0.));
#9195=IFCWINDOW('09uIMP4qL9bfkBKB8HWY2H',$,'Window',$,$,#9572,#9204,$,0.89999997615814209,1.1742353439331055,$,.DOUBLE_PANEL_VERTICAL.,$);
#9196=IFCRELDEFINESBYTYPE('3M6SKPFn5949aRcyQoxRdX',$,$,$,(#9195),#9056);
#9197=IFCCARTESIANPOINT((0.,0.,0.));
#9198=IFCDIRECTION((1.,0.,0.));
#9199=IFCDIRECTION((0.,1.,0.));
#9200=IFCDIRECTION((0.,0.,1.));
#9201=IFCCARTESIANTRANSFORMATIONOPERATOR3D(#9198,#9199,#9197,1.,#9200);
#9202=IFCMAPPEDITEM(#9059,#9201);
#9203=IFCSHAPEREPRESENTATION(#18,'Profile','MappedRepresentation',(#9202));
#9204=IFCPRODUCTDEFINITIONSHAPE($,$,(#9203,#9211,#9218));
#9205=IFCCARTESIANPOINT((0.,0.,0.));
#9206=IFCDIRECTION((1.,0.,0.));
#9207=IFCDIRECTION((0.,1.,0.));
#9208=IFCDIRECTION((0.,0.,1.));
#9209=IFCCARTESIANTRANSFORMATIONOPERATOR3D(#9206,#9207,#9205,1.,#9208);
#9210=IFCMAPPEDITEM(#9067,#9209);
#9211=IFCSHAPEREPRESENTATION(#11,'Body','MappedRepresentation',(#9210));
#9212=IFCCARTESIANPOINT((0.,0.,0.));
#9213=IFCDIRECTION((1.,0.,0.));
#9214=IFCDIRECTION((0.,1.,0.));
#9215=IFCDIRECTION((0.,0.,1.));
#9216=IFCCARTESIANTRANSFORMATIONOPERATOR3D(#9213,#9214,#9212,1.,#9215);
#9217=IFCMAPPEDITEM(#9157,#9216);
#9218=IFCSHAPEREPRESENTATION(#24,'Body','MappedRepresentation',(#9217));
#9219=IFCOPENINGELEMENT('3lgVc1B1TDigmhPrQVEnN_',$,'Opening',$,$,#9567,#9247,$,.OPENING.);
#9235=IFCCARTESIANPOINT((0.,0.,0.));
#9236=IFCDIRECTION((1.,0.,0.));
#9237=IFCDIRECTION((0.,0.,1.));
#9238=IFCAXIS2PLACEMENT3D(#9235,#9237,#9236);
#9239=IFCREPRESENTATIONMAP(#9238,#9557);
#9240=IFCCARTESIANPOINT((0.,0.,0.));
#9241=IFCDIRECTION((1.,0.,0.));
#9242=IFCDIRECTION((0.,1.,0.));
#9243=IFCDIRECTION((0.,0.,1.));
#9244=IFCCARTESIANTRANSFORMATIONOPERATOR3D(#9241,#9242,#9240,1.,#9243);
#9245=IFCMAPPEDITEM(#9239,#9244);
#9246=IFCSHAPEREPRESENTATION(#11,'Body','MappedRepresentation',(#9245));
#9247=IFCPRODUCTDEFINITIONSHAPE($,$,(#9246));
#9248=IFCRELVOIDSELEMENT('1EL99rl6H8dBU$$ailUQgU',$,$,$,#6880,#9219);
#9254=IFCRELFILLSELEMENT('0Qs7tRoPb6kRn0O1NTx4yZ',$,$,$,#9219,#9195);
#9278=IFCCARTESIANPOINTLIST2D(((0.,0.),(0.59987717866897583,0.),(0.59987717866897583,0.89999997615814209),(0.,0.89999997615814209)));
#9279=IFCINDEXEDPOLYCURVE(#9278,(IFCLINEINDEX((1,2,3,4,1))),$);
#9280=IFCCARTESIANPOINTLIST2D(((0.02500000037252903,0.02500000037252903),(0.61310702003538609,0.02500000037252903),(0.61310702003538609,0.87499997578561306),(0.02500000037252903,0.87499997578561306)));
#9281=IFCINDEXEDPOLYCURVE(#9280,(IFCLINEINDEX((1,2,3,4,1))),$);
#9282=IFCARBITRARYPROFILEDEFWITHVOIDS(.AREA.,$,#9279,(#9281));
#9283=IFCCARTESIANPOINT((0.,0.090000001713633537,0.));
#9284=IFCDIRECTION((0.,-1.,0.));
#9285=IFCDIRECTION((1.,0.,0.));
#9286=IFCAXIS2PLACEMENT3D(#9283,#9284,#9285);
#9287=IFCDIRECTION((0.,0.,-1.));
#9288=IFCEXTRUDEDAREASOLID(#9282,#9286,#9287,0.0099999997764825821);
#9289=IFCCARTESIANPOINTLIST2D(((0.,0.),(0.59987717866897583,0.),(0.59987717866897583,0.89999997615814209),(0.,0.89999997615814209)));
#9290=IFCINDEXEDPOLYCURVE(#9289,(IFCLINEINDEX((1,2,3,4,1))),$);
#9291=IFCCARTESIANPOINTLIST2D(((0.05000000074505806,0.05000000074505806),(0.58810701966285706,0.05000000074505806),(0.58810701966285706,0.84999997541308403),(0.05000000074505806,0.84999997541308403)));
#9292=IFCINDEXEDPOLYCURVE(#9291,(IFCLINEINDEX((1,2,3,4,1))),$);
#9293=IFCARBITRARYPROFILEDEFWITHVOIDS(.AREA.,$,#9290,(#9292));
#9294=IFCCARTESIANPOINT((0.,0.05000000074505806,0.));
#9295=IFCDIRECTION((0.,-1.,0.));
#9296=IFCDIRECTION((1.,0.,0.));
#9297=IFCAXIS2PLACEMENT3D(#9294,#9295,#9296);
#9298=IFCDIRECTION((0.,0.,-1.));
#9299=IFCEXTRUDEDAREASOLID(#9293,#9297,#9298,0.040000000968575478);
#9300=IFCCARTESIANPOINTLIST2D(((0.,0.),(0.58810701966285706,0.),(0.58810701966285706,0.84999997541308403),(0.,0.84999997541308403)));
#9301=IFCINDEXEDPOLYCURVE(#9300,(IFCLINEINDEX((1,2,3,4,1))),$);
#9302=IFCCARTESIANPOINTLIST2D(((0.035000000149011612,0.035000000149011612),(0.55310701951384544,0.035000000149011612),(0.55310701951384544,0.81499997526407242),(0.035000000149011612,0.81499997526407242)));
#9303=IFCINDEXEDPOLYCURVE(#9302,(IFCLINEINDEX((1,2,3,4,1))),$);
#9304=IFCARBITRARYPROFILEDEFWITHVOIDS(.AREA.,$,#9301,(#9303));
#9305=IFCCARTESIANPOINT((0.02500000037252903,0.090000001713633537,0.02500000037252903));
#9306=IFCDIRECTION((0.,-1.,0.));
#9307=IFCDIRECTION((1.,0.,0.));
#9308=IFCAXIS2PLACEMENT3D(#9305,#9306,#9307);
#9309=IFCDIRECTION((0.,0.,-1.));
#9310=IFCEXTRUDEDAREASOLID(#9304,#9308,#9309,0.035000000149011612);
#9311=IFCINDEXEDPOLYCURVE(#9312,(IFCLINEINDEX((1,2,3,4,1))),$);
#9312=IFCCARTESIANPOINTLIST2D(((0.035000000149011612,0.035000000149011612),(0.55310701951384544,0.035000000149011612),(0.55310701951384544,0.81499997526407242),(0.035000000149011612,0.81499997526407242)));
#9313=IFCARBITRARYCLOSEDPROFILEDEF(.AREA.,$,#9311);
#9314=IFCCARTESIANPOINT((0.02500000037252903,0.10250000178813934,0.02500000037252903));
#9315=IFCDIRECTION((0.,-1.,0.));
#9316=IFCDIRECTION((1.,0.,0.));
#9317=IFCAXIS2PLACEMENT3D(#9314,#9315,#9316);
#9318=IFCDIRECTION((0.,0.,-1.));
#9319=IFCEXTRUDEDAREASOLID(#9313,#9317,#9318,0.01);
#9320=IFCCARTESIANPOINTLIST2D(((0.,0.),(0.57435816526412964,0.),(0.57435816526412964,0.89999997615814209),(0.,0.89999997615814209)));
#9321=IFCINDEXEDPOLYCURVE(#9320,(IFCLINEINDEX((1,2,3,4,1))),$);
#9322=IFCCARTESIANPOINTLIST2D(((-0.013229841366410255,0.02500000037252903),(0.54935816489160061,0.02500000037252903),(0.54935816489160061,0.87499997578561306),(-0.013229841366410255,0.87499997578561306)));
#9323=IFCINDEXEDPOLYCURVE(#9322,(IFCLINEINDEX((1,2,3,4,1))),$);
#9324=IFCARBITRARYPROFILEDEFWITHVOIDS(.AREA.,$,#9321,(#9323));
#9325=IFCCARTESIANPOINT((0.59987717866897583,0.089999990537762642,0.));
#9326=IFCDIRECTION((0.,-1.,0.));
#9327=IFCDIRECTION((1.,0.,0.));
#9328=IFCAXIS2PLACEMENT3D(#9325,#9326,#9327);
#9329=IFCDIRECTION((0.,0.,-1.));
#9330=IFCEXTRUDEDAREASOLID(#9324,#9328,#9329,0.010000010952353477);
#9331=IFCCARTESIANPOINTLIST2D(((0.,0.),(0.57435816526412964,0.),(0.57435816526412964,0.89999997615814209),(0.,0.89999997615814209)));
#9332=IFCINDEXEDPOLYCURVE(#9331,(IFCLINEINDEX((1,2,3,4,1))),$);
#9333=IFCCARTESIANPOINTLIST2D(((0.011770159006118774,0.05000000074505806),(0.52435816451907158,0.05000000074505806),(0.52435816451907158,0.84999997541308403),(0.011770159006118774,0.84999997541308403)));
#9334=IFCINDEXEDPOLYCURVE(#9333,(IFCLINEINDEX((1,2,3,4,1))),$);
#9335=IFCARBITRARYPROFILEDEFWITHVOIDS(.AREA.,$,#9332,(#9334));
#9336=IFCCARTESIANPOINT((0.59987717866897583,0.05000000074505806,0.));
#9337=IFCDIRECTION((0.,-1.,0.));
#9338=IFCDIRECTION((1.,0.,0.));
#9339=IFCAXIS2PLACEMENT3D(#9336,#9337,#9338);
#9340=IFCDIRECTION((0.,0.,-1.));
#9341=IFCEXTRUDEDAREASOLID(#9335,#9339,#9340,0.039999989792704582);
#9342=IFCCARTESIANPOINTLIST2D(((0.,0.),(0.56258800625801086,0.),(0.56258800625801086,0.84999997541308403),(0.,0.84999997541308403)));
#9343=IFCINDEXEDPOLYCURVE(#9342,(IFCLINEINDEX((1,2,3,4,1))),$);
#9344=IFCCARTESIANPOINTLIST2D(((0.0080774165689945221,0.0080774165689945221),(0.55451058968901634,0.0080774165689945221),(0.55451058968901634,0.84192255884408951),(0.0080774165689945221,0.84192255884408951)));
#9345=IFCINDEXEDPOLYCURVE(#9344,(IFCLINEINDEX((1,2,3,4,1))),$);
#9346=IFCARBITRARYPROFILEDEFWITHVOIDS(.AREA.,$,#9343,(#9345));
#9347=IFCCARTESIANPOINT((0.58664733730256557,0.089999990537762642,0.02500000037252903));
#9348=IFCDIRECTION((0.,-1.,0.));
#9349=IFCDIRECTION((1.,0.,0.));
#9350=IFCAXIS2PLACEMENT3D(#9347,#9348,#9349);
#9351=IFCDIRECTION((0.,0.,-1.));
#9352=IFCEXTRUDEDAREASOLID(#9346,#9350,#9351,0.035000011324882507);
#9353=IFCINDEXEDPOLYCURVE(#9354,(IFCLINEINDEX((1,2,3,4,1))),$);
#9354=IFCCARTESIANPOINTLIST2D(((0.0080774165689945221,0.0080774165689945221),(0.55451058968901634,0.0080774165689945221),(0.55451058968901634,0.84192255884408951),(0.0080774165689945221,0.84192255884408951)));
#9355=IFCARBITRARYCLOSEDPROFILEDEF(.AREA.,$,#9353);
#9356=IFCCARTESIANPOINT((0.58664733730256557,0.10249999620020389,0.02500000037252903));
#9357=IFCDIRECTION((0.,-1.,0.));
#9358=IFCDIRECTION((1.,0.,0.));
#9359=IFCAXIS2PLACEMENT3D(#9356,#9357,#9358);
#9360=IFCDIRECTION((0.,0.,-1.));
#9361=IFCEXTRUDEDAREASOLID(#9355,#9359,#9360,0.01);
#9363=IFCSHAPEREPRESENTATION(#11,'Body','SweptSolid',(#9330,#9493,#9451,#9482,#9299,#9341,#9440,#9288));
#9364=IFCSHAPEASPECT((#9363),'Lining',$,.T.,#9204);
#9365=IFCSHAPEREPRESENTATION(#11,'Body','SweptSolid',(#9310,#9504,#9352,#9462));
#9366=IFCSHAPEASPECT((#9365),'Framing',$,.T.,#9204);
#9367=IFCSHAPEREPRESENTATION(#11,'Body','SweptSolid',(#9361,#9471,#9319,#9513));
#9368=IFCSHAPEASPECT((#9367),'Glazing',$,.T.,#9204);
#9427=IFCCARTESIANPOINTLIST3D(((0.,0.,0.),(1.1742353439331055,0.,0.),(1.1742353439331055,0.,0.89999997615814209),(0.,0.,0.89999997615814209)));
#9428=IFCINDEXEDPOLYCURVE(#9427,(IFCLINEINDEX((1,2,3,4,1))),$);
#9429=IFCSHAPEREPRESENTATION(#18,'Profile','Curve3D',(#9428));
#9430=IFCCARTESIANPOINTLIST2D(((0.,0.),(0.59987717866897583,0.),(0.59987717866897583,0.89999997615814209),(0.,0.89999997615814209)));
#9431=IFCINDEXEDPOLYCURVE(#9430,(IFCLINEINDEX((1,2,3,4,1))),$);
#9432=IFCCARTESIANPOINTLIST2D(((0.02500000037252903,0.02500000037252903),(0.61310702003538609,0.02500000037252903),(0.61310702003538609,0.87499997578561306),(0.02500000037252903,0.87499997578561306)));
#9433=IFCINDEXEDPOLYCURVE(#9432,(IFCLINEINDEX((1,2,3,4,1))),$);
#9434=IFCARBITRARYPROFILEDEFWITHVOIDS(.AREA.,$,#9431,(#9433));
#9435=IFCCARTESIANPOINT((0.,0.090000001713633537,0.));
#9436=IFCDIRECTION((0.,-1.,0.));
#9437=IFCDIRECTION((1.,0.,0.));
#9438=IFCAXIS2PLACEMENT3D(#9435,#9436,#9437);
#9439=IFCDIRECTION((0.,0.,-1.));
#9440=IFCEXTRUDEDAREASOLID(#9434,#9438,#9439,0.0099999997764825821);
#9441=IFCCARTESIANPOINTLIST2D(((0.,0.),(0.59987717866897583,0.),(0.59987717866897583,0.89999997615814209),(0.,0.89999997615814209)));
#9442=IFCINDEXEDPOLYCURVE(#9441,(IFCLINEINDEX((1,2,3,4,1))),$);
#9443=IFCCARTESIANPOINTLIST2D(((0.05000000074505806,0.05000000074505806),(0.58810701966285706,0.05000000074505806),(0.58810701966285706,0.84999997541308403),(0.05000000074505806,0.84999997541308403)));
#9444=IFCINDEXEDPOLYCURVE(#9443,(IFCLINEINDEX((1,2,3,4,1))),$);
#9445=IFCARBITRARYPROFILEDEFWITHVOIDS(.AREA.,$,#9442,(#9444));
#9446=IFCCARTESIANPOINT((0.,0.05000000074505806,0.));
#9447=IFCDIRECTION((0.,-1.,0.));
#9448=IFCDIRECTION((1.,0.,0.));
#9449=IFCAXIS2PLACEMENT3D(#9446,#9447,#9448);
#9450=IFCDIRECTION((0.,0.,-1.));
#9451=IFCEXTRUDEDAREASOLID(#9445,#9449,#9450,0.040000000968575478);
#9452=IFCCARTESIANPOINTLIST2D(((0.,0.),(0.58810701966285706,0.),(0.58810701966285706,0.84999997541308403),(0.,0.84999997541308403)));
#9453=IFCINDEXEDPOLYCURVE(#9452,(IFCLINEINDEX((1,2,3,4,1))),$);
#9454=IFCCARTESIANPOINTLIST2D(((0.035000000149011612,0.035000000149011612),(0.55310701951384544,0.035000000149011612),(0.55310701951384544,0.81499997526407242),(0.035000000149011612,0.81499997526407242)));
#9455=IFCINDEXEDPOLYCURVE(#9454,(IFCLINEINDEX((1,2,3,4,1))),$);
#9456=IFCARBITRARYPROFILEDEFWITHVOIDS(.AREA.,$,#9453,(#9455));
#9457=IFCCARTESIANPOINT((0.02500000037252903,0.090000001713633537,0.02500000037252903));
#9458=IFCDIRECTION((0.,-1.,0.));
#9459=IFCDIRECTION((1.,0.,0.));
#9460=IFCAXIS2PLACEMENT3D(#9457,#9458,#9459);
#9461=IFCDIRECTION((0.,0.,-1.));
#9462=IFCEXTRUDEDAREASOLID(#9456,#9460,#9461,0.035000000149011612);
#9463=IFCINDEXEDPOLYCURVE(#9464,(IFCLINEINDEX((1,2,3,4,1))),$);
#9464=IFCCARTESIANPOINTLIST2D(((0.035000000149011612,0.035000000149011612),(0.55310701951384544,0.035000000149011612),(0.55310701951384544,0.81499997526407242),(0.035000000149011612,0.81499997526407242)));
#9465=IFCARBITRARYCLOSEDPROFILEDEF(.AREA.,$,#9463);
#9466=IFCCARTESIANPOINT((0.02500000037252903,0.10250000178813934,0.02500000037252903));
#9467=IFCDIRECTION((0.,-1.,0.));
#9468=IFCDIRECTION((1.,0.,0.));
#9469=IFCAXIS2PLACEMENT3D(#9466,#9467,#9468);
#9470=IFCDIRECTION((0.,0.,-1.));
#9471=IFCEXTRUDEDAREASOLID(#9465,#9469,#9470,0.01);
#9472=IFCCARTESIANPOINTLIST2D(((0.,0.),(0.57435816526412964,0.),(0.57435816526412964,0.89999997615814209),(0.,0.89999997615814209)));
#9473=IFCINDEXEDPOLYCURVE(#9472,(IFCLINEINDEX((1,2,3,4,1))),$);
#9474=IFCCARTESIANPOINTLIST2D(((-0.013229841366410255,0.02500000037252903),(0.54935816489160061,0.02500000037252903),(0.54935816489160061,0.87499997578561306),(-0.013229841366410255,0.87499997578561306)));
#9475=IFCINDEXEDPOLYCURVE(#9474,(IFCLINEINDEX((1,2,3,4,1))),$);
#9476=IFCARBITRARYPROFILEDEFWITHVOIDS(.AREA.,$,#9473,(#9475));
#9477=IFCCARTESIANPOINT((0.59987717866897583,0.089999990537762642,0.));
#9478=IFCDIRECTION((0.,-1.,0.));
#9479=IFCDIRECTION((1.,0.,0.));
#9480=IFCAXIS2PLACEMENT3D(#9477,#9478,#9479);
#9481=IFCDIRECTION((0.,0.,-1.));
#9482=IFCEXTRUDEDAREASOLID(#9476,#9480,#9481,0.010000010952353477);
#9483=IFCCARTESIANPOINTLIST2D(((0.,0.),(0.57435816526412964,0.),(0.57435816526412964,0.89999997615814209),(0.,0.89999997615814209)));
#9484=IFCINDEXEDPOLYCURVE(#9483,(IFCLINEINDEX((1,2,3,4,1))),$);
#9485=IFCCARTESIANPOINTLIST2D(((0.011770159006118774,0.05000000074505806),(0.52435816451907158,0.05000000074505806),(0.52435816451907158,0.84999997541308403),(0.011770159006118774,0.84999997541308403)));
#9486=IFCINDEXEDPOLYCURVE(#9485,(IFCLINEINDEX((1,2,3,4,1))),$);
#9487=IFCARBITRARYPROFILEDEFWITHVOIDS(.AREA.,$,#9484,(#9486));
#9488=IFCCARTESIANPOINT((0.59987717866897583,0.05000000074505806,0.));
#9489=IFCDIRECTION((0.,-1.,0.));
#9490=IFCDIRECTION((1.,0.,0.));
#9491=IFCAXIS2PLACEMENT3D(#9488,#9489,#9490);
#9492=IFCDIRECTION((0.,0.,-1.));
#9493=IFCEXTRUDEDAREASOLID(#9487,#9491,#9492,0.039999989792704582);
#9494=IFCCARTESIANPOINTLIST2D(((0.,0.),(0.56258800625801086,0.),(0.56258800625801086,0.84999997541308403),(0.,0.84999997541308403)));
#9495=IFCINDEXEDPOLYCURVE(#9494,(IFCLINEINDEX((1,2,3,4,1))),$);
#9496=IFCCARTESIANPOINTLIST2D(((0.0080774165689945221,0.0080774165689945221),(0.55451058968901634,0.0080774165689945221),(0.55451058968901634,0.84192255884408951),(0.0080774165689945221,0.84192255884408951)));
#9497=IFCINDEXEDPOLYCURVE(#9496,(IFCLINEINDEX((1,2,3,4,1))),$);
#9498=IFCARBITRARYPROFILEDEFWITHVOIDS(.AREA.,$,#9495,(#9497));
#9499=IFCCARTESIANPOINT((0.58664733730256557,0.089999990537762642,0.02500000037252903));
#9500=IFCDIRECTION((0.,-1.,0.));
#9501=IFCDIRECTION((1.,0.,0.));
#9502=IFCAXIS2PLACEMENT3D(#9499,#9500,#9501);
#9503=IFCDIRECTION((0.,0.,-1.));
#9504=IFCEXTRUDEDAREASOLID(#9498,#9502,#9503,0.035000011324882507);
#9505=IFCINDEXEDPOLYCURVE(#9506,(IFCLINEINDEX((1,2,3,4,1))),$);
#9506=IFCCARTESIANPOINTLIST2D(((0.0080774165689945221,0.0080774165689945221),(0.55451058968901634,0.0080774165689945221),(0.55451058968901634,0.84192255884408951),(0.0080774165689945221,0.84192255884408951)));
#9507=IFCARBITRARYCLOSEDPROFILEDEF(.AREA.,$,#9505);
#9508=IFCCARTESIANPOINT((0.58664733730256557,0.10249999620020389,0.02500000037252903));
#9509=IFCDIRECTION((0.,-1.,0.));
#9510=IFCDIRECTION((1.,0.,0.));
#9511=IFCAXIS2PLACEMENT3D(#9508,#9509,#9510);
#9512=IFCDIRECTION((0.,0.,-1.));
#9513=IFCEXTRUDEDAREASOLID(#9507,#9511,#9512,0.01);
#9514=IFCSHAPEREPRESENTATION(#11,'Body','SweptSolid',(#9440,#9451,#9462,#9471,#9482,#9493,#9504,#9513));
#9515=IFCCARTESIANPOINTLIST2D(((0.05000000074505806,0.05000000074505806),(0.58810701966285706,0.05000000074505806)));
#9516=IFCINDEXEDPOLYCURVE(#9515,$,$);
#9517=IFCCARTESIANPOINTLIST2D(((0.,0.10000000149011612),(0.02500000037252903,0.10000000149011612),(0.02500000037252903,0.090000001713633537),(0.05000000074505806,0.090000001713633537),(0.05000000074505806,0.05000000074505806),(0.,0.05000000074505806)));
#9518=IFCINDEXEDPOLYCURVE(#9517,(IFCLINEINDEX((1,2,3,4,5,6,1))),$);
#9519=IFCCARTESIANPOINTLIST2D(((0.59987717866897583,0.10000000149011612),(0.61310702003538609,0.10000000149011612),(0.61310702003538609,0.090000001713633537),(0.58810701966285706,0.090000001713633537),(0.58810701966285706,0.05000000074505806),(0.59987717866897583,0.05000000074505806)));
#9520=IFCINDEXEDPOLYCURVE(#9519,$,$);
#9521=IFCCARTESIANPOINTLIST2D(((0.02500000037252903,0.090000001713633537),(0.060000000521540642,0.090000001713633537),(0.060000000521540642,0.12500000186264515),(0.02500000037252903,0.12500000186264515)));
#9522=IFCINDEXEDPOLYCURVE(#9521,(IFCLINEINDEX((1,2,3,4,1))),$);
#9523=IFCINDEXEDPOLYCURVE(#9524,(IFCLINEINDEX((1,2,3,4,1))),$);
#9524=IFCCARTESIANPOINTLIST2D(((0.61310702003538609,0.090000001713633537),(0.57810701988637447,0.090000001713633537),(0.57810701988637447,0.12500000186264515),(0.61310702003538609,0.12500000186264515)));
#9525=IFCCARTESIANPOINTLIST2D(((0.060000000521540642,0.090000001713633537),(0.57810701988637447,0.090000001713633537)));
#9526=IFCINDEXEDPOLYCURVE(#9525,$,$);
#9527=IFCINDEXEDPOLYCURVE(#9528,$,$);
#9528=IFCCARTESIANPOINTLIST2D(((0.060000000521540642,0.12500000186264515),(0.57810701988637447,0.12500000186264515)));
#9529=IFCINDEXEDPOLYCURVE(#9530,$,$);
#9530=IFCCARTESIANPOINTLIST2D(((0.060000000521540642,0.10750000178813934),(0.57810701988637447,0.10750000178813934)));
#9531=IFCCARTESIANPOINTLIST2D(((0.6116473376750946,0.05000000074505806),(1.1242353431880474,0.05000000074505806)));
#9532=IFCINDEXEDPOLYCURVE(#9531,$,$);
#9533=IFCCARTESIANPOINTLIST2D(((0.59987717866897583,0.10000000149011612),(0.58664733730256557,0.10000000149011612),(0.58664733730256557,0.089999990537762642),(0.6116473376750946,0.089999990537762642),(0.6116473376750946,0.05000000074505806),(0.59987717866897583,0.05000000074505806)));
#9534=IFCINDEXEDPOLYCURVE(#9533,$,$);
#9535=IFCCARTESIANPOINTLIST2D(((1.1742353439331055,0.10000000149011612),(1.1492353435605764,0.10000000149011612),(1.1492353435605764,0.089999990537762642),(1.1242353431880474,0.089999990537762642),(1.1242353431880474,0.05000000074505806),(1.1742353439331055,0.05000000074505806)));
#9536=IFCINDEXEDPOLYCURVE(#9535,(IFCLINEINDEX((1,2,3,4,5,6,1))),$);
#9537=IFCCARTESIANPOINTLIST2D(((0.58664733730256557,0.089999990537762642),(0.5947247538715601,0.089999990537762642),(0.5947247538715601,0.12500000186264515),(0.58664733730256557,0.12500000186264515)));
#9538=IFCINDEXEDPOLYCURVE(#9537,(IFCLINEINDEX((1,2,3,4,1))),$);
#9539=IFCINDEXEDPOLYCURVE(#9540,(IFCLINEINDEX((1,2,3,4,1))),$);
#9540=IFCCARTESIANPOINTLIST2D(((1.1492353435605764,0.089999990537762642),(1.1411579269915819,0.089999990537762642),(1.1411579269915819,0.12500000186264515),(1.1492353435605764,0.12500000186264515)));
#9541=IFCCARTESIANPOINTLIST2D(((0.5947247538715601,0.089999990537762642),(1.1411579269915819,0.089999990537762642)));
#9542=IFCINDEXEDPOLYCURVE(#9541,$,$);
#9543=IFCINDEXEDPOLYCURVE(#9544,$,$);
#9544=IFCCARTESIANPOINTLIST2D(((0.5947247538715601,0.12500000186264515),(1.1411579269915819,0.12500000186264515)));
#9545=IFCINDEXEDPOLYCURVE(#9546,$,$);
#9546=IFCCARTESIANPOINTLIST2D(((0.5947247538715601,0.1074999962002039),(1.1411579269915819,0.1074999962002039)));
#9547=IFCSHAPEREPRESENTATION(#24,'Body','Curve2D',(#9516,#9518,#9520,#9522,#9523,#9526,#9527,#9529,#9532,#9534,#9536,#9538,#9539,#9542,#9543,#9545));
#9548=IFCCARTESIANPOINTLIST2D(((0.,0.),(1.1742353439331055,0.),(1.1742353439331055,0.89999997615814209),(0.,0.89999997615814209)));
#9549=IFCINDEXEDPOLYCURVE(#9548,(IFCLINEINDEX((1,2,3,4,1))),$);
#9550=IFCARBITRARYCLOSEDPROFILEDEF(.AREA.,$,#9549);
#9551=IFCCARTESIANPOINT((0.,-0.60000002384185791,0.));
#9552=IFCDIRECTION((0.,-1.,0.));
#9553=IFCDIRECTION((1.,0.,0.));
#9554=IFCAXIS2PLACEMENT3D(#9551,#9552,#9553);
#9555=IFCDIRECTION((0.,0.,-1.));
#9556=IFCEXTRUDEDAREASOLID(#9550,#9554,#9555,1.2);
#9557=IFCSHAPEREPRESENTATION(#11,'Body','SweptSolid',(#9556));
#9563=IFCCARTESIANPOINT((0.50253158052792779,-3.2008562467211732E-07,1.));
#9564=IFCDIRECTION((0.,0.,1.));
#9565=IFCDIRECTION((0.99999999999997158,-2.3841857910149749E-07,0.));
#9566=IFCAXIS2PLACEMENT3D(#9563,#9564,#9565);
#9567=IFCLOCALPLACEMENT(#17881,#9566);
#9568=IFCCARTESIANPOINT((1.6653345369377348E-16,0.,0.));
#9569=IFCDIRECTION((0.,0.,1.));
#9570=IFCDIRECTION((1.,0.,0.));
#9571=IFCAXIS2PLACEMENT3D(#9568,#9569,#9570);
#9572=IFCLOCALPLACEMENT(#9567,#9571);
#9573=IFCWINDOWTYPE('09Tb1Z4fz4l9Kg85CEYqNk',$,'Bedroom2-2F',$,$,(#9574),(#9576,#9584,#9674),$,$,.WINDOW.,.SINGLE_PANEL.,$,$);
#9574=IFCPROPERTYSET('143f6e9G18gQ52DgZ3ApCe',$,'BBIM_Window',$,(#9575));
#9575=IFCPROPERTYSINGLEVALUE('Data',$,IFCTEXT('{"window_type": "DOUBLE_PANEL_VERTICAL", "overall_height": 0.8999999761581421, "overall_width": 1.1742353439331055, "lining_properties": {"lining_depth": 0.05000000074505806, "lining_thickness": 0.05000000074505806, "lining_offset": 0.05000000074505806, "lining_to_panel_offset_x": 0.02500000037252903, "lining_to_panel_offset_y": 0.02500000037252903, "mullion_thickness": 0.02354031801223755, "first_mullion_offset": 0.5998771786689758}, "panel_properties": {"frame_depth": [0.03500000014901161, 0.03500001132488251, 0.03500000014901161], "frame_thickness": [0.03500000014901161, 0.008077416568994522, 0.03500000014901161]}}'),$);
#9576=IFCREPRESENTATIONMAP(#9577,#9581);
#9577=IFCAXIS2PLACEMENT3D(#9578,#9579,#9580);
#9578=IFCCARTESIANPOINT((0.,0.,0.));
#9579=IFCDIRECTION((0.,0.,1.));
#9580=IFCDIRECTION((1.,0.,0.));
#9581=IFCSHAPEREPRESENTATION(#18,'Profile','Curve3D',(#9582));
#9582=IFCINDEXEDPOLYCURVE(#9583,(IFCLINEINDEX((1,2,3,4,1))),$);
#9583=IFCCARTESIANPOINTLIST3D(((0.,0.,0.),(1.1742353439331055,0.,0.),(1.1742353439331055,0.,0.89999997615814209),(0.,0.,0.89999997615814209)));
#9584=IFCREPRESENTATIONMAP(#9585,#9589);
#9585=IFCAXIS2PLACEMENT3D(#9586,#9587,#9588);
#9586=IFCCARTESIANPOINT((0.,0.,0.));
#9587=IFCDIRECTION((0.,0.,1.));
#9588=IFCDIRECTION((1.,0.,0.));
#9589=IFCSHAPEREPRESENTATION(#11,'Body','SweptSolid',(#9590,#9601,#9612,#9623,#9632,#9643,#9654,#9665));
#9590=IFCEXTRUDEDAREASOLID(#9591,#9596,#9600,0.0099999997764825821);
#9591=IFCARBITRARYPROFILEDEFWITHVOIDS(.AREA.,$,#9592,(#9594));
#9592=IFCINDEXEDPOLYCURVE(#9593,(IFCLINEINDEX((1,2,3,4,1))),$);
#9593=IFCCARTESIANPOINTLIST2D(((0.,0.),(0.59987717866897583,0.),(0.59987717866897583,0.89999997615814209),(0.,0.89999997615814209)));
#9594=IFCINDEXEDPOLYCURVE(#9595,(IFCLINEINDEX((1,2,3,4,1))),$);
#9595=IFCCARTESIANPOINTLIST2D(((0.02500000037252903,0.02500000037252903),(0.61310702003538609,0.02500000037252903),(0.61310702003538609,0.87499997578561306),(0.02500000037252903,0.87499997578561306)));
#9596=IFCAXIS2PLACEMENT3D(#9597,#9598,#9599);
#9597=IFCCARTESIANPOINT((0.,0.090000001713633537,0.));
#9598=IFCDIRECTION((0.,-1.,0.));
#9599=IFCDIRECTION((1.,0.,0.));
#9600=IFCDIRECTION((0.,0.,-1.));
#9601=IFCEXTRUDEDAREASOLID(#9602,#9607,#9611,0.040000000968575478);
#9602=IFCARBITRARYPROFILEDEFWITHVOIDS(.AREA.,$,#9603,(#9605));
#9603=IFCINDEXEDPOLYCURVE(#9604,(IFCLINEINDEX((1,2,3,4,1))),$);
#9604=IFCCARTESIANPOINTLIST2D(((0.,0.),(0.59987717866897583,0.),(0.59987717866897583,0.89999997615814209),(0.,0.89999997615814209)));
#9605=IFCINDEXEDPOLYCURVE(#9606,(IFCLINEINDEX((1,2,3,4,1))),$);
#9606=IFCCARTESIANPOINTLIST2D(((0.05000000074505806,0.05000000074505806),(0.58810701966285706,0.05000000074505806),(0.58810701966285706,0.84999997541308403),(0.05000000074505806,0.84999997541308403)));
#9607=IFCAXIS2PLACEMENT3D(#9608,#9609,#9610);
#9608=IFCCARTESIANPOINT((0.,0.05000000074505806,0.));
#9609=IFCDIRECTION((0.,-1.,0.));
#9610=IFCDIRECTION((1.,0.,0.));
#9611=IFCDIRECTION((0.,0.,-1.));
#9612=IFCEXTRUDEDAREASOLID(#9613,#9618,#9622,0.035000000149011612);
#9613=IFCARBITRARYPROFILEDEFWITHVOIDS(.AREA.,$,#9614,(#9616));
#9614=IFCINDEXEDPOLYCURVE(#9615,(IFCLINEINDEX((1,2,3,4,1))),$);
#9615=IFCCARTESIANPOINTLIST2D(((0.,0.),(0.58810701966285706,0.),(0.58810701966285706,0.84999997541308403),(0.,0.84999997541308403)));
#9616=IFCINDEXEDPOLYCURVE(#9617,(IFCLINEINDEX((1,2,3,4,1))),$);
#9617=IFCCARTESIANPOINTLIST2D(((0.035000000149011612,0.035000000149011612),(0.55310701951384544,0.035000000149011612),(0.55310701951384544,0.81499997526407242),(0.035000000149011612,0.81499997526407242)));
#9618=IFCAXIS2PLACEMENT3D(#9619,#9620,#9621);
#9619=IFCCARTESIANPOINT((0.02500000037252903,0.090000001713633537,0.02500000037252903));
#9620=IFCDIRECTION((0.,-1.,0.));
#9621=IFCDIRECTION((1.,0.,0.));
#9622=IFCDIRECTION((0.,0.,-1.));
#9623=IFCEXTRUDEDAREASOLID(#9624,#9627,#9631,0.01);
#9624=IFCARBITRARYCLOSEDPROFILEDEF(.AREA.,$,#9625);
#9625=IFCINDEXEDPOLYCURVE(#9626,(IFCLINEINDEX((1,2,3,4,1))),$);
#9626=IFCCARTESIANPOINTLIST2D(((0.035000000149011612,0.035000000149011612),(0.55310701951384544,0.035000000149011612),(0.55310701951384544,0.81499997526407242),(0.035000000149011612,0.81499997526407242)));
#9627=IFCAXIS2PLACEMENT3D(#9628,#9629,#9630);
#9628=IFCCARTESIANPOINT((0.02500000037252903,0.10250000178813934,0.02500000037252903));
#9629=IFCDIRECTION((0.,-1.,0.));
#9630=IFCDIRECTION((1.,0.,0.));
#9631=IFCDIRECTION((0.,0.,-1.));
#9632=IFCEXTRUDEDAREASOLID(#9633,#9638,#9642,0.010000010952353477);
#9633=IFCARBITRARYPROFILEDEFWITHVOIDS(.AREA.,$,#9634,(#9636));
#9634=IFCINDEXEDPOLYCURVE(#9635,(IFCLINEINDEX((1,2,3,4,1))),$);
#9635=IFCCARTESIANPOINTLIST2D(((0.,0.),(0.57435816526412964,0.),(0.57435816526412964,0.89999997615814209),(0.,0.89999997615814209)));
#9636=IFCINDEXEDPOLYCURVE(#9637,(IFCLINEINDEX((1,2,3,4,1))),$);
#9637=IFCCARTESIANPOINTLIST2D(((-0.013229841366410255,0.02500000037252903),(0.54935816489160061,0.02500000037252903),(0.54935816489160061,0.87499997578561306),(-0.013229841366410255,0.87499997578561306)));
#9638=IFCAXIS2PLACEMENT3D(#9639,#9640,#9641);
#9639=IFCCARTESIANPOINT((0.59987717866897583,0.089999990537762642,0.));
#9640=IFCDIRECTION((0.,-1.,0.));
#9641=IFCDIRECTION((1.,0.,0.));
#9642=IFCDIRECTION((0.,0.,-1.));
#9643=IFCEXTRUDEDAREASOLID(#9644,#9649,#9653,0.039999989792704582);
#9644=IFCARBITRARYPROFILEDEFWITHVOIDS(.AREA.,$,#9645,(#9647));
#9645=IFCINDEXEDPOLYCURVE(#9646,(IFCLINEINDEX((1,2,3,4,1))),$);
#9646=IFCCARTESIANPOINTLIST2D(((0.,0.),(0.57435816526412964,0.),(0.57435816526412964,0.89999997615814209),(0.,0.89999997615814209)));
#9647=IFCINDEXEDPOLYCURVE(#9648,(IFCLINEINDEX((1,2,3,4,1))),$);
#9648=IFCCARTESIANPOINTLIST2D(((0.011770159006118774,0.05000000074505806),(0.52435816451907158,0.05000000074505806),(0.52435816451907158,0.84999997541308403),(0.011770159006118774,0.84999997541308403)));
#9649=IFCAXIS2PLACEMENT3D(#9650,#9651,#9652);
#9650=IFCCARTESIANPOINT((0.59987717866897583,0.05000000074505806,0.));
#9651=IFCDIRECTION((0.,-1.,0.));
#9652=IFCDIRECTION((1.,0.,0.));
#9653=IFCDIRECTION((0.,0.,-1.));
#9654=IFCEXTRUDEDAREASOLID(#9655,#9660,#9664,0.035000011324882507);
#9655=IFCARBITRARYPROFILEDEFWITHVOIDS(.AREA.,$,#9656,(#9658));
#9656=IFCINDEXEDPOLYCURVE(#9657,(IFCLINEINDEX((1,2,3,4,1))),$);
#9657=IFCCARTESIANPOINTLIST2D(((0.,0.),(0.56258800625801086,0.),(0.56258800625801086,0.84999997541308403),(0.,0.84999997541308403)));
#9658=IFCINDEXEDPOLYCURVE(#9659,(IFCLINEINDEX((1,2,3,4,1))),$);
#9659=IFCCARTESIANPOINTLIST2D(((0.0080774165689945221,0.0080774165689945221),(0.55451058968901634,0.0080774165689945221),(0.55451058968901634,0.84192255884408951),(0.0080774165689945221,0.84192255884408951)));
#9660=IFCAXIS2PLACEMENT3D(#9661,#9662,#9663);
#9661=IFCCARTESIANPOINT((0.58664733730256557,0.089999990537762642,0.02500000037252903));
#9662=IFCDIRECTION((0.,-1.,0.));
#9663=IFCDIRECTION((1.,0.,0.));
#9664=IFCDIRECTION((0.,0.,-1.));
#9665=IFCEXTRUDEDAREASOLID(#9666,#9669,#9673,0.01);
#9666=IFCARBITRARYCLOSEDPROFILEDEF(.AREA.,$,#9667);
#9667=IFCINDEXEDPOLYCURVE(#9668,(IFCLINEINDEX((1,2,3,4,1))),$);
#9668=IFCCARTESIANPOINTLIST2D(((0.0080774165689945221,0.0080774165689945221),(0.55451058968901634,0.0080774165689945221),(0.55451058968901634,0.84192255884408951),(0.0080774165689945221,0.84192255884408951)));
#9669=IFCAXIS2PLACEMENT3D(#9670,#9671,#9672);
#9670=IFCCARTESIANPOINT((0.58664733730256557,0.10249999620020389,0.02500000037252903));
#9671=IFCDIRECTION((0.,-1.,0.));
#9672=IFCDIRECTION((1.,0.,0.));
#9673=IFCDIRECTION((0.,0.,-1.));
#9674=IFCREPRESENTATIONMAP(#9675,#9679);
#9675=IFCAXIS2PLACEMENT3D(#9676,#9677,#9678);
#9676=IFCCARTESIANPOINT((0.,0.,0.));
#9677=IFCDIRECTION((0.,0.,1.));
#9678=IFCDIRECTION((1.,0.,0.));
#9679=IFCSHAPEREPRESENTATION(#24,'Body','Curve2D',(#9680,#9682,#9684,#9686,#9688,#9690,#9692,#9694,#9696,#9698,#9700,#9702,#9704,#9706,#9708,#9710));
#9680=IFCINDEXEDPOLYCURVE(#9681,$,$);
#9681=IFCCARTESIANPOINTLIST2D(((0.05000000074505806,0.05000000074505806),(0.58810701966285706,0.05000000074505806)));
#9682=IFCINDEXEDPOLYCURVE(#9683,(IFCLINEINDEX((1,2,3,4,5,6,1))),$);
#9683=IFCCARTESIANPOINTLIST2D(((0.,0.10000000149011612),(0.02500000037252903,0.10000000149011612),(0.02500000037252903,0.090000001713633537),(0.05000000074505806,0.090000001713633537),(0.05000000074505806,0.05000000074505806),(0.,0.05000000074505806)));
#9684=IFCINDEXEDPOLYCURVE(#9685,$,$);
#9685=IFCCARTESIANPOINTLIST2D(((0.59987717866897583,0.10000000149011612),(0.61310702003538609,0.10000000149011612),(0.61310702003538609,0.090000001713633537),(0.58810701966285706,0.090000001713633537),(0.58810701966285706,0.05000000074505806),(0.59987717866897583,0.05000000074505806)));
#9686=IFCINDEXEDPOLYCURVE(#9687,(IFCLINEINDEX((1,2,3,4,1))),$);
#9687=IFCCARTESIANPOINTLIST2D(((0.02500000037252903,0.090000001713633537),(0.060000000521540642,0.090000001713633537),(0.060000000521540642,0.12500000186264515),(0.02500000037252903,0.12500000186264515)));
#9688=IFCINDEXEDPOLYCURVE(#9689,(IFCLINEINDEX((1,2,3,4,1))),$);
#9689=IFCCARTESIANPOINTLIST2D(((0.61310702003538609,0.090000001713633537),(0.57810701988637447,0.090000001713633537),(0.57810701988637447,0.12500000186264515),(0.61310702003538609,0.12500000186264515)));
#9690=IFCINDEXEDPOLYCURVE(#9691,$,$);
#9691=IFCCARTESIANPOINTLIST2D(((0.060000000521540642,0.090000001713633537),(0.57810701988637447,0.090000001713633537)));
#9692=IFCINDEXEDPOLYCURVE(#9693,$,$);
#9693=IFCCARTESIANPOINTLIST2D(((0.060000000521540642,0.12500000186264515),(0.57810701988637447,0.12500000186264515)));
#9694=IFCINDEXEDPOLYCURVE(#9695,$,$);
#9695=IFCCARTESIANPOINTLIST2D(((0.060000000521540642,0.10750000178813934),(0.57810701988637447,0.10750000178813934)));
#9696=IFCINDEXEDPOLYCURVE(#9697,$,$);
#9697=IFCCARTESIANPOINTLIST2D(((0.6116473376750946,0.05000000074505806),(1.1242353431880474,0.05000000074505806)));
#9698=IFCINDEXEDPOLYCURVE(#9699,$,$);
#9699=IFCCARTESIANPOINTLIST2D(((0.59987717866897583,0.10000000149011612),(0.58664733730256557,0.10000000149011612),(0.58664733730256557,0.089999990537762642),(0.6116473376750946,0.089999990537762642),(0.6116473376750946,0.05000000074505806),(0.59987717866897583,0.05000000074505806)));
#9700=IFCINDEXEDPOLYCURVE(#9701,(IFCLINEINDEX((1,2,3,4,5,6,1))),$);
#9701=IFCCARTESIANPOINTLIST2D(((1.1742353439331055,0.10000000149011612),(1.1492353435605764,0.10000000149011612),(1.1492353435605764,0.089999990537762642),(1.1242353431880474,0.089999990537762642),(1.1242353431880474,0.05000000074505806),(1.1742353439331055,0.05000000074505806)));
#9702=IFCINDEXEDPOLYCURVE(#9703,(IFCLINEINDEX((1,2,3,4,1))),$);
#9703=IFCCARTESIANPOINTLIST2D(((0.58664733730256557,0.089999990537762642),(0.5947247538715601,0.089999990537762642),(0.5947247538715601,0.12500000186264515),(0.58664733730256557,0.12500000186264515)));
#9704=IFCINDEXEDPOLYCURVE(#9705,(IFCLINEINDEX((1,2,3,4,1))),$);
#9705=IFCCARTESIANPOINTLIST2D(((1.1492353435605764,0.089999990537762642),(1.1411579269915819,0.089999990537762642),(1.1411579269915819,0.12500000186264515),(1.1492353435605764,0.12500000186264515)));
#9706=IFCINDEXEDPOLYCURVE(#9707,$,$);
#9707=IFCCARTESIANPOINTLIST2D(((0.5947247538715601,0.089999990537762642),(1.1411579269915819,0.089999990537762642)));
#9708=IFCINDEXEDPOLYCURVE(#9709,$,$);
#9709=IFCCARTESIANPOINTLIST2D(((0.5947247538715601,0.12500000186264515),(1.1411579269915819,0.12500000186264515)));
#9710=IFCINDEXEDPOLYCURVE(#9711,$,$);
#9711=IFCCARTESIANPOINTLIST2D(((0.5947247538715601,0.1074999962002039),(1.1411579269915819,0.1074999962002039)));
#9712=IFCWINDOW('3rd3UO_VX6uwFQnzze8_DZ',$,'Window',$,$,#12105,#9721,$,0.89999997615814209,1.1742353439331055,$,$,$);
#9713=IFCRELDEFINESBYTYPE('3gn45hJQP5EgN6O7Zqc_64',$,$,$,(#9712),#9573);
#9714=IFCCARTESIANPOINT((0.,0.,0.));
#9715=IFCDIRECTION((1.,0.,0.));
#9716=IFCDIRECTION((0.,1.,0.));
#9717=IFCDIRECTION((0.,0.,1.));
#9718=IFCCARTESIANTRANSFORMATIONOPERATOR3D(#9715,#9716,#9714,1.,#9717);
#9719=IFCMAPPEDITEM(#9576,#9718);
#9720=IFCSHAPEREPRESENTATION(#18,'Profile','MappedRepresentation',(#9719));
#9721=IFCPRODUCTDEFINITIONSHAPE($,$,(#9720,#9728,#9735));
#9722=IFCCARTESIANPOINT((0.,0.,0.));
#9723=IFCDIRECTION((1.,0.,0.));
#9724=IFCDIRECTION((0.,1.,0.));
#9725=IFCDIRECTION((0.,0.,1.));
#9726=IFCCARTESIANTRANSFORMATIONOPERATOR3D(#9723,#9724,#9722,1.,#9725);
#9727=IFCMAPPEDITEM(#9584,#9726);
#9728=IFCSHAPEREPRESENTATION(#11,'Body','MappedRepresentation',(#9727));
#9729=IFCCARTESIANPOINT((0.,0.,0.));
#9730=IFCDIRECTION((1.,0.,0.));
#9731=IFCDIRECTION((0.,1.,0.));
#9732=IFCDIRECTION((0.,0.,1.));
#9733=IFCCARTESIANTRANSFORMATIONOPERATOR3D(#9730,#9731,#9729,1.,#9732);
#9734=IFCMAPPEDITEM(#9674,#9733);
#9735=IFCSHAPEREPRESENTATION(#24,'Body','MappedRepresentation',(#9734));
#9736=IFCOPENINGELEMENT('3Uwg9b5Xr64hKRrtcKqlTQ',$,'Opening',$,$,#9786,#9764,$,.OPENING.);
#9742=IFCCARTESIANPOINTLIST2D(((0.,0.),(1.1742353439331055,0.),(1.1742353439331055,0.89999997615814209),(0.,0.89999997615814209)));
#9743=IFCINDEXEDPOLYCURVE(#9742,(IFCLINEINDEX((1,2,3,4,1))),$);
#9744=IFCARBITRARYCLOSEDPROFILEDEF(.AREA.,$,#9743);
#9745=IFCCARTESIANPOINT((0.,-0.60000002384185791,0.));
#9746=IFCDIRECTION((0.,-1.,0.));
#9747=IFCDIRECTION((1.,0.,0.));
#9748=IFCAXIS2PLACEMENT3D(#9745,#9746,#9747);
#9749=IFCDIRECTION((0.,0.,-1.));
#9750=IFCEXTRUDEDAREASOLID(#9744,#9748,#9749,1.2);
#9751=IFCSHAPEREPRESENTATION(#11,'Body','SweptSolid',(#9750));
#9752=IFCCARTESIANPOINT((0.,0.,0.));
#9753=IFCDIRECTION((1.,0.,0.));
#9754=IFCDIRECTION((0.,0.,1.));
#9755=IFCAXIS2PLACEMENT3D(#9752,#9754,#9753);
#9756=IFCREPRESENTATIONMAP(#9755,#9751);
#9757=IFCCARTESIANPOINT((0.,0.,0.));
#9758=IFCDIRECTION((1.,0.,0.));
#9759=IFCDIRECTION((0.,1.,0.));
#9760=IFCDIRECTION((0.,0.,1.));
#9761=IFCCARTESIANTRANSFORMATIONOPERATOR3D(#9758,#9759,#9757,1.,#9760);
#9762=IFCMAPPEDITEM(#9756,#9761);
#9763=IFCSHAPEREPRESENTATION(#11,'Body','MappedRepresentation',(#9762));
#9764=IFCPRODUCTDEFINITIONSHAPE($,$,(#9763));
#9765=IFCRELVOIDSELEMENT('2CgCEnHD95L8zeadHWc$Mw',$,$,$,#7030,#9736);
#9771=IFCRELFILLSELEMENT('2CDqDighP6GgLhsg8vn7iv',$,$,$,#9736,#9712);
#9782=IFCCARTESIANPOINT((0.29853692412493094,2.384185791015625E-07,1.));
#9783=IFCDIRECTION((0.,0.,1.));
#9784=IFCDIRECTION((0.99999999999997158,-2.3841857910155572E-07,0.));
#9785=IFCAXIS2PLACEMENT3D(#9782,#9783,#9784);
#9786=IFCLOCALPLACEMENT(#17856,#9785);
#9792=IFCDOORTYPE('1bnCkdRx94GxupLtMDdd_t',$,'Balcony-2F',$,$,(#9793),(#9795,#9803,#9872,#9884),$,$,.DOOR.,.SINGLE_SWING_LEFT.,$,$);
#9793=IFCPROPERTYSET('0zSgy6il9CGepLoXu7z$$L',$,'BBIM_Door',$,(#9794));
#9794=IFCPROPERTYSINGLEVALUE('Data',$,IFCTEXT('{"door_type": "SLIDING_TO_RIGHT", "overall_height": 2.0, "overall_width": 1.9564785957336426, "lining_properties": {"lining_depth": 0.05000000074505806, "lining_thickness": 0.05000000074505806, "lining_offset": 0.0, "transom_thickness": 0.0, "casing_thickness": 0.07500000298023224, "casing_depth": 0.004999999888241291, "threshold_thickness": 0.02500000037252903, "threshold_depth": 0.10000000149011612, "threshold_offset": 0.0}, "panel_properties": {"panel_depth": 0.03500000014901161, "panel_width_ratio": 1.0}}'),$);
#9795=IFCREPRESENTATIONMAP(#9796,#10076);
#9796=IFCAXIS2PLACEMENT3D(#9797,#9798,#9799);
#9797=IFCCARTESIANPOINT((0.,0.,0.));
#9798=IFCDIRECTION((0.,0.,1.));
#9799=IFCDIRECTION((1.,0.,0.));
#9803=IFCREPRESENTATIONMAP(#9804,#10140);
#9804=IFCAXIS2PLACEMENT3D(#9805,#9806,#9807);
#9805=IFCCARTESIANPOINT((0.,0.,0.));
#9806=IFCDIRECTION((0.,0.,1.));
#9807=IFCDIRECTION((1.,0.,0.));
#9872=IFCREPRESENTATIONMAP(#9873,#10147);
#9873=IFCAXIS2PLACEMENT3D(#9874,#9875,#9876);
#9874=IFCCARTESIANPOINT((0.,0.,0.));
#9875=IFCDIRECTION((0.,0.,1.));
#9876=IFCDIRECTION((1.,0.,0.));
#9884=IFCREPRESENTATIONMAP(#9885,#10152);
#9885=IFCAXIS2PLACEMENT3D(#9886,#9887,#9888);
#9886=IFCCARTESIANPOINT((0.,0.,0.));
#9887=IFCDIRECTION((0.,0.,1.));
#9888=IFCDIRECTION((1.,0.,0.));
#9894=IFCDOOR('1UK0izvfPAWx8CxtvhcF6o',$,'Door',$,$,#10177,#9903,$,2.,1.9564785957336426,$,.SLIDING_TO_RIGHT.,$);
#9895=IFCRELDEFINESBYTYPE('3nm$4FKdbFn8Wa88vUWKnB',$,$,$,(#9894),#9792);
#9896=IFCCARTESIANPOINT((0.,0.,0.));
#9897=IFCDIRECTION((1.,0.,0.));
#9898=IFCDIRECTION((0.,1.,0.));
#9899=IFCDIRECTION((0.,0.,1.));
#9900=IFCCARTESIANTRANSFORMATIONOPERATOR3D(#9897,#9898,#9896,1.,#9899);
#9901=IFCMAPPEDITEM(#9795,#9900);
#9902=IFCSHAPEREPRESENTATION(#18,'Profile','MappedRepresentation',(#9901));
#9903=IFCPRODUCTDEFINITIONSHAPE($,$,(#9902,#9910,#9917,#9924));
#9904=IFCCARTESIANPOINT((0.,0.,0.));
#9905=IFCDIRECTION((1.,0.,0.));
#9906=IFCDIRECTION((0.,1.,0.));
#9907=IFCDIRECTION((0.,0.,1.));
#9908=IFCCARTESIANTRANSFORMATIONOPERATOR3D(#9905,#9906,#9904,1.,#9907);
#9909=IFCMAPPEDITEM(#9803,#9908);
#9910=IFCSHAPEREPRESENTATION(#11,'Body','MappedRepresentation',(#9909));
#9911=IFCCARTESIANPOINT((0.,0.,0.));
#9912=IFCDIRECTION((1.,0.,0.));
#9913=IFCDIRECTION((0.,1.,0.));
#9914=IFCDIRECTION((0.,0.,1.));
#9915=IFCCARTESIANTRANSFORMATIONOPERATOR3D(#9912,#9913,#9911,1.,#9914);
#9916=IFCMAPPEDITEM(#9872,#9915);
#9917=IFCSHAPEREPRESENTATION(#24,'Body','MappedRepresentation',(#9916));
#9918=IFCCARTESIANPOINT((0.,0.,0.));
#9919=IFCDIRECTION((1.,0.,0.));
#9920=IFCDIRECTION((0.,1.,0.));
#9921=IFCDIRECTION((0.,0.,1.));
#9922=IFCCARTESIANTRANSFORMATIONOPERATOR3D(#9919,#9920,#9918,1.,#9921);
#9923=IFCMAPPEDITEM(#9884,#9922);
#9924=IFCSHAPEREPRESENTATION(#25,'Annotation','MappedRepresentation',(#9923));
#9925=IFCOPENINGELEMENT('2Aujr1p$1E$BTUiACsncLs',$,'Opening',$,$,#10172,#9953,$,.OPENING.);
#9941=IFCCARTESIANPOINT((0.,0.,0.));
#9942=IFCDIRECTION((1.,0.,0.));
#9943=IFCDIRECTION((0.,0.,1.));
#9944=IFCAXIS2PLACEMENT3D(#9941,#9943,#9942);
#9945=IFCREPRESENTATIONMAP(#9944,#10162);
#9946=IFCCARTESIANPOINT((0.,0.,0.));
#9947=IFCDIRECTION((1.,0.,0.));
#9948=IFCDIRECTION((0.,1.,0.));
#9949=IFCDIRECTION((0.,0.,1.));
#9950=IFCCARTESIANTRANSFORMATIONOPERATOR3D(#9947,#9948,#9946,1.,#9949);
#9951=IFCMAPPEDITEM(#9945,#9950);
#9952=IFCSHAPEREPRESENTATION(#11,'Body','MappedRepresentation',(#9951));
#9953=IFCPRODUCTDEFINITIONSHAPE($,$,(#9952));
#9954=IFCRELVOIDSELEMENT('3fyrqsd6LE0RzuMoy14awT',$,$,$,#6930,#9925);
#9960=IFCRELFILLSELEMENT('24EVkOB91AX8USgXpPXsws',$,$,$,#9925,#9894);
#9969=IFCCARTESIANPOINTLIST2D(((0.,0.),(0.,2.),(1.9564785957336426,2.),(1.9564785957336426,0.),(1.9064785949885845,0.),(1.9064785949885845,1.9499999992549419),(0.05000000074505806,1.9499999992549419),(0.05000000074505806,0.)));
#9970=IFCINDEXEDPOLYCURVE(#9969,(IFCLINEINDEX((1,2,3,4,5,6,7,8,1))),$);
#9971=IFCARBITRARYCLOSEDPROFILEDEF(.AREA.,$,#9970);
#9972=IFCCARTESIANPOINT((0.,0.,0.));
#9973=IFCDIRECTION((0.,-1.,0.));
#9974=IFCDIRECTION((1.,0.,0.));
#9975=IFCAXIS2PLACEMENT3D(#9972,#9973,#9974);
#9976=IFCDIRECTION((0.,0.,-1.));
#9977=IFCEXTRUDEDAREASOLID(#9971,#9975,#9976,0.05000000074505806);
#9978=IFCCARTESIANPOINTLIST2D(((0.,0.),(1.8564785942435265,0.),(1.8564785942435265,0.10000000149011612),(0.,0.10000000149011612)));
#9979=IFCINDEXEDPOLYCURVE(#9978,(IFCLINEINDEX((1,2,3,4,1))),$);
#9980=IFCARBITRARYCLOSEDPROFILEDEF(.AREA.,$,#9979);
#9981=IFCCARTESIANPOINT((0.05000000074505806,0.,0.));
#9982=IFCDIRECTION((0.,0.,1.));
#9983=IFCDIRECTION((1.,0.,0.));
#9984=IFCAXIS2PLACEMENT3D(#9981,#9982,#9983);
#9985=IFCDIRECTION((0.,0.,1.));
#9986=IFCEXTRUDEDAREASOLID(#9980,#9984,#9985,0.02500000037252903);
#9987=IFCCARTESIANPOINTLIST2D(((0.,0.),(0.,2.0250000022351742),(2.0064786002039909,2.0250000022351742),(2.0064786002039909,0.),(1.9314785972237587,0.),(1.9314785972237587,1.9499999992549419),(0.075000002980232239,1.9499999992549419),(0.075000002980232239,0.)));
#9988=IFCINDEXEDPOLYCURVE(#9987,(IFCLINEINDEX((1,2,3,4,5,6,7,8,1))),$);
#9989=IFCARBITRARYCLOSEDPROFILEDEF(.AREA.,$,#9988);
#9990=IFCCARTESIANPOINT((-0.025000002235174179,-0.004999999888241291,0.));
#9991=IFCDIRECTION((0.,-1.,0.));
#9992=IFCDIRECTION((1.,0.,0.));
#9993=IFCAXIS2PLACEMENT3D(#9990,#9991,#9992);
#9994=IFCDIRECTION((0.,0.,-1.));
#9995=IFCEXTRUDEDAREASOLID(#9989,#9993,#9994,0.004999999888241291);
#9996=IFCCARTESIANPOINTLIST2D(((0.,0.),(0.,2.0250000022351742),(2.0064786002039909,2.0250000022351742),(2.0064786002039909,0.),(1.9314785972237587,0.),(1.9314785972237587,1.9499999992549419),(0.075000002980232239,1.9499999992549419),(0.075000002980232239,0.)));
#9997=IFCINDEXEDPOLYCURVE(#9996,(IFCLINEINDEX((1,2,3,4,5,6,7,8,1))),$);
#9998=IFCARBITRARYCLOSEDPROFILEDEF(.AREA.,$,#9997);
#9999=IFCCARTESIANPOINT((-0.025000002235174179,0.05000000074505806,0.));
#10000=IFCDIRECTION((0.,-1.,0.));
#10001=IFCDIRECTION((1.,0.,0.));
#10002=IFCAXIS2PLACEMENT3D(#9999,#10000,#10001);
#10003=IFCDIRECTION((0.,0.,-1.));
#10004=IFCEXTRUDEDAREASOLID(#9998,#10002,#10003,0.004999999888241291);
#10005=IFCCARTESIANPOINTLIST2D(((0.,0.),(1.8564785942435265,0.),(1.8564785942435265,0.035000000149011612),(0.,0.035000000149011612)));
#10006=IFCINDEXEDPOLYCURVE(#10005,(IFCLINEINDEX((1,2,3,4,1))),$);
#10007=IFCARBITRARYCLOSEDPROFILEDEF(.AREA.,$,#10006);
#10008=IFCCARTESIANPOINT((0.05000000074505806,-0.035000000149011612,0.02500000037252903));
#10009=IFCDIRECTION((0.,0.,1.));
#10010=IFCDIRECTION((1.,0.,0.));
#10011=IFCAXIS2PLACEMENT3D(#10008,#10009,#10010);
#10012=IFCDIRECTION((0.,0.,1.));
#10013=IFCEXTRUDEDAREASOLID(#10007,#10011,#10012,1.9249999988824129);
#10014=IFCCARTESIANPOINTLIST2D(((0.,0.),(0.,-0.040000000000000001),(0.12,-0.040000000000000001),(0.12,-0.02),(0.02,-0.02),(0.02,0.)));
#10015=IFCINDEXEDPOLYCURVE(#10014,(IFCLINEINDEX((1,2,3,4,5,6,1))),$);
#10016=IFCARBITRARYCLOSEDPROFILEDEF(.AREA.,$,#10015);
#10017=IFCCARTESIANPOINT((0.10000000074505806,-0.035000000149011612,1.015000000372529));
#10018=IFCDIRECTION((0.,0.,1.));
#10019=IFCDIRECTION((1.,0.,0.));
#10020=IFCAXIS2PLACEMENT3D(#10017,#10018,#10019);
#10021=IFCDIRECTION((0.,0.,1.));
#10022=IFCEXTRUDEDAREASOLID(#10016,#10020,#10021,0.02);
#10023=IFCEXTRUDEDAREASOLID(#10024,#10027,#10031,0.02);
#10024=IFCARBITRARYCLOSEDPROFILEDEF(.AREA.,$,#10025);
#10025=IFCINDEXEDPOLYCURVE(#10026,(IFCLINEINDEX((1,2,3,4,5,6,1))),$);
#10026=IFCCARTESIANPOINTLIST2D(((0.,0.),(0.,0.040000000000000008),(0.11999999999999998,0.040000000000000008),(0.11999999999999998,0.020000000000000004),(0.020000000000000004,0.020000000000000004),(0.020000000000000004,0.)));
#10027=IFCAXIS2PLACEMENT3D(#10028,#10029,#10030);
#10028=IFCCARTESIANPOINT((0.10000000074505806,0.,1.015000000372529));
#10029=IFCDIRECTION((0.,0.,1.));
#10030=IFCDIRECTION((1.,0.,0.));
#10031=IFCDIRECTION((0.,0.,1.));
#10033=IFCSHAPEREPRESENTATION(#11,'Body','SweptSolid',(#9986,#10103,#10094,#10085,#10004,#9977,#9995,#10112));
#10034=IFCSHAPEASPECT((#10033),'Lining',$,.T.,#9903);
#10035=IFCSHAPEREPRESENTATION(#11,'Body','SweptSolid',(#10023,#10013,#10130,#10131,#10121,#10022));
#10036=IFCSHAPEASPECT((#10035),'Framing',$,.T.,#9903);
#10074=IFCCARTESIANPOINTLIST3D(((0.,0.,0.),(1.9564785957336426,0.,0.),(1.9564785957336426,0.,2.),(0.,0.,2.)));
#10075=IFCINDEXEDPOLYCURVE(#10074,(IFCLINEINDEX((1,2,3,4,1))),$);
#10076=IFCSHAPEREPRESENTATION(#18,'Profile','Curve3D',(#10075));
#10077=IFCCARTESIANPOINTLIST2D(((0.,0.),(0.,2.),(1.9564785957336426,2.),(1.9564785957336426,0.),(1.9064785949885845,0.),(1.9064785949885845,1.9499999992549419),(0.05000000074505806,1.9499999992549419),(0.05000000074505806,0.)));
#10078=IFCINDEXEDPOLYCURVE(#10077,(IFCLINEINDEX((1,2,3,4,5,6,7,8,1))),$);
#10079=IFCARBITRARYCLOSEDPROFILEDEF(.AREA.,$,#10078);
#10080=IFCCARTESIANPOINT((0.,0.,0.));
#10081=IFCDIRECTION((0.,-1.,0.));
#10082=IFCDIRECTION((1.,0.,0.));
#10083=IFCAXIS2PLACEMENT3D(#10080,#10081,#10082);
#10084=IFCDIRECTION((0.,0.,-1.));
#10085=IFCEXTRUDEDAREASOLID(#10079,#10083,#10084,0.05000000074505806);
#10086=IFCCARTESIANPOINTLIST2D(((0.,0.),(1.8564785942435265,0.),(1.8564785942435265,0.10000000149011612),(0.,0.10000000149011612)));
#10087=IFCINDEXEDPOLYCURVE(#10086,(IFCLINEINDEX((1,2,3,4,1))),$);
#10088=IFCARBITRARYCLOSEDPROFILEDEF(.AREA.,$,#10087);
#10089=IFCCARTESIANPOINT((0.05000000074505806,0.,0.));
#10090=IFCDIRECTION((0.,0.,1.));
#10091=IFCDIRECTION((1.,0.,0.));
#10092=IFCAXIS2PLACEMENT3D(#10089,#10090,#10091);
#10093=IFCDIRECTION((0.,0.,1.));
#10094=IFCEXTRUDEDAREASOLID(#10088,#10092,#10093,0.02500000037252903);
#10095=IFCCARTESIANPOINTLIST2D(((0.,0.),(0.,2.0250000022351742),(2.0064786002039909,2.0250000022351742),(2.0064786002039909,0.),(1.9314785972237587,0.),(1.9314785972237587,1.9499999992549419),(0.075000002980232239,1.9499999992549419),(0.075000002980232239,0.)));
#10096=IFCINDEXEDPOLYCURVE(#10095,(IFCLINEINDEX((1,2,3,4,5,6,7,8,1))),$);
#10097=IFCARBITRARYCLOSEDPROFILEDEF(.AREA.,$,#10096);
#10098=IFCCARTESIANPOINT((-0.025000002235174179,-0.004999999888241291,0.));
#10099=IFCDIRECTION((0.,-1.,0.));
#10100=IFCDIRECTION((1.,0.,0.));
#10101=IFCAXIS2PLACEMENT3D(#10098,#10099,#10100);
#10102=IFCDIRECTION((0.,0.,-1.));
#10103=IFCEXTRUDEDAREASOLID(#10097,#10101,#10102,0.004999999888241291);
#10104=IFCCARTESIANPOINTLIST2D(((0.,0.),(0.,2.0250000022351742),(2.0064786002039909,2.0250000022351742),(2.0064786002039909,0.),(1.9314785972237587,0.),(1.9314785972237587,1.9499999992549419),(0.075000002980232239,1.9499999992549419),(0.075000002980232239,0.)));
#10105=IFCINDEXEDPOLYCURVE(#10104,(IFCLINEINDEX((1,2,3,4,5,6,7,8,1))),$);
#10106=IFCARBITRARYCLOSEDPROFILEDEF(.AREA.,$,#10105);
#10107=IFCCARTESIANPOINT((-0.025000002235174179,0.05000000074505806,0.));
#10108=IFCDIRECTION((0.,-1.,0.));
#10109=IFCDIRECTION((1.,0.,0.));
#10110=IFCAXIS2PLACEMENT3D(#10107,#10108,#10109);
#10111=IFCDIRECTION((0.,0.,-1.));
#10112=IFCEXTRUDEDAREASOLID(#10106,#10110,#10111,0.004999999888241291);
#10113=IFCCARTESIANPOINTLIST2D(((0.,0.),(1.8564785942435265,0.),(1.8564785942435265,0.035000000149011612),(0.,0.035000000149011612)));
#10114=IFCINDEXEDPOLYCURVE(#10113,(IFCLINEINDEX((1,2,3,4,1))),$);
#10115=IFCARBITRARYCLOSEDPROFILEDEF(.AREA.,$,#10114);
#10116=IFCCARTESIANPOINT((0.05000000074505806,-0.035000000149011612,0.02500000037252903));
#10117=IFCDIRECTION((0.,0.,1.));
#10118=IFCDIRECTION((1.,0.,0.));
#10119=IFCAXIS2PLACEMENT3D(#10116,#10117,#10118);
#10120=IFCDIRECTION((0.,0.,1.));
#10121=IFCEXTRUDEDAREASOLID(#10115,#10119,#10120,1.9249999988824129);
#10122=IFCCARTESIANPOINTLIST2D(((0.,0.),(0.,-0.040000000000000001),(0.12,-0.040000000000000001),(0.12,-0.02),(0.02,-0.02),(0.02,0.)));
#10123=IFCINDEXEDPOLYCURVE(#10122,(IFCLINEINDEX((1,2,3,4,5,6,1))),$);
#10124=IFCARBITRARYCLOSEDPROFILEDEF(.AREA.,$,#10123);
#10125=IFCCARTESIANPOINT((0.10000000074505806,-0.035000000149011612,1.015000000372529));
#10126=IFCDIRECTION((0.,0.,1.));
#10127=IFCDIRECTION((1.,0.,0.));
#10128=IFCAXIS2PLACEMENT3D(#10125,#10126,#10127);
#10129=IFCDIRECTION((0.,0.,1.));
#10130=IFCEXTRUDEDAREASOLID(#10124,#10128,#10129,0.02);
#10131=IFCEXTRUDEDAREASOLID(#10132,#10135,#10139,0.02);
#10132=IFCARBITRARYCLOSEDPROFILEDEF(.AREA.,$,#10133);
#10133=IFCINDEXEDPOLYCURVE(#10134,(IFCLINEINDEX((1,2,3,4,5,6,1))),$);
#10134=IFCCARTESIANPOINTLIST2D(((0.,0.),(0.,0.040000000000000008),(0.11999999999999998,0.040000000000000008),(0.11999999999999998,0.020000000000000004),(0.020000000000000004,0.020000000000000004),(0.020000000000000004,0.)));
#10135=IFCAXIS2PLACEMENT3D(#10136,#10137,#10138);
#10136=IFCCARTESIANPOINT((0.10000000074505806,0.,1.015000000372529));
#10137=IFCDIRECTION((0.,0.,1.));
#10138=IFCDIRECTION((1.,0.,0.));
#10139=IFCDIRECTION((0.,0.,1.));
#10140=IFCSHAPEREPRESENTATION(#11,'Body','SweptSolid',(#10085,#10121,#10130,#10131,#10094,#10103,#10112));
#10141=IFCCARTESIANPOINTLIST2D(((0.,0.),(0.05000000074505806,0.),(0.05000000074505806,0.05000000074505806),(0.,0.05000000074505806)));
#10142=IFCINDEXEDPOLYCURVE(#10141,(IFCLINEINDEX((1,2,3,4,1))),$);
#10143=IFCINDEXEDPOLYCURVE(#10144,(IFCLINEINDEX((1,2,3,4,1))),$);
#10144=IFCCARTESIANPOINTLIST2D(((1.9564785957336426,0.),(1.9064785949885845,0.),(1.9064785949885845,0.05000000074505806),(1.9564785957336426,0.05000000074505806)));
#10145=IFCCARTESIANPOINTLIST2D(((2.8347178921103477,-0.035000000149011612),(0.97823929786682129,-0.035000000149011612),(0.97823929786682129,0.),(2.8347178921103477,0.)));
#10146=IFCINDEXEDPOLYCURVE(#10145,(IFCLINEINDEX((1,2,3,4,1))),$);
#10147=IFCSHAPEREPRESENTATION(#24,'Body','Curve2D',(#10142,#10143,#10146));
#10148=IFCCARTESIANPOINTLIST2D(((0.69976750873029225,-0.081587428267465345),(1.2567110870033502,-0.081587428267465345)));
#10149=IFCINDEXEDPOLYCURVE(#10148,$,$);
#10150=IFCCARTESIANPOINTLIST2D(((0.72976750873029228,-0.050529142855162856),(0.69976750873029225,-0.081587428267465345),(0.72976750873029228,-0.11264571367976783)));
#10151=IFCINDEXEDPOLYCURVE(#10150,$,$);
#10152=IFCSHAPEREPRESENTATION(#25,'Annotation','Curve2D',(#10149,#10151));
#10153=IFCCARTESIANPOINTLIST2D(((0.,0.),(1.9564785957336426,0.),(1.9564785957336426,2.),(0.,2.)));
#10154=IFCINDEXEDPOLYCURVE(#10153,(IFCLINEINDEX((1,2,3,4,1))),$);
#10155=IFCARBITRARYCLOSEDPROFILEDEF(.AREA.,$,#10154);
#10156=IFCCARTESIANPOINT((0.,-0.60000002384185791,0.));
#10157=IFCDIRECTION((0.,-1.,0.));
#10158=IFCDIRECTION((1.,0.,0.));
#10159=IFCAXIS2PLACEMENT3D(#10156,#10157,#10158);
#10160=IFCDIRECTION((0.,0.,-1.));
#10161=IFCEXTRUDEDAREASOLID(#10155,#10159,#10160,1.2);
#10162=IFCSHAPEREPRESENTATION(#11,'Body','SweptSolid',(#10161));
#10168=IFCCARTESIANPOINT((3.3023301963105252,0.10000002384185791,0.));
#10169=IFCDIRECTION((0.,0.,1.));
#10170=IFCDIRECTION((-0.99999999999998868,1.5099580252808492E-07,0.));
#10171=IFCAXIS2PLACEMENT3D(#10168,#10169,#10170);
#10172=IFCLOCALPLACEMENT(#17836,#10171);
#10173=IFCCARTESIANPOINT((0.,0.,0.));
#10174=IFCDIRECTION((0.,0.,1.));
#10175=IFCDIRECTION((1.,0.,0.));
#10176=IFCAXIS2PLACEMENT3D(#10173,#10174,#10175);
#10177=IFCLOCALPLACEMENT(#10172,#10176);
#10178=IFCDOORTYPE('1oJM2XsW9AoQORg0oQz3Tz',$,'Bedroom2-2-2F',$,$,(#10179),(#10181,#10189,#10267),$,$,.DOOR.,.SINGLE_SWING_LEFT.,$,$);
#10179=IFCPROPERTYSET('1eGAtbGkX5Whx1nKXLhhv9',$,'BBIM_Door',$,(#10180));
#10180=IFCPROPERTYSINGLEVALUE('Data',$,IFCTEXT('{"door_type": "SINGLE_SWING_LEFT", "overall_height": 2.0, "overall_width": 0.8999999761581421, "lining_properties": {"lining_depth": 0.05000000074505806, "lining_thickness": 0.05000000074505806, "lining_offset": 0.0, "lining_to_panel_offset_x": 0.02500000037252903, "lining_to_panel_offset_y": 0.02500000037252903, "transom_thickness": 0.0, "casing_thickness": 0.07500000298023224, "casing_depth": 0.004999999888241291, "threshold_thickness": 0.02500000037252903, "threshold_depth": 0.10000000149011612, "threshold_offset": 0.0}, "panel_properties": {"panel_depth": 0.03500000014901161, "panel_width_ratio": 1.0}}'),$);
#10181=IFCREPRESENTATIONMAP(#10182,#10353);
#10182=IFCAXIS2PLACEMENT3D(#10183,#10184,#10185);
#10183=IFCCARTESIANPOINT((0.,0.,0.));
#10184=IFCDIRECTION((0.,0.,1.));
#10185=IFCDIRECTION((1.,0.,0.));
#10189=IFCREPRESENTATIONMAP(#10190,#10426);
#10190=IFCAXIS2PLACEMENT3D(#10191,#10192,#10193);
#10191=IFCCARTESIANPOINT((0.,0.,0.));
#10192=IFCDIRECTION((0.,0.,1.));
#10193=IFCDIRECTION((1.,0.,0.));
#10267=IFCREPRESENTATIONMAP(#10268,#10444);
#10268=IFCAXIS2PLACEMENT3D(#10269,#10270,#10271);
#10269=IFCCARTESIANPOINT((0.,0.,0.));
#10270=IFCDIRECTION((0.,0.,1.));
#10271=IFCDIRECTION((1.,0.,0.));
#10286=IFCDOOR('1TDEd$ZG17IAKCf4Qu9Sk6',$,'Door',$,$,#10469,#10295,$,2.,0.89999997615814209,$,.SINGLE_SWING_LEFT.,$);
#10287=IFCRELDEFINESBYTYPE('2lGeQJ51X6UgrJty0lkvs0',$,$,$,(#10286),#10178);
#10288=IFCCARTESIANPOINT((0.,0.,0.));
#10289=IFCDIRECTION((1.,0.,0.));
#10290=IFCDIRECTION((0.,1.,0.));
#10291=IFCDIRECTION((0.,0.,1.));
#10292=IFCCARTESIANTRANSFORMATIONOPERATOR3D(#10289,#10290,#10288,1.,#10291);
#10293=IFCMAPPEDITEM(#10181,#10292);
#10294=IFCSHAPEREPRESENTATION(#18,'Profile','MappedRepresentation',(#10293));
#10295=IFCPRODUCTDEFINITIONSHAPE($,$,(#10294,#10302,#10309));
#10296=IFCCARTESIANPOINT((0.,0.,0.));
#10297=IFCDIRECTION((1.,0.,0.));
#10298=IFCDIRECTION((0.,1.,0.));
#10299=IFCDIRECTION((0.,0.,1.));
#10300=IFCCARTESIANTRANSFORMATIONOPERATOR3D(#10297,#10298,#10296,1.,#10299);
#10301=IFCMAPPEDITEM(#10189,#10300);
#10302=IFCSHAPEREPRESENTATION(#11,'Body','MappedRepresentation',(#10301));
#10303=IFCCARTESIANPOINT((0.,0.,0.));
#10304=IFCDIRECTION((1.,0.,0.));
#10305=IFCDIRECTION((0.,1.,0.));
#10306=IFCDIRECTION((0.,0.,1.));
#10307=IFCCARTESIANTRANSFORMATIONOPERATOR3D(#10304,#10305,#10303,1.,#10306);
#10308=IFCMAPPEDITEM(#10267,#10307);
#10309=IFCSHAPEREPRESENTATION(#24,'Body','MappedRepresentation',(#10308));
#10310=IFCOPENINGELEMENT('3Cag_ZVnXBzA3NrbHS1eS1',$,'Opening',$,$,#10464,#10338,$,.OPENING.);
#10326=IFCCARTESIANPOINT((0.,0.,0.));
#10327=IFCDIRECTION((1.,0.,0.));
#10328=IFCDIRECTION((0.,0.,1.));
#10329=IFCAXIS2PLACEMENT3D(#10326,#10328,#10327);
#10330=IFCREPRESENTATIONMAP(#10329,#10454);
#10331=IFCCARTESIANPOINT((0.,0.,0.));
#10332=IFCDIRECTION((1.,0.,0.));
#10333=IFCDIRECTION((0.,1.,0.));
#10334=IFCDIRECTION((0.,0.,1.));
#10335=IFCCARTESIANTRANSFORMATIONOPERATOR3D(#10332,#10333,#10331,1.,#10334);
#10336=IFCMAPPEDITEM(#10330,#10335);
#10337=IFCSHAPEREPRESENTATION(#11,'Body','MappedRepresentation',(#10336));
#10338=IFCPRODUCTDEFINITIONSHAPE($,$,(#10337));
#10339=IFCRELVOIDSELEMENT('1tL217JIj5B9amuU7hyByC',$,$,$,#6980,#10310);
#10345=IFCRELFILLSELEMENT('1Rauf9MB9A1fyMLCZwKUbp',$,$,$,#10310,#10286);
#10351=IFCCARTESIANPOINTLIST3D(((0.,0.,0.),(0.89999997615814209,0.,0.),(0.89999997615814209,0.,2.),(0.,0.,2.)));
#10352=IFCINDEXEDPOLYCURVE(#10351,(IFCLINEINDEX((1,2,3,4,1))),$);
#10353=IFCSHAPEREPRESENTATION(#18,'Profile','Curve3D',(#10352));
#10354=IFCCARTESIANPOINTLIST2D(((0.,0.),(0.,2.),(0.89999997615814209,2.),(0.89999997615814209,0.),(0.87499997578561306,0.),(0.87499997578561306,1.974999999627471),(0.02500000037252903,1.974999999627471),(0.02500000037252903,0.)));
#10355=IFCINDEXEDPOLYCURVE(#10354,(IFCLINEINDEX((1,2,3,4,5,6,7,8,1))),$);
#10356=IFCARBITRARYCLOSEDPROFILEDEF(.AREA.,$,#10355);
#10357=IFCCARTESIANPOINT((0.,0.02500000037252903,0.));
#10358=IFCDIRECTION((0.,-1.,0.));
#10359=IFCDIRECTION((1.,0.,0.));
#10360=IFCAXIS2PLACEMENT3D(#10357,#10358,#10359);
#10361=IFCDIRECTION((0.,0.,-1.));
#10362=IFCEXTRUDEDAREASOLID(#10356,#10360,#10361,0.02500000037252903);
#10363=IFCCARTESIANPOINTLIST2D(((0.,0.),(0.,2.),(0.89999997615814209,2.),(0.89999997615814209,0.),(0.84999997541308403,0.),(0.84999997541308403,1.9499999992549419),(0.05000000074505806,1.9499999992549419),(0.05000000074505806,0.)));
#10364=IFCINDEXEDPOLYCURVE(#10363,(IFCLINEINDEX((1,2,3,4,5,6,7,8,1))),$);
#10365=IFCARBITRARYCLOSEDPROFILEDEF(.AREA.,$,#10364);
#10366=IFCCARTESIANPOINT((0.,0.,0.));
#10367=IFCDIRECTION((0.,-1.,0.));
#10368=IFCDIRECTION((1.,0.,0.));
#10369=IFCAXIS2PLACEMENT3D(#10366,#10367,#10368);
#10370=IFCDIRECTION((0.,0.,-1.));
#10371=IFCEXTRUDEDAREASOLID(#10365,#10369,#10370,0.02500000037252903);
#10372=IFCCARTESIANPOINTLIST2D(((0.,0.),(0.79999997466802597,0.),(0.79999997466802597,0.10000000149011612),(0.,0.10000000149011612)));
#10373=IFCINDEXEDPOLYCURVE(#10372,(IFCLINEINDEX((1,2,3,4,1))),$);
#10374=IFCARBITRARYCLOSEDPROFILEDEF(.AREA.,$,#10373);
#10375=IFCCARTESIANPOINT((0.05000000074505806,0.,0.));
#10376=IFCDIRECTION((0.,0.,1.));
#10377=IFCDIRECTION((1.,0.,0.));
#10378=IFCAXIS2PLACEMENT3D(#10375,#10376,#10377);
#10379=IFCDIRECTION((0.,0.,1.));
#10380=IFCEXTRUDEDAREASOLID(#10374,#10378,#10379,0.02500000037252903);
#10381=IFCCARTESIANPOINTLIST2D(((0.,0.),(0.,2.0250000022351742),(0.94999998062849045,2.0250000022351742),(0.94999998062849045,0.),(0.87499997764825821,0.),(0.87499997764825821,1.9499999992549419),(0.075000002980232239,1.9499999992549419),(0.075000002980232239,0.)));
#10382=IFCINDEXEDPOLYCURVE(#10381,(IFCLINEINDEX((1,2,3,4,5,6,7,8,1))),$);
#10383=IFCARBITRARYCLOSEDPROFILEDEF(.AREA.,$,#10382);
#10384=IFCCARTESIANPOINT((-0.025000002235174179,-0.004999999888241291,0.));
#10385=IFCDIRECTION((0.,-1.,0.));
#10386=IFCDIRECTION((1.,0.,0.));
#10387=IFCAXIS2PLACEMENT3D(#10384,#10385,#10386);
#10388=IFCDIRECTION((0.,0.,-1.));
#10389=IFCEXTRUDEDAREASOLID(#10383,#10387,#10388,0.004999999888241291);
#10390=IFCCARTESIANPOINTLIST2D(((0.,0.),(0.,2.0250000022351742),(0.94999998062849045,2.0250000022351742),(0.94999998062849045,0.),(0.89999997802078724,0.),(0.89999997802078724,1.974999999627471),(0.050000002607703209,1.974999999627471),(0.050000002607703209,0.)));
#10391=IFCINDEXEDPOLYCURVE(#10390,(IFCLINEINDEX((1,2,3,4,5,6,7,8,1))),$);
#10392=IFCARBITRARYCLOSEDPROFILEDEF(.AREA.,$,#10391);
#10393=IFCCARTESIANPOINT((-0.025000002235174179,0.05000000074505806,0.));
#10394=IFCDIRECTION((0.,-1.,0.));
#10395=IFCDIRECTION((1.,0.,0.));
#10396=IFCAXIS2PLACEMENT3D(#10393,#10394,#10395);
#10397=IFCDIRECTION((0.,0.,-1.));
#10398=IFCEXTRUDEDAREASOLID(#10392,#10396,#10397,0.004999999888241291);
#10399=IFCCARTESIANPOINTLIST2D(((0.,0.),(0.84999997541308403,0.),(0.84999997541308403,0.035000000149011612),(0.,0.035000000149011612)));
#10400=IFCINDEXEDPOLYCURVE(#10399,(IFCLINEINDEX((1,2,3,4,1))),$);
#10401=IFCARBITRARYCLOSEDPROFILEDEF(.AREA.,$,#10400);
#10402=IFCCARTESIANPOINT((0.02500000037252903,0.02500000037252903,0.02500000037252903));
#10403=IFCDIRECTION((0.,0.,1.));
#10404=IFCDIRECTION((1.,0.,0.));
#10405=IFCAXIS2PLACEMENT3D(#10402,#10403,#10404);
#10406=IFCDIRECTION((0.,0.,1.));
#10407=IFCEXTRUDEDAREASOLID(#10401,#10405,#10406,1.9499999992549419);
#10408=IFCCARTESIANPOINTLIST2D(((0.,0.),(0.,-0.040000000000000001),(-0.11999999999999988,-0.040000000000000001),(-0.11999999999999988,-0.02),(-0.020000000000000018,-0.02),(-0.020000000000000018,0.)));
#10409=IFCINDEXEDPOLYCURVE(#10408,(IFCLINEINDEX((1,2,3,4,5,6,1))),$);
#10410=IFCARBITRARYCLOSEDPROFILEDEF(.AREA.,$,#10409);
#10411=IFCCARTESIANPOINT((0.82499997578561302,0.02500000037252903,1.015000000372529));
#10412=IFCDIRECTION((0.,0.,1.));
#10413=IFCDIRECTION((1.,0.,0.));
#10414=IFCAXIS2PLACEMENT3D(#10411,#10412,#10413);
#10415=IFCDIRECTION((0.,0.,1.));
#10416=IFCEXTRUDEDAREASOLID(#10410,#10414,#10415,0.02);
#10417=IFCEXTRUDEDAREASOLID(#10418,#10421,#10425,0.02);
#10418=IFCARBITRARYCLOSEDPROFILEDEF(.AREA.,$,#10419);
#10419=IFCINDEXEDPOLYCURVE(#10420,(IFCLINEINDEX((1,2,3,4,5,6,1))),$);
#10420=IFCCARTESIANPOINTLIST2D(((0.,0.),(0.,0.040000000000000008),(-0.11999999999999988,0.040000000000000008),(-0.11999999999999988,0.020000000000000004),(-0.020000000000000018,0.020000000000000004),(-0.020000000000000018,0.)));
#10421=IFCAXIS2PLACEMENT3D(#10422,#10423,#10424);
#10422=IFCCARTESIANPOINT((0.82499997578561302,0.060000000521540642,1.015000000372529));
#10423=IFCDIRECTION((0.,0.,1.));
#10424=IFCDIRECTION((1.,0.,0.));
#10425=IFCDIRECTION((0.,0.,1.));
#10426=IFCSHAPEREPRESENTATION(#11,'Body','SweptSolid',(#10362,#10371,#10407,#10416,#10417,#10380,#10389,#10398));
#10427=IFCSHAPEREPRESENTATION(#11,'Body','SweptSolid',(#10362,#10371,#10380,#10389,#10398));
#10428=IFCSHAPEASPECT((#10427),'Lining',$,.T.,#10295);
#10429=IFCSHAPEREPRESENTATION(#11,'Body','SweptSolid',(#10407,#10416,#10417));
#10430=IFCSHAPEASPECT((#10429),'Framing',$,.T.,#10295);
#10431=IFCCARTESIANPOINTLIST2D(((0.,0.),(0.,0.05000000074505806),(0.02500000037252903,0.05000000074505806),(0.02500000037252903,0.02500000037252903),(0.05000000074505806,0.02500000037252903),(0.05000000074505806,0.)));
#10432=IFCINDEXEDPOLYCURVE(#10431,(IFCLINEINDEX((1,2,3,4,5,6,1))),$);
#10433=IFCINDEXEDPOLYCURVE(#10434,(IFCLINEINDEX((1,2,3,4,5,6,1))),$);
#10434=IFCCARTESIANPOINTLIST2D(((0.89999997615814209,0.),(0.89999997615814209,0.05000000074505806),(0.87499997578561306,0.05000000074505806),(0.87499997578561306,0.02500000037252903),(0.84999997541308403,0.02500000037252903),(0.84999997541308403,0.)));
#10435=IFCDIRECTION((1.,0.));
#10436=IFCCARTESIANPOINT((0.060000000521540642,0.05000000074505806));
#10437=IFCAXIS2PLACEMENT2D(#10436,#10435);
#10438=IFCELLIPSE(#10437,0.81499997526407242,0.84999997541308403);
#10439=IFCCARTESIANPOINT((0.87499997578561306,0.05000000074505806));
#10440=IFCCARTESIANPOINT((0.060000000521540642,0.89999997615814209));
#10441=IFCTRIMMEDCURVE(#10438,(#10439),(#10440),.T.,.CARTESIAN.);
#10442=IFCCARTESIANPOINTLIST2D(((0.02500000037252903,0.05000000074505806),(0.060000000521540642,0.05000000074505806),(0.060000000521540642,0.89999997615814209),(0.02500000037252903,0.89999997615814209)));
#10443=IFCINDEXEDPOLYCURVE(#10442,(IFCLINEINDEX((1,2,3,4,1))),$);
#10444=IFCSHAPEREPRESENTATION(#24,'Body','Curve2D',(#10432,#10433,#10441,#10443));
#10445=IFCCARTESIANPOINTLIST2D(((0.,0.),(0.89999997615814209,0.),(0.89999997615814209,2.),(0.,2.)));
#10446=IFCINDEXEDPOLYCURVE(#10445,(IFCLINEINDEX((1,2,3,4,1))),$);
#10447=IFCARBITRARYCLOSEDPROFILEDEF(.AREA.,$,#10446);
#10448=IFCCARTESIANPOINT((0.,-0.60000002384185791,0.));
#10449=IFCDIRECTION((0.,-1.,0.));
#10450=IFCDIRECTION((1.,0.,0.));
#10451=IFCAXIS2PLACEMENT3D(#10448,#10449,#10450);
#10452=IFCDIRECTION((0.,0.,-1.));
#10453=IFCEXTRUDEDAREASOLID(#10447,#10451,#10452,1.2);
#10454=IFCSHAPEREPRESENTATION(#11,'Body','SweptSolid',(#10453));
#10460=IFCCARTESIANPOINT((0.19523397525245806,0.015000058356761325,0.));
#10461=IFCDIRECTION((0.,0.,1.));
#10462=IFCDIRECTION((0.99999999999998479,-1.7484555314694642E-07,0.));
#10463=IFCAXIS2PLACEMENT3D(#10460,#10461,#10462);
#10464=IFCLOCALPLACEMENT(#17846,#10463);
#10465=IFCCARTESIANPOINT((-5.5511151231257827E-17,0.,0.));
#10466=IFCDIRECTION((0.,0.,1.));
#10467=IFCDIRECTION((1.0000000000000002,-2.6469779601696886E-23,0.));
#10468=IFCAXIS2PLACEMENT3D(#10465,#10466,#10467);
#10469=IFCLOCALPLACEMENT(#10464,#10468);
#10470=IFCDOORTYPE('2IiL06PtLBEx2mfn88OAC9',$,'Bedroom2-1-2F',$,$,(#10471),(#10473,#10481,#10559),$,$,.DOOR.,.SINGLE_SWING_LEFT.,$,$);
#10471=IFCPROPERTYSET('3_XJZWYEn93O3w0NVDATMC',$,'BBIM_Door',$,(#10472));
#10472=IFCPROPERTYSINGLEVALUE('Data',$,IFCTEXT('{"door_type": "DOUBLE_SWING_RIGHT", "overall_height": 2.0, "overall_width": 0.8999999761581421, "lining_properties": {"lining_depth": 0.05000000074505806, "lining_thickness": 0.05000000074505806, "lining_offset": 0.0, "lining_to_panel_offset_x": 0.02500000037252903, "lining_to_panel_offset_y": 0.02500000037252903, "transom_thickness": 0.0, "casing_thickness": 0.07500000298023224, "casing_depth": 0.004999999888241291, "threshold_thickness": 0.02500000037252903, "threshold_depth": 0.10000000149011612, "threshold_offset": 0.0}, "panel_properties": {"panel_depth": 0.03500000014901161, "panel_width_ratio": 1.0}}'),$);
#10473=IFCREPRESENTATIONMAP(#10474,#10660);
#10474=IFCAXIS2PLACEMENT3D(#10475,#10476,#10477);
#10475=IFCCARTESIANPOINT((0.,0.,0.));
#10476=IFCDIRECTION((0.,0.,1.));
#10477=IFCDIRECTION((1.,0.,0.));
#10481=IFCREPRESENTATIONMAP(#10482,#10724);
#10482=IFCAXIS2PLACEMENT3D(#10483,#10484,#10485);
#10483=IFCCARTESIANPOINT((0.,0.,0.));
#10484=IFCDIRECTION((0.,0.,1.));
#10485=IFCDIRECTION((1.,0.,0.));
#10559=IFCREPRESENTATIONMAP(#10560,#10744);
#10560=IFCAXIS2PLACEMENT3D(#10561,#10562,#10563);
#10561=IFCCARTESIANPOINT((0.,0.,0.));
#10562=IFCDIRECTION((0.,0.,1.));
#10563=IFCDIRECTION((1.,0.,0.));
#10578=IFCDOOR('2ocZDZF1D2qA$9mR0hv2Ep',$,'Door',$,$,#10769,#10587,$,2.,0.89999997615814209,$,.DOUBLE_SWING_RIGHT.,$);
#10579=IFCRELDEFINESBYTYPE('0J3FLRPjTDUxg3mJMQ$0MX',$,$,$,(#10578),#10470);
#10580=IFCCARTESIANPOINT((0.,0.,0.));
#10581=IFCDIRECTION((1.,0.,0.));
#10582=IFCDIRECTION((0.,1.,0.));
#10583=IFCDIRECTION((0.,0.,1.));
#10584=IFCCARTESIANTRANSFORMATIONOPERATOR3D(#10581,#10582,#10580,1.,#10583);
#10585=IFCMAPPEDITEM(#10473,#10584);
#10586=IFCSHAPEREPRESENTATION(#18,'Profile','MappedRepresentation',(#10585));
#10587=IFCPRODUCTDEFINITIONSHAPE($,$,(#10586,#10594,#10601));
#10588=IFCCARTESIANPOINT((0.,0.,0.));
#10589=IFCDIRECTION((1.,0.,0.));
#10590=IFCDIRECTION((0.,1.,0.));
#10591=IFCDIRECTION((0.,0.,1.));
#10592=IFCCARTESIANTRANSFORMATIONOPERATOR3D(#10589,#10590,#10588,1.,#10591);
#10593=IFCMAPPEDITEM(#10481,#10592);
#10594=IFCSHAPEREPRESENTATION(#11,'Body','MappedRepresentation',(#10593));
#10595=IFCCARTESIANPOINT((0.,0.,0.));
#10596=IFCDIRECTION((1.,0.,0.));
#10597=IFCDIRECTION((0.,1.,0.));
#10598=IFCDIRECTION((0.,0.,1.));
#10599=IFCCARTESIANTRANSFORMATIONOPERATOR3D(#10596,#10597,#10595,1.,#10598);
#10600=IFCMAPPEDITEM(#10559,#10599);
#10601=IFCSHAPEREPRESENTATION(#24,'Body','MappedRepresentation',(#10600));
#10602=IFCOPENINGELEMENT('1Wf5PK1QP6zOq5jZFplZ$D',$,'Opening',$,$,#10764,#10630,$,.OPENING.);
#10618=IFCCARTESIANPOINT((0.,0.,0.));
#10619=IFCDIRECTION((1.,0.,0.));
#10620=IFCDIRECTION((0.,0.,1.));
#10621=IFCAXIS2PLACEMENT3D(#10618,#10620,#10619);
#10622=IFCREPRESENTATIONMAP(#10621,#10754);
#10623=IFCCARTESIANPOINT((0.,0.,0.));
#10624=IFCDIRECTION((1.,0.,0.));
#10625=IFCDIRECTION((0.,1.,0.));
#10626=IFCDIRECTION((0.,0.,1.));
#10627=IFCCARTESIANTRANSFORMATIONOPERATOR3D(#10624,#10625,#10623,1.,#10626);
#10628=IFCMAPPEDITEM(#10622,#10627);
#10629=IFCSHAPEREPRESENTATION(#11,'Body','MappedRepresentation',(#10628));
#10630=IFCPRODUCTDEFINITIONSHAPE($,$,(#10629));
#10631=IFCRELVOIDSELEMENT('0NcGxypiD4lP0Ig_cwhgGE',$,$,$,#7721,#10602);
#10637=IFCRELFILLSELEMENT('03sYyCv8rBzAsArDJESjP$',$,$,$,#10602,#10578);
#10658=IFCCARTESIANPOINTLIST3D(((0.,0.,0.),(0.89999997615814209,0.,0.),(0.89999997615814209,0.,2.),(0.,0.,2.)));
#10659=IFCINDEXEDPOLYCURVE(#10658,(IFCLINEINDEX((1,2,3,4,1))),$);
#10660=IFCSHAPEREPRESENTATION(#18,'Profile','Curve3D',(#10659));
#10661=IFCCARTESIANPOINTLIST2D(((0.,0.),(0.,2.),(0.89999997615814209,2.),(0.89999997615814209,0.),(0.87499997578561306,0.),(0.87499997578561306,1.974999999627471),(0.02500000037252903,1.974999999627471),(0.02500000037252903,0.)));
#10662=IFCINDEXEDPOLYCURVE(#10661,(IFCLINEINDEX((1,2,3,4,5,6,7,8,1))),$);
#10663=IFCARBITRARYCLOSEDPROFILEDEF(.AREA.,$,#10662);
#10664=IFCCARTESIANPOINT((0.,0.,0.));
#10665=IFCDIRECTION((0.,-1.,0.));
#10666=IFCDIRECTION((1.,0.,0.));
#10667=IFCAXIS2PLACEMENT3D(#10664,#10665,#10666);
#10668=IFCDIRECTION((0.,0.,-1.));
#10669=IFCEXTRUDEDAREASOLID(#10663,#10667,#10668,0.05000000074505806);
#10670=IFCCARTESIANPOINTLIST2D(((0.,0.),(0.84999997541308403,0.),(0.84999997541308403,0.10000000149011612),(0.,0.10000000149011612)));
#10671=IFCINDEXEDPOLYCURVE(#10670,(IFCLINEINDEX((1,2,3,4,1))),$);
#10672=IFCARBITRARYCLOSEDPROFILEDEF(.AREA.,$,#10671);
#10673=IFCCARTESIANPOINT((0.02500000037252903,0.,0.));
#10674=IFCDIRECTION((0.,0.,1.));
#10675=IFCDIRECTION((1.,0.,0.));
#10676=IFCAXIS2PLACEMENT3D(#10673,#10674,#10675);
#10677=IFCDIRECTION((0.,0.,1.));
#10678=IFCEXTRUDEDAREASOLID(#10672,#10676,#10677,0.02500000037252903);
#10679=IFCCARTESIANPOINTLIST2D(((0.,0.),(0.,2.0250000022351742),(0.94999998062849045,2.0250000022351742),(0.94999998062849045,0.),(0.89999997802078724,0.),(0.89999997802078724,1.974999999627471),(0.050000002607703209,1.974999999627471),(0.050000002607703209,0.)));
#10680=IFCINDEXEDPOLYCURVE(#10679,(IFCLINEINDEX((1,2,3,4,5,6,7,8,1))),$);
#10681=IFCARBITRARYCLOSEDPROFILEDEF(.AREA.,$,#10680);
#10682=IFCCARTESIANPOINT((-0.025000002235174179,-0.004999999888241291,0.));
#10683=IFCDIRECTION((0.,-1.,0.));
#10684=IFCDIRECTION((1.,0.,0.));
#10685=IFCAXIS2PLACEMENT3D(#10682,#10683,#10684);
#10686=IFCDIRECTION((0.,0.,-1.));
#10687=IFCEXTRUDEDAREASOLID(#10681,#10685,#10686,0.004999999888241291);
#10688=IFCCARTESIANPOINTLIST2D(((0.,0.),(0.,2.0250000022351742),(0.94999998062849045,2.0250000022351742),(0.94999998062849045,0.),(0.89999997802078724,0.),(0.89999997802078724,1.974999999627471),(0.050000002607703209,1.974999999627471),(0.050000002607703209,0.)));
#10689=IFCINDEXEDPOLYCURVE(#10688,(IFCLINEINDEX((1,2,3,4,5,6,7,8,1))),$);
#10690=IFCARBITRARYCLOSEDPROFILEDEF(.AREA.,$,#10689);
#10691=IFCCARTESIANPOINT((-0.025000002235174179,0.05000000074505806,0.));
#10692=IFCDIRECTION((0.,-1.,0.));
#10693=IFCDIRECTION((1.,0.,0.));
#10694=IFCAXIS2PLACEMENT3D(#10691,#10692,#10693);
#10695=IFCDIRECTION((0.,0.,-1.));
#10696=IFCEXTRUDEDAREASOLID(#10690,#10694,#10695,0.004999999888241291);
#10697=IFCCARTESIANPOINTLIST2D(((0.,0.),(0.84999997541308403,0.),(0.84999997541308403,0.035000000149011612),(0.,0.035000000149011612)));
#10698=IFCINDEXEDPOLYCURVE(#10697,(IFCLINEINDEX((1,2,3,4,1))),$);
#10699=IFCARBITRARYCLOSEDPROFILEDEF(.AREA.,$,#10698);
#10700=IFCCARTESIANPOINT((0.02500000037252903,0.02500000037252903,0.02500000037252903));
#10701=IFCDIRECTION((0.,0.,1.));
#10702=IFCDIRECTION((1.,0.,0.));
#10703=IFCAXIS2PLACEMENT3D(#10700,#10701,#10702);
#10704=IFCDIRECTION((0.,0.,1.));
#10705=IFCEXTRUDEDAREASOLID(#10699,#10703,#10704,1.9499999992549419);
#10706=IFCCARTESIANPOINTLIST2D(((0.,0.),(0.,-0.040000000000000001),(0.12,-0.040000000000000001),(0.12,-0.02),(0.02,-0.02),(0.02,0.)));
#10707=IFCINDEXEDPOLYCURVE(#10706,(IFCLINEINDEX((1,2,3,4,5,6,1))),$);
#10708=IFCARBITRARYCLOSEDPROFILEDEF(.AREA.,$,#10707);
#10709=IFCCARTESIANPOINT((0.075000000372529033,0.02500000037252903,1.015000000372529));
#10710=IFCDIRECTION((0.,0.,1.));
#10711=IFCDIRECTION((1.,0.,0.));
#10712=IFCAXIS2PLACEMENT3D(#10709,#10710,#10711);
#10713=IFCDIRECTION((0.,0.,1.));
#10714=IFCEXTRUDEDAREASOLID(#10708,#10712,#10713,0.02);
#10715=IFCEXTRUDEDAREASOLID(#10716,#10719,#10723,0.02);
#10716=IFCARBITRARYCLOSEDPROFILEDEF(.AREA.,$,#10717);
#10717=IFCINDEXEDPOLYCURVE(#10718,(IFCLINEINDEX((1,2,3,4,5,6,1))),$);
#10718=IFCCARTESIANPOINTLIST2D(((0.,0.),(0.,0.040000000000000008),(0.11999999999999998,0.040000000000000008),(0.11999999999999998,0.020000000000000004),(0.020000000000000004,0.020000000000000004),(0.020000000000000004,0.)));
#10719=IFCAXIS2PLACEMENT3D(#10720,#10721,#10722);
#10720=IFCCARTESIANPOINT((0.075000000372529033,0.060000000521540642,1.015000000372529));
#10721=IFCDIRECTION((0.,0.,1.));
#10722=IFCDIRECTION((1.,0.,0.));
#10723=IFCDIRECTION((0.,0.,1.));
#10724=IFCSHAPEREPRESENTATION(#11,'Body','SweptSolid',(#10669,#10705,#10714,#10715,#10678,#10687,#10696));
#10725=IFCSHAPEREPRESENTATION(#11,'Body','SweptSolid',(#10669,#10678,#10687,#10696));
#10726=IFCSHAPEASPECT((#10725),'Lining',$,.T.,#10587);
#10727=IFCSHAPEREPRESENTATION(#11,'Body','SweptSolid',(#10705,#10714,#10715));
#10728=IFCSHAPEASPECT((#10727),'Framing',$,.T.,#10587);
#10729=IFCCARTESIANPOINTLIST2D(((0.,0.),(0.02500000037252903,0.),(0.02500000037252903,0.05000000074505806),(0.,0.05000000074505806)));
#10730=IFCINDEXEDPOLYCURVE(#10729,(IFCLINEINDEX((1,2,3,4,1))),$);
#10731=IFCINDEXEDPOLYCURVE(#10732,(IFCLINEINDEX((1,2,3,4,1))),$);
#10732=IFCCARTESIANPOINTLIST2D(((0.89999997615814209,0.),(0.87499997578561306,0.),(0.87499997578561306,0.05000000074505806),(0.89999997615814209,0.05000000074505806)));
#10733=IFCCARTESIANPOINTLIST2D(((0.87499997578561306,0.05000000074505806),(0.87499997578561306,-0.79999997466802597),(0.83999997563660145,-0.79999997466802597)));
#10734=IFCINDEXEDPOLYCURVE(#10733,$,$);
#10735=IFCDIRECTION((1.,0.));
#10736=IFCCARTESIANPOINT((0.83999997563660145,0.05000000074505806));
#10737=IFCAXIS2PLACEMENT2D(#10736,#10735);
#10738=IFCELLIPSE(#10737,0.81499997526407242,0.84999997541308403);
#10739=IFCCARTESIANPOINT((0.83999997563660145,0.89999997615814209));
#10740=IFCCARTESIANPOINT((0.83999997563660145,-0.79999997466802597));
#10741=IFCTRIMMEDCURVE(#10738,(#10739),(#10740),.T.,.CARTESIAN.);
#10742=IFCCARTESIANPOINTLIST2D(((0.87499997578561306,0.05000000074505806),(0.83999997563660145,0.05000000074505806),(0.83999997563660145,0.89999997615814209),(0.87499997578561306,0.89999997615814209)));
#10743=IFCINDEXEDPOLYCURVE(#10742,(IFCLINEINDEX((1,2,3,4,1))),$);
#10744=IFCSHAPEREPRESENTATION(#24,'Body','Curve2D',(#10730,#10731,#10734,#10741,#10743));
#10745=IFCCARTESIANPOINTLIST2D(((0.,0.),(0.89999997615814209,0.),(0.89999997615814209,2.),(0.,2.)));
#10746=IFCINDEXEDPOLYCURVE(#10745,(IFCLINEINDEX((1,2,3,4,1))),$);
#10747=IFCARBITRARYCLOSEDPROFILEDEF(.AREA.,$,#10746);
#10748=IFCCARTESIANPOINT((0.,-0.60000002384185791,0.));
#10749=IFCDIRECTION((0.,-1.,0.));
#10750=IFCDIRECTION((1.,0.,0.));
#10751=IFCAXIS2PLACEMENT3D(#10748,#10749,#10750);
#10752=IFCDIRECTION((0.,0.,-1.));
#10753=IFCEXTRUDEDAREASOLID(#10747,#10751,#10752,1.2);
#10754=IFCSHAPEREPRESENTATION(#11,'Body','SweptSolid',(#10753));
#10760=IFCCARTESIANPOINT((1.0245335198407981,0.084999918937683105,0.));
#10761=IFCDIRECTION((0.,0.,1.));
#10762=IFCDIRECTION((-0.99999999999992428,3.8941436741876494E-07,0.));
#10763=IFCAXIS2PLACEMENT3D(#10760,#10761,#10762);
#10764=IFCLOCALPLACEMENT(#17871,#10763);
#10765=IFCCARTESIANPOINT((0.,0.,0.));
#10766=IFCDIRECTION((0.,0.,1.));
#10767=IFCDIRECTION((1.,0.,0.));
#10768=IFCAXIS2PLACEMENT3D(#10765,#10766,#10767);
#10769=IFCLOCALPLACEMENT(#10764,#10768);
#10770=IFCDOORTYPE('19XcDmjLPAdvtjuaVfKT_i',$,'Master-2F',$,$,(#10771),(#10773,#10781,#10859),$,$,.DOOR.,.SINGLE_SWING_LEFT.,$,$);
#10771=IFCPROPERTYSET('3jSp9Lmij4ceQb1jOdq5WL',$,'BBIM_Door',$,(#10772));
#10772=IFCPROPERTYSINGLEVALUE('Data',$,IFCTEXT('{"door_type": "SINGLE_SWING_RIGHT", "overall_height": 2.0, "overall_width": 0.8008257150650024, "lining_properties": {"lining_depth": 0.05000000074505806, "lining_thickness": 0.05000000074505806, "lining_offset": 0.0, "lining_to_panel_offset_x": 0.02500000037252903, "lining_to_panel_offset_y": 0.02500000037252903, "transom_thickness": 0.0, "casing_thickness": 0.07500000298023224, "casing_depth": 0.004999999888241291, "threshold_thickness": 0.02500000037252903, "threshold_depth": 0.10000000149011612, "threshold_offset": 0.0}, "panel_properties": {"panel_depth": 0.03500000014901161, "panel_width_ratio": 1.0}}'),$);
#10773=IFCREPRESENTATIONMAP(#10774,#11094);
#10774=IFCAXIS2PLACEMENT3D(#10775,#10776,#10777);
#10775=IFCCARTESIANPOINT((0.,0.,0.));
#10776=IFCDIRECTION((0.,0.,1.));
#10777=IFCDIRECTION((1.,0.,0.));
#10781=IFCREPRESENTATIONMAP(#10782,#11167);
#10782=IFCAXIS2PLACEMENT3D(#10783,#10784,#10785);
#10783=IFCCARTESIANPOINT((0.,0.,0.));
#10784=IFCDIRECTION((0.,0.,1.));
#10785=IFCDIRECTION((1.,0.,0.));
#10859=IFCREPRESENTATIONMAP(#10860,#11181);
#10860=IFCAXIS2PLACEMENT3D(#10861,#10862,#10863);
#10861=IFCCARTESIANPOINT((0.,0.,0.));
#10862=IFCDIRECTION((0.,0.,1.));
#10863=IFCDIRECTION((1.,0.,0.));
#10878=IFCDOOR('3FeAiTwV1CMAmpDoL_0yoP',$,'Door',$,$,#11206,#10887,$,2.,0.80082571506500244,$,.SINGLE_SWING_RIGHT.,$);
#10879=IFCRELDEFINESBYTYPE('2xCDgvXP1CvuaHpX4EDGYv',$,$,$,(#10878),#10770);
#10880=IFCCARTESIANPOINT((0.,0.,0.));
#10881=IFCDIRECTION((1.,0.,0.));
#10882=IFCDIRECTION((0.,1.,0.));
#10883=IFCDIRECTION((0.,0.,1.));
#10884=IFCCARTESIANTRANSFORMATIONOPERATOR3D(#10881,#10882,#10880,1.,#10883);
#10885=IFCMAPPEDITEM(#10773,#10884);
#10886=IFCSHAPEREPRESENTATION(#18,'Profile','MappedRepresentation',(#10885));
#10887=IFCPRODUCTDEFINITIONSHAPE($,$,(#10886,#10894,#10901));
#10888=IFCCARTESIANPOINT((0.,0.,0.));
#10889=IFCDIRECTION((1.,0.,0.));
#10890=IFCDIRECTION((0.,1.,0.));
#10891=IFCDIRECTION((0.,0.,1.));
#10892=IFCCARTESIANTRANSFORMATIONOPERATOR3D(#10889,#10890,#10888,1.,#10891);
#10893=IFCMAPPEDITEM(#10781,#10892);
#10894=IFCSHAPEREPRESENTATION(#11,'Body','MappedRepresentation',(#10893));
#10895=IFCCARTESIANPOINT((0.,0.,0.));
#10896=IFCDIRECTION((1.,0.,0.));
#10897=IFCDIRECTION((0.,1.,0.));
#10898=IFCDIRECTION((0.,0.,1.));
#10899=IFCCARTESIANTRANSFORMATIONOPERATOR3D(#10896,#10897,#10895,1.,#10898);
#10900=IFCMAPPEDITEM(#10859,#10899);
#10901=IFCSHAPEREPRESENTATION(#24,'Body','MappedRepresentation',(#10900));
#10902=IFCOPENINGELEMENT('2uymSDcWP0KPl3SKyKhYiG',$,'Opening',$,$,#11201,#10930,$,.OPENING.);
#10918=IFCCARTESIANPOINT((0.,0.,0.));
#10919=IFCDIRECTION((1.,0.,0.));
#10920=IFCDIRECTION((0.,0.,1.));
#10921=IFCAXIS2PLACEMENT3D(#10918,#10920,#10919);
#10922=IFCREPRESENTATIONMAP(#10921,#11191);
#10923=IFCCARTESIANPOINT((0.,0.,0.));
#10924=IFCDIRECTION((1.,0.,0.));
#10925=IFCDIRECTION((0.,1.,0.));
#10926=IFCDIRECTION((0.,0.,1.));
#10927=IFCCARTESIANTRANSFORMATIONOPERATOR3D(#10924,#10925,#10923,1.,#10926);
#10928=IFCMAPPEDITEM(#10922,#10927);
#10929=IFCSHAPEREPRESENTATION(#11,'Body','MappedRepresentation',(#10928));
#10930=IFCPRODUCTDEFINITIONSHAPE($,$,(#10929));
#10931=IFCRELVOIDSELEMENT('3KXoHDqW93dfBE7v7qKy4d',$,$,$,#7651,#10902);
#10937=IFCRELFILLSELEMENT('3rlJMc9PL7NPlo5JzGfCqt',$,$,$,#10902,#10878);
#10946=IFCCARTESIANPOINTLIST2D(((0.,0.),(0.,2.),(0.80082571506500244,2.),(0.80082571506500244,0.),(0.77582571469247341,0.),(0.77582571469247341,1.974999999627471),(0.02500000037252903,1.974999999627471),(0.02500000037252903,0.)));
#10947=IFCINDEXEDPOLYCURVE(#10946,(IFCLINEINDEX((1,2,3,4,5,6,7,8,1))),$);
#10948=IFCARBITRARYCLOSEDPROFILEDEF(.AREA.,$,#10947);
#10949=IFCCARTESIANPOINT((0.,0.02500000037252903,0.));
#10950=IFCDIRECTION((0.,-1.,0.));
#10951=IFCDIRECTION((1.,0.,0.));
#10952=IFCAXIS2PLACEMENT3D(#10949,#10950,#10951);
#10953=IFCDIRECTION((0.,0.,-1.));
#10954=IFCEXTRUDEDAREASOLID(#10948,#10952,#10953,0.02500000037252903);
#10955=IFCCARTESIANPOINTLIST2D(((0.,0.),(0.,2.),(0.80082571506500244,2.),(0.80082571506500244,0.),(0.75082571431994438,0.),(0.75082571431994438,1.9499999992549419),(0.05000000074505806,1.9499999992549419),(0.05000000074505806,0.)));
#10956=IFCINDEXEDPOLYCURVE(#10955,(IFCLINEINDEX((1,2,3,4,5,6,7,8,1))),$);
#10957=IFCARBITRARYCLOSEDPROFILEDEF(.AREA.,$,#10956);
#10958=IFCCARTESIANPOINT((0.,0.,0.));
#10959=IFCDIRECTION((0.,-1.,0.));
#10960=IFCDIRECTION((1.,0.,0.));
#10961=IFCAXIS2PLACEMENT3D(#10958,#10959,#10960);
#10962=IFCDIRECTION((0.,0.,-1.));
#10963=IFCEXTRUDEDAREASOLID(#10957,#10961,#10962,0.02500000037252903);
#10964=IFCCARTESIANPOINTLIST2D(((0.,0.),(0.70082571357488632,0.),(0.70082571357488632,0.10000000149011612),(0.,0.10000000149011612)));
#10965=IFCINDEXEDPOLYCURVE(#10964,(IFCLINEINDEX((1,2,3,4,1))),$);
#10966=IFCARBITRARYCLOSEDPROFILEDEF(.AREA.,$,#10965);
#10967=IFCCARTESIANPOINT((0.05000000074505806,0.,0.));
#10968=IFCDIRECTION((0.,0.,1.));
#10969=IFCDIRECTION((1.,0.,0.));
#10970=IFCAXIS2PLACEMENT3D(#10967,#10968,#10969);
#10971=IFCDIRECTION((0.,0.,1.));
#10972=IFCEXTRUDEDAREASOLID(#10966,#10970,#10971,0.02500000037252903);
#10973=IFCCARTESIANPOINTLIST2D(((0.,0.),(0.,2.0250000022351742),(0.8508257195353508,2.0250000022351742),(0.8508257195353508,0.),(0.77582571655511856,0.),(0.77582571655511856,1.9499999992549419),(0.075000002980232239,1.9499999992549419),(0.075000002980232239,0.)));
#10974=IFCINDEXEDPOLYCURVE(#10973,(IFCLINEINDEX((1,2,3,4,5,6,7,8,1))),$);
#10975=IFCARBITRARYCLOSEDPROFILEDEF(.AREA.,$,#10974);
#10976=IFCCARTESIANPOINT((-0.025000002235174179,-0.004999999888241291,0.));
#10977=IFCDIRECTION((0.,-1.,0.));
#10978=IFCDIRECTION((1.,0.,0.));
#10979=IFCAXIS2PLACEMENT3D(#10976,#10977,#10978);
#10980=IFCDIRECTION((0.,0.,-1.));
#10981=IFCEXTRUDEDAREASOLID(#10975,#10979,#10980,0.004999999888241291);
#10982=IFCCARTESIANPOINTLIST2D(((0.,0.),(0.,2.0250000022351742),(0.8508257195353508,2.0250000022351742),(0.8508257195353508,0.),(0.80082571692764759,0.),(0.80082571692764759,1.974999999627471),(0.050000002607703209,1.974999999627471),(0.050000002607703209,0.)));
#10983=IFCINDEXEDPOLYCURVE(#10982,(IFCLINEINDEX((1,2,3,4,5,6,7,8,1))),$);
#10984=IFCARBITRARYCLOSEDPROFILEDEF(.AREA.,$,#10983);
#10985=IFCCARTESIANPOINT((-0.025000002235174179,0.05000000074505806,0.));
#10986=IFCDIRECTION((0.,-1.,0.));
#10987=IFCDIRECTION((1.,0.,0.));
#10988=IFCAXIS2PLACEMENT3D(#10985,#10986,#10987);
#10989=IFCDIRECTION((0.,0.,-1.));
#10990=IFCEXTRUDEDAREASOLID(#10984,#10988,#10989,0.004999999888241291);
#10991=IFCCARTESIANPOINTLIST2D(((0.,0.),(0.75082571431994438,0.),(0.75082571431994438,0.035000000149011612),(0.,0.035000000149011612)));
#10992=IFCINDEXEDPOLYCURVE(#10991,(IFCLINEINDEX((1,2,3,4,1))),$);
#10993=IFCARBITRARYCLOSEDPROFILEDEF(.AREA.,$,#10992);
#10994=IFCCARTESIANPOINT((0.02500000037252903,0.02500000037252903,0.02500000037252903));
#10995=IFCDIRECTION((0.,0.,1.));
#10996=IFCDIRECTION((1.,0.,0.));
#10997=IFCAXIS2PLACEMENT3D(#10994,#10995,#10996);
#10998=IFCDIRECTION((0.,0.,1.));
#10999=IFCEXTRUDEDAREASOLID(#10993,#10997,#10998,1.9499999992549419);
#11000=IFCCARTESIANPOINTLIST2D(((0.,0.),(0.,-0.040000000000000001),(0.12,-0.040000000000000001),(0.12,-0.02),(0.02,-0.02),(0.02,0.)));
#11001=IFCINDEXEDPOLYCURVE(#11000,(IFCLINEINDEX((1,2,3,4,5,6,1))),$);
#11002=IFCARBITRARYCLOSEDPROFILEDEF(.AREA.,$,#11001);
#11003=IFCCARTESIANPOINT((0.075000000372529033,0.02500000037252903,1.015000000372529));
#11004=IFCDIRECTION((0.,0.,1.));
#11005=IFCDIRECTION((1.,0.,0.));
#11006=IFCAXIS2PLACEMENT3D(#11003,#11004,#11005);
#11007=IFCDIRECTION((0.,0.,1.));
#11008=IFCEXTRUDEDAREASOLID(#11002,#11006,#11007,0.02);
#11009=IFCEXTRUDEDAREASOLID(#11010,#11013,#11017,0.02);
#11010=IFCARBITRARYCLOSEDPROFILEDEF(.AREA.,$,#11011);
#11011=IFCINDEXEDPOLYCURVE(#11012,(IFCLINEINDEX((1,2,3,4,5,6,1))),$);
#11012=IFCCARTESIANPOINTLIST2D(((0.,0.),(0.,0.040000000000000008),(0.11999999999999998,0.040000000000000008),(0.11999999999999998,0.020000000000000004),(0.020000000000000004,0.020000000000000004),(0.020000000000000004,0.)));
#11013=IFCAXIS2PLACEMENT3D(#11014,#11015,#11016);
#11014=IFCCARTESIANPOINT((0.075000000372529033,0.060000000521540642,1.015000000372529));
#11015=IFCDIRECTION((0.,0.,1.));
#11016=IFCDIRECTION((1.,0.,0.));
#11017=IFCDIRECTION((0.,0.,1.));
#11019=IFCSHAPEREPRESENTATION(#11,'Body','SweptSolid',(#11103,#10954,#10963,#10990,#11121,#10981,#11139,#11112,#10972,#11130));
#11020=IFCSHAPEASPECT((#11019),'Lining',$,.T.,#10887);
#11021=IFCSHAPEREPRESENTATION(#11,'Body','SweptSolid',(#11158,#11148,#11008,#11009,#10999,#11157));
#11022=IFCSHAPEASPECT((#11021),'Framing',$,.T.,#10887);
#11092=IFCCARTESIANPOINTLIST3D(((0.,0.,0.),(0.80082571506500244,0.,0.),(0.80082571506500244,0.,2.),(0.,0.,2.)));
#11093=IFCINDEXEDPOLYCURVE(#11092,(IFCLINEINDEX((1,2,3,4,1))),$);
#11094=IFCSHAPEREPRESENTATION(#18,'Profile','Curve3D',(#11093));
#11095=IFCCARTESIANPOINTLIST2D(((0.,0.),(0.,2.),(0.80082571506500244,2.),(0.80082571506500244,0.),(0.77582571469247341,0.),(0.77582571469247341,1.974999999627471),(0.02500000037252903,1.974999999627471),(0.02500000037252903,0.)));
#11096=IFCINDEXEDPOLYCURVE(#11095,(IFCLINEINDEX((1,2,3,4,5,6,7,8,1))),$);
#11097=IFCARBITRARYCLOSEDPROFILEDEF(.AREA.,$,#11096);
#11098=IFCCARTESIANPOINT((0.,0.02500000037252903,0.));
#11099=IFCDIRECTION((0.,-1.,0.));
#11100=IFCDIRECTION((1.,0.,0.));
#11101=IFCAXIS2PLACEMENT3D(#11098,#11099,#11100);
#11102=IFCDIRECTION((0.,0.,-1.));
#11103=IFCEXTRUDEDAREASOLID(#11097,#11101,#11102,0.02500000037252903);
#11104=IFCCARTESIANPOINTLIST2D(((0.,0.),(0.,2.),(0.80082571506500244,2.),(0.80082571506500244,0.),(0.75082571431994438,0.),(0.75082571431994438,1.9499999992549419),(0.05000000074505806,1.9499999992549419),(0.05000000074505806,0.)));
#11105=IFCINDEXEDPOLYCURVE(#11104,(IFCLINEINDEX((1,2,3,4,5,6,7,8,1))),$);
#11106=IFCARBITRARYCLOSEDPROFILEDEF(.AREA.,$,#11105);
#11107=IFCCARTESIANPOINT((0.,0.,0.));
#11108=IFCDIRECTION((0.,-1.,0.));
#11109=IFCDIRECTION((1.,0.,0.));
#11110=IFCAXIS2PLACEMENT3D(#11107,#11108,#11109);
#11111=IFCDIRECTION((0.,0.,-1.));
#11112=IFCEXTRUDEDAREASOLID(#11106,#11110,#11111,0.02500000037252903);
#11113=IFCCARTESIANPOINTLIST2D(((0.,0.),(0.70082571357488632,0.),(0.70082571357488632,0.10000000149011612),(0.,0.10000000149011612)));
#11114=IFCINDEXEDPOLYCURVE(#11113,(IFCLINEINDEX((1,2,3,4,1))),$);
#11115=IFCARBITRARYCLOSEDPROFILEDEF(.AREA.,$,#11114);
#11116=IFCCARTESIANPOINT((0.05000000074505806,0.,0.));
#11117=IFCDIRECTION((0.,0.,1.));
#11118=IFCDIRECTION((1.,0.,0.));
#11119=IFCAXIS2PLACEMENT3D(#11116,#11117,#11118);
#11120=IFCDIRECTION((0.,0.,1.));
#11121=IFCEXTRUDEDAREASOLID(#11115,#11119,#11120,0.02500000037252903);
#11122=IFCCARTESIANPOINTLIST2D(((0.,0.),(0.,2.0250000022351742),(0.8508257195353508,2.0250000022351742),(0.8508257195353508,0.),(0.77582571655511856,0.),(0.77582571655511856,1.9499999992549419),(0.075000002980232239,1.9499999992549419),(0.075000002980232239,0.)));
#11123=IFCINDEXEDPOLYCURVE(#11122,(IFCLINEINDEX((1,2,3,4,5,6,7,8,1))),$);
#11124=IFCARBITRARYCLOSEDPROFILEDEF(.AREA.,$,#11123);
#11125=IFCCARTESIANPOINT((-0.025000002235174179,-0.004999999888241291,0.));
#11126=IFCDIRECTION((0.,-1.,0.));
#11127=IFCDIRECTION((1.,0.,0.));
#11128=IFCAXIS2PLACEMENT3D(#11125,#11126,#11127);
#11129=IFCDIRECTION((0.,0.,-1.));
#11130=IFCEXTRUDEDAREASOLID(#11124,#11128,#11129,0.004999999888241291);
#11131=IFCCARTESIANPOINTLIST2D(((0.,0.),(0.,2.0250000022351742),(0.8508257195353508,2.0250000022351742),(0.8508257195353508,0.),(0.80082571692764759,0.),(0.80082571692764759,1.974999999627471),(0.050000002607703209,1.974999999627471),(0.050000002607703209,0.)));
#11132=IFCINDEXEDPOLYCURVE(#11131,(IFCLINEINDEX((1,2,3,4,5,6,7,8,1))),$);
#11133=IFCARBITRARYCLOSEDPROFILEDEF(.AREA.,$,#11132);
#11134=IFCCARTESIANPOINT((-0.025000002235174179,0.05000000074505806,0.));
#11135=IFCDIRECTION((0.,-1.,0.));
#11136=IFCDIRECTION((1.,0.,0.));
#11137=IFCAXIS2PLACEMENT3D(#11134,#11135,#11136);
#11138=IFCDIRECTION((0.,0.,-1.));
#11139=IFCEXTRUDEDAREASOLID(#11133,#11137,#11138,0.004999999888241291);
#11140=IFCCARTESIANPOINTLIST2D(((0.,0.),(0.75082571431994438,0.),(0.75082571431994438,0.035000000149011612),(0.,0.035000000149011612)));
#11141=IFCINDEXEDPOLYCURVE(#11140,(IFCLINEINDEX((1,2,3,4,1))),$);
#11142=IFCARBITRARYCLOSEDPROFILEDEF(.AREA.,$,#11141);
#11143=IFCCARTESIANPOINT((0.02500000037252903,0.02500000037252903,0.02500000037252903));
#11144=IFCDIRECTION((0.,0.,1.));
#11145=IFCDIRECTION((1.,0.,0.));
#11146=IFCAXIS2PLACEMENT3D(#11143,#11144,#11145);
#11147=IFCDIRECTION((0.,0.,1.));
#11148=IFCEXTRUDEDAREASOLID(#11142,#11146,#11147,1.9499999992549419);
#11149=IFCCARTESIANPOINTLIST2D(((0.,0.),(0.,-0.040000000000000001),(0.12,-0.040000000000000001),(0.12,-0.02),(0.02,-0.02),(0.02,0.)));
#11150=IFCINDEXEDPOLYCURVE(#11149,(IFCLINEINDEX((1,2,3,4,5,6,1))),$);
#11151=IFCARBITRARYCLOSEDPROFILEDEF(.AREA.,$,#11150);
#11152=IFCCARTESIANPOINT((0.075000000372529033,0.02500000037252903,1.015000000372529));
#11153=IFCDIRECTION((0.,0.,1.));
#11154=IFCDIRECTION((1.,0.,0.));
#11155=IFCAXIS2PLACEMENT3D(#11152,#11153,#11154);
#11156=IFCDIRECTION((0.,0.,1.));
#11157=IFCEXTRUDEDAREASOLID(#11151,#11155,#11156,0.02);
#11158=IFCEXTRUDEDAREASOLID(#11159,#11162,#11166,0.02);
#11159=IFCARBITRARYCLOSEDPROFILEDEF(.AREA.,$,#11160);
#11160=IFCINDEXEDPOLYCURVE(#11161,(IFCLINEINDEX((1,2,3,4,5,6,1))),$);
#11161=IFCCARTESIANPOINTLIST2D(((0.,0.),(0.,0.040000000000000008),(0.11999999999999998,0.040000000000000008),(0.11999999999999998,0.020000000000000004),(0.020000000000000004,0.020000000000000004),(0.020000000000000004,0.)));
#11162=IFCAXIS2PLACEMENT3D(#11163,#11164,#11165);
#11163=IFCCARTESIANPOINT((0.075000000372529033,0.060000000521540642,1.015000000372529));
#11164=IFCDIRECTION((0.,0.,1.));
#11165=IFCDIRECTION((1.,0.,0.));
#11166=IFCDIRECTION((0.,0.,1.));
#11167=IFCSHAPEREPRESENTATION(#11,'Body','SweptSolid',(#11103,#11112,#11148,#11157,#11158,#11121,#11130,#11139));
#11168=IFCCARTESIANPOINTLIST2D(((0.,0.),(0.,0.05000000074505806),(0.02500000037252903,0.05000000074505806),(0.02500000037252903,0.02500000037252903),(0.05000000074505806,0.02500000037252903),(0.05000000074505806,0.)));
#11169=IFCINDEXEDPOLYCURVE(#11168,(IFCLINEINDEX((1,2,3,4,5,6,1))),$);
#11170=IFCINDEXEDPOLYCURVE(#11171,(IFCLINEINDEX((1,2,3,4,5,6,1))),$);
#11171=IFCCARTESIANPOINTLIST2D(((0.80082571506500244,0.),(0.80082571506500244,0.05000000074505806),(0.77582571469247341,0.05000000074505806),(0.77582571469247341,0.02500000037252903),(0.75082571431994438,0.02500000037252903),(0.75082571431994438,0.)));
#11172=IFCDIRECTION((1.,0.));
#11173=IFCCARTESIANPOINT((0.7408257145434618,0.05000000074505806));
#11174=IFCAXIS2PLACEMENT2D(#11173,#11172);
#11175=IFCELLIPSE(#11174,0.71582571417093277,0.75082571431994438);
#11176=IFCCARTESIANPOINT((0.7408257145434618,0.80082571506500244));
#11177=IFCCARTESIANPOINT((0.02500000037252903,0.05000000074505806));
#11178=IFCTRIMMEDCURVE(#11175,(#11176),(#11177),.T.,.CARTESIAN.);
#11179=IFCCARTESIANPOINTLIST2D(((0.77582571469247341,0.05000000074505806),(0.7408257145434618,0.05000000074505806),(0.7408257145434618,0.80082571506500244),(0.77582571469247341,0.80082571506500244)));
#11180=IFCINDEXEDPOLYCURVE(#11179,(IFCLINEINDEX((1,2,3,4,1))),$);
#11181=IFCSHAPEREPRESENTATION(#24,'Body','Curve2D',(#11169,#11170,#11178,#11180));
#11182=IFCCARTESIANPOINTLIST2D(((0.,0.),(0.80082571506500244,0.),(0.80082571506500244,2.),(0.,2.)));
#11183=IFCINDEXEDPOLYCURVE(#11182,(IFCLINEINDEX((1,2,3,4,1))),$);
#11184=IFCARBITRARYCLOSEDPROFILEDEF(.AREA.,$,#11183);
#11185=IFCCARTESIANPOINT((0.,-0.60000002384185791,0.));
#11186=IFCDIRECTION((0.,-1.,0.));
#11187=IFCDIRECTION((1.,0.,0.));
#11188=IFCAXIS2PLACEMENT3D(#11185,#11186,#11187);
#11189=IFCDIRECTION((0.,0.,-1.));
#11190=IFCEXTRUDEDAREASOLID(#11184,#11188,#11189,1.2);
#11191=IFCSHAPEREPRESENTATION(#11,'Body','SweptSolid',(#11190));
#11197=IFCCARTESIANPOINT((3.1821308124662178,0.014999413726586808,0.));
#11198=IFCDIRECTION((0.,0.,1.));
#11199=IFCDIRECTION((0.99999999999997147,-2.384185719961227E-07,0.));
#11200=IFCAXIS2PLACEMENT3D(#11197,#11198,#11199);
#11201=IFCLOCALPLACEMENT(#17866,#11200);
#11202=IFCCARTESIANPOINT((-6.6613381477509392E-16,-5.5511151231257827E-17,0.));
#11203=IFCDIRECTION((0.,0.,1.));
#11204=IFCDIRECTION((1.,0.,0.));
#11205=IFCAXIS2PLACEMENT3D(#11202,#11203,#11204);
#11206=IFCLOCALPLACEMENT(#11201,#11205);
#11207=IFCDOORTYPE('0W7EGc9dn739Mi_yYFopXS',$,'Bedroom1-2F',$,$,(#11208),(#11210,#11218,#11287),$,$,.DOOR.,.SINGLE_SWING_LEFT.,$,$);
#11208=IFCPROPERTYSET('2BKRJDbyP9iuFR8rTRdcbW',$,'BBIM_Door',$,(#11209));
#11209=IFCPROPERTYSINGLEVALUE('Data',$,IFCTEXT('{"door_type": "DOUBLE_SWING_LEFT", "overall_height": 2.0, "overall_width": 0.8448573350906372, "lining_properties": {"lining_depth": 0.05000000074505806, "lining_thickness": 0.05000000074505806, "lining_offset": 0.0, "lining_to_panel_offset_x": 0.02500000037252903, "lining_to_panel_offset_y": 0.02500000037252903, "transom_thickness": 0.0, "casing_thickness": 0.07500000298023224, "casing_depth": 0.004999999888241291, "threshold_thickness": 0.02500000037252903, "threshold_depth": 0.10000000149011612, "threshold_offset": 0.0}, "panel_properties": {"panel_depth": 0.03500000014901161, "panel_width_ratio": 1.0}}'),$);
#11210=IFCREPRESENTATIONMAP(#11211,#11502);
#11211=IFCAXIS2PLACEMENT3D(#11212,#11213,#11214);
#11212=IFCCARTESIANPOINT((0.,0.,0.));
#11213=IFCDIRECTION((0.,0.,1.));
#11214=IFCDIRECTION((1.,0.,0.));
#11218=IFCREPRESENTATIONMAP(#11219,#11566);
#11219=IFCAXIS2PLACEMENT3D(#11220,#11221,#11222);
#11220=IFCCARTESIANPOINT((0.,0.,0.));
#11221=IFCDIRECTION((0.,0.,1.));
#11222=IFCDIRECTION((1.,0.,0.));
#11287=IFCREPRESENTATIONMAP(#11288,#11582);
#11288=IFCAXIS2PLACEMENT3D(#11289,#11290,#11291);
#11289=IFCCARTESIANPOINT((0.,0.,0.));
#11290=IFCDIRECTION((0.,0.,1.));
#11291=IFCDIRECTION((1.,0.,0.));
#11308=IFCDOOR('0apL0kkFn0SfI6cIJTqkU4',$,'Door',$,$,#11607,#11317,$,2.,0.84485733509063721,$,.DOUBLE_SWING_LEFT.,$);
#11309=IFCRELDEFINESBYTYPE('0daky9YTj82gRNbvNUptTo',$,$,$,(#11308),#11207);
#11310=IFCCARTESIANPOINT((0.,0.,0.));
#11311=IFCDIRECTION((1.,0.,0.));
#11312=IFCDIRECTION((0.,1.,0.));
#11313=IFCDIRECTION((0.,0.,1.));
#11314=IFCCARTESIANTRANSFORMATIONOPERATOR3D(#11311,#11312,#11310,1.,#11313);
#11315=IFCMAPPEDITEM(#11210,#11314);
#11316=IFCSHAPEREPRESENTATION(#18,'Profile','MappedRepresentation',(#11315));
#11317=IFCPRODUCTDEFINITIONSHAPE($,$,(#11316,#11324,#11331));
#11318=IFCCARTESIANPOINT((0.,0.,0.));
#11319=IFCDIRECTION((1.,0.,0.));
#11320=IFCDIRECTION((0.,1.,0.));
#11321=IFCDIRECTION((0.,0.,1.));
#11322=IFCCARTESIANTRANSFORMATIONOPERATOR3D(#11319,#11320,#11318,1.,#11321);
#11323=IFCMAPPEDITEM(#11218,#11322);
#11324=IFCSHAPEREPRESENTATION(#11,'Body','MappedRepresentation',(#11323));
#11325=IFCCARTESIANPOINT((0.,0.,0.));
#11326=IFCDIRECTION((1.,0.,0.));
#11327=IFCDIRECTION((0.,1.,0.));
#11328=IFCDIRECTION((0.,0.,1.));
#11329=IFCCARTESIANTRANSFORMATIONOPERATOR3D(#11326,#11327,#11325,1.,#11328);
#11330=IFCMAPPEDITEM(#11287,#11329);
#11331=IFCSHAPEREPRESENTATION(#24,'Body','MappedRepresentation',(#11330));
#11332=IFCOPENINGELEMENT('1NIIQCAxj83OYvnBUNB1J7',$,'Opening',$,$,#11602,#11360,$,.OPENING.);
#11348=IFCCARTESIANPOINT((0.,0.,0.));
#11349=IFCDIRECTION((1.,0.,0.));
#11350=IFCDIRECTION((0.,0.,1.));
#11351=IFCAXIS2PLACEMENT3D(#11348,#11350,#11349);
#11352=IFCREPRESENTATIONMAP(#11351,#11592);
#11353=IFCCARTESIANPOINT((0.,0.,0.));
#11354=IFCDIRECTION((1.,0.,0.));
#11355=IFCDIRECTION((0.,1.,0.));
#11356=IFCDIRECTION((0.,0.,1.));
#11357=IFCCARTESIANTRANSFORMATIONOPERATOR3D(#11354,#11355,#11353,1.,#11356);
#11358=IFCMAPPEDITEM(#11352,#11357);
#11359=IFCSHAPEREPRESENTATION(#11,'Body','MappedRepresentation',(#11358));
#11360=IFCPRODUCTDEFINITIONSHAPE($,$,(#11359));
#11361=IFCRELVOIDSELEMENT('3lBVuT5z93fOe_FVJPncCs',$,$,$,#7786,#11332);
#11367=IFCRELFILLSELEMENT('0ThTbkrczAWOb_fbg$ipOf',$,$,$,#11332,#11308);
#11376=IFCCARTESIANPOINTLIST2D(((0.,0.),(0.,2.),(0.84485733509063721,2.),(0.84485733509063721,0.),(0.81985733471810818,0.),(0.81985733471810818,1.974999999627471),(0.02500000037252903,1.974999999627471),(0.02500000037252903,0.)));
#11377=IFCINDEXEDPOLYCURVE(#11376,(IFCLINEINDEX((1,2,3,4,5,6,7,8,1))),$);
#11378=IFCARBITRARYCLOSEDPROFILEDEF(.AREA.,$,#11377);
#11379=IFCCARTESIANPOINT((0.,0.,0.));
#11380=IFCDIRECTION((0.,-1.,0.));
#11381=IFCDIRECTION((1.,0.,0.));
#11382=IFCAXIS2PLACEMENT3D(#11379,#11380,#11381);
#11383=IFCDIRECTION((0.,0.,-1.));
#11384=IFCEXTRUDEDAREASOLID(#11378,#11382,#11383,0.05000000074505806);
#11385=IFCCARTESIANPOINTLIST2D(((0.,0.),(0.79485733434557915,0.),(0.79485733434557915,0.10000000149011612),(0.,0.10000000149011612)));
#11386=IFCINDEXEDPOLYCURVE(#11385,(IFCLINEINDEX((1,2,3,4,1))),$);
#11387=IFCARBITRARYCLOSEDPROFILEDEF(.AREA.,$,#11386);
#11388=IFCCARTESIANPOINT((0.02500000037252903,0.,0.));
#11389=IFCDIRECTION((0.,0.,1.));
#11390=IFCDIRECTION((1.,0.,0.));
#11391=IFCAXIS2PLACEMENT3D(#11388,#11389,#11390);
#11392=IFCDIRECTION((0.,0.,1.));
#11393=IFCEXTRUDEDAREASOLID(#11387,#11391,#11392,0.02500000037252903);
#11394=IFCCARTESIANPOINTLIST2D(((0.,0.),(0.,2.0250000022351742),(0.89485733956098557,2.0250000022351742),(0.89485733956098557,0.),(0.84485733695328236,0.),(0.84485733695328236,1.974999999627471),(0.050000002607703209,1.974999999627471),(0.050000002607703209,0.)));
#11395=IFCINDEXEDPOLYCURVE(#11394,(IFCLINEINDEX((1,2,3,4,5,6,7,8,1))),$);
#11396=IFCARBITRARYCLOSEDPROFILEDEF(.AREA.,$,#11395);
#11397=IFCCARTESIANPOINT((-0.025000002235174179,-0.004999999888241291,0.));
#11398=IFCDIRECTION((0.,-1.,0.));
#11399=IFCDIRECTION((1.,0.,0.));
#11400=IFCAXIS2PLACEMENT3D(#11397,#11398,#11399);
#11401=IFCDIRECTION((0.,0.,-1.));
#11402=IFCEXTRUDEDAREASOLID(#11396,#11400,#11401,0.004999999888241291);
#11403=IFCCARTESIANPOINTLIST2D(((0.,0.),(0.,2.0250000022351742),(0.89485733956098557,2.0250000022351742),(0.89485733956098557,0.),(0.84485733695328236,0.),(0.84485733695328236,1.974999999627471),(0.050000002607703209,1.974999999627471),(0.050000002607703209,0.)));
#11404=IFCINDEXEDPOLYCURVE(#11403,(IFCLINEINDEX((1,2,3,4,5,6,7,8,1))),$);
#11405=IFCARBITRARYCLOSEDPROFILEDEF(.AREA.,$,#11404);
#11406=IFCCARTESIANPOINT((-0.025000002235174179,0.05000000074505806,0.));
#11407=IFCDIRECTION((0.,-1.,0.));
#11408=IFCDIRECTION((1.,0.,0.));
#11409=IFCAXIS2PLACEMENT3D(#11406,#11407,#11408);
#11410=IFCDIRECTION((0.,0.,-1.));
#11411=IFCEXTRUDEDAREASOLID(#11405,#11409,#11410,0.004999999888241291);
#11412=IFCCARTESIANPOINTLIST2D(((0.,0.),(0.79485733434557915,0.),(0.79485733434557915,0.035000000149011612),(0.,0.035000000149011612)));
#11413=IFCINDEXEDPOLYCURVE(#11412,(IFCLINEINDEX((1,2,3,4,1))),$);
#11414=IFCARBITRARYCLOSEDPROFILEDEF(.AREA.,$,#11413);
#11415=IFCCARTESIANPOINT((0.02500000037252903,0.02500000037252903,0.02500000037252903));
#11416=IFCDIRECTION((0.,0.,1.));
#11417=IFCDIRECTION((1.,0.,0.));
#11418=IFCAXIS2PLACEMENT3D(#11415,#11416,#11417);
#11419=IFCDIRECTION((0.,0.,1.));
#11420=IFCEXTRUDEDAREASOLID(#11414,#11418,#11419,1.9499999992549419);
#11421=IFCCARTESIANPOINTLIST2D(((0.,0.),(0.,-0.040000000000000001),(0.12,-0.040000000000000001),(0.12,-0.02),(0.02,-0.02),(0.02,0.)));
#11422=IFCINDEXEDPOLYCURVE(#11421,(IFCLINEINDEX((1,2,3,4,5,6,1))),$);
#11423=IFCARBITRARYCLOSEDPROFILEDEF(.AREA.,$,#11422);
#11424=IFCCARTESIANPOINT((0.075000000372529033,0.02500000037252903,1.015000000372529));
#11425=IFCDIRECTION((0.,0.,1.));
#11426=IFCDIRECTION((1.,0.,0.));
#11427=IFCAXIS2PLACEMENT3D(#11424,#11425,#11426);
#11428=IFCDIRECTION((0.,0.,1.));
#11429=IFCEXTRUDEDAREASOLID(#11423,#11427,#11428,0.02);
#11430=IFCEXTRUDEDAREASOLID(#11431,#11434,#11438,0.02);
#11431=IFCARBITRARYCLOSEDPROFILEDEF(.AREA.,$,#11432);
#11432=IFCINDEXEDPOLYCURVE(#11433,(IFCLINEINDEX((1,2,3,4,5,6,1))),$);
#11433=IFCCARTESIANPOINTLIST2D(((0.,0.),(0.,0.040000000000000008),(0.11999999999999998,0.040000000000000008),(0.11999999999999998,0.020000000000000004),(0.020000000000000004,0.020000000000000004),(0.020000000000000004,0.)));
#11434=IFCAXIS2PLACEMENT3D(#11435,#11436,#11437);
#11435=IFCCARTESIANPOINT((0.075000000372529033,0.060000000521540642,1.015000000372529));
#11436=IFCDIRECTION((0.,0.,1.));
#11437=IFCDIRECTION((1.,0.,0.));
#11438=IFCDIRECTION((0.,0.,1.));
#11440=IFCSHAPEREPRESENTATION(#11,'Body','SweptSolid',(#11529,#11538,#11411,#11384,#11520,#11402,#11511,#11393));
#11441=IFCSHAPEASPECT((#11440),'Lining',$,.T.,#11317);
#11442=IFCSHAPEREPRESENTATION(#11,'Body','SweptSolid',(#11556,#11429,#11557,#11430,#11547,#11420));
#11443=IFCSHAPEASPECT((#11442),'Framing',$,.T.,#11317);
#11500=IFCCARTESIANPOINTLIST3D(((0.,0.,0.),(0.84485733509063721,0.,0.),(0.84485733509063721,0.,2.),(0.,0.,2.)));
#11501=IFCINDEXEDPOLYCURVE(#11500,(IFCLINEINDEX((1,2,3,4,1))),$);
#11502=IFCSHAPEREPRESENTATION(#18,'Profile','Curve3D',(#11501));
#11503=IFCCARTESIANPOINTLIST2D(((0.,0.),(0.,2.),(0.84485733509063721,2.),(0.84485733509063721,0.),(0.81985733471810818,0.),(0.81985733471810818,1.974999999627471),(0.02500000037252903,1.974999999627471),(0.02500000037252903,0.)));
#11504=IFCINDEXEDPOLYCURVE(#11503,(IFCLINEINDEX((1,2,3,4,5,6,7,8,1))),$);
#11505=IFCARBITRARYCLOSEDPROFILEDEF(.AREA.,$,#11504);
#11506=IFCCARTESIANPOINT((0.,0.,0.));
#11507=IFCDIRECTION((0.,-1.,0.));
#11508=IFCDIRECTION((1.,0.,0.));
#11509=IFCAXIS2PLACEMENT3D(#11506,#11507,#11508);
#11510=IFCDIRECTION((0.,0.,-1.));
#11511=IFCEXTRUDEDAREASOLID(#11505,#11509,#11510,0.05000000074505806);
#11512=IFCCARTESIANPOINTLIST2D(((0.,0.),(0.79485733434557915,0.),(0.79485733434557915,0.10000000149011612),(0.,0.10000000149011612)));
#11513=IFCINDEXEDPOLYCURVE(#11512,(IFCLINEINDEX((1,2,3,4,1))),$);
#11514=IFCARBITRARYCLOSEDPROFILEDEF(.AREA.,$,#11513);
#11515=IFCCARTESIANPOINT((0.02500000037252903,0.,0.));
#11516=IFCDIRECTION((0.,0.,1.));
#11517=IFCDIRECTION((1.,0.,0.));
#11518=IFCAXIS2PLACEMENT3D(#11515,#11516,#11517);
#11519=IFCDIRECTION((0.,0.,1.));
#11520=IFCEXTRUDEDAREASOLID(#11514,#11518,#11519,0.02500000037252903);
#11521=IFCCARTESIANPOINTLIST2D(((0.,0.),(0.,2.0250000022351742),(0.89485733956098557,2.0250000022351742),(0.89485733956098557,0.),(0.84485733695328236,0.),(0.84485733695328236,1.974999999627471),(0.050000002607703209,1.974999999627471),(0.050000002607703209,0.)));
#11522=IFCINDEXEDPOLYCURVE(#11521,(IFCLINEINDEX((1,2,3,4,5,6,7,8,1))),$);
#11523=IFCARBITRARYCLOSEDPROFILEDEF(.AREA.,$,#11522);
#11524=IFCCARTESIANPOINT((-0.025000002235174179,-0.004999999888241291,0.));
#11525=IFCDIRECTION((0.,-1.,0.));
#11526=IFCDIRECTION((1.,0.,0.));
#11527=IFCAXIS2PLACEMENT3D(#11524,#11525,#11526);
#11528=IFCDIRECTION((0.,0.,-1.));
#11529=IFCEXTRUDEDAREASOLID(#11523,#11527,#11528,0.004999999888241291);
#11530=IFCCARTESIANPOINTLIST2D(((0.,0.),(0.,2.0250000022351742),(0.89485733956098557,2.0250000022351742),(0.89485733956098557,0.),(0.84485733695328236,0.),(0.84485733695328236,1.974999999627471),(0.050000002607703209,1.974999999627471),(0.050000002607703209,0.)));
#11531=IFCINDEXEDPOLYCURVE(#11530,(IFCLINEINDEX((1,2,3,4,5,6,7,8,1))),$);
#11532=IFCARBITRARYCLOSEDPROFILEDEF(.AREA.,$,#11531);
#11533=IFCCARTESIANPOINT((-0.025000002235174179,0.05000000074505806,0.));
#11534=IFCDIRECTION((0.,-1.,0.));
#11535=IFCDIRECTION((1.,0.,0.));
#11536=IFCAXIS2PLACEMENT3D(#11533,#11534,#11535);
#11537=IFCDIRECTION((0.,0.,-1.));
#11538=IFCEXTRUDEDAREASOLID(#11532,#11536,#11537,0.004999999888241291);
#11539=IFCCARTESIANPOINTLIST2D(((0.,0.),(0.79485733434557915,0.),(0.79485733434557915,0.035000000149011612),(0.,0.035000000149011612)));
#11540=IFCINDEXEDPOLYCURVE(#11539,(IFCLINEINDEX((1,2,3,4,1))),$);
#11541=IFCARBITRARYCLOSEDPROFILEDEF(.AREA.,$,#11540);
#11542=IFCCARTESIANPOINT((0.02500000037252903,0.02500000037252903,0.02500000037252903));
#11543=IFCDIRECTION((0.,0.,1.));
#11544=IFCDIRECTION((1.,0.,0.));
#11545=IFCAXIS2PLACEMENT3D(#11542,#11543,#11544);
#11546=IFCDIRECTION((0.,0.,1.));
#11547=IFCEXTRUDEDAREASOLID(#11541,#11545,#11546,1.9499999992549419);
#11548=IFCCARTESIANPOINTLIST2D(((0.,0.),(0.,-0.040000000000000001),(-0.11999999999999988,-0.040000000000000001),(-0.11999999999999988,-0.02),(-0.020000000000000018,-0.02),(-0.020000000000000018,0.)));
#11549=IFCINDEXEDPOLYCURVE(#11548,(IFCLINEINDEX((1,2,3,4,5,6,1))),$);
#11550=IFCARBITRARYCLOSEDPROFILEDEF(.AREA.,$,#11549);
#11551=IFCCARTESIANPOINT((0.76985733471810813,0.02500000037252903,1.015000000372529));
#11552=IFCDIRECTION((0.,0.,1.));
#11553=IFCDIRECTION((1.,0.,0.));
#11554=IFCAXIS2PLACEMENT3D(#11551,#11552,#11553);
#11555=IFCDIRECTION((0.,0.,1.));
#11556=IFCEXTRUDEDAREASOLID(#11550,#11554,#11555,0.02);
#11557=IFCEXTRUDEDAREASOLID(#11558,#11561,#11565,0.02);
#11558=IFCARBITRARYCLOSEDPROFILEDEF(.AREA.,$,#11559);
#11559=IFCINDEXEDPOLYCURVE(#11560,(IFCLINEINDEX((1,2,3,4,5,6,1))),$);
#11560=IFCCARTESIANPOINTLIST2D(((0.,0.),(0.,0.040000000000000008),(-0.11999999999999988,0.040000000000000008),(-0.11999999999999988,0.020000000000000004),(-0.020000000000000018,0.020000000000000004),(-0.020000000000000018,0.)));
#11561=IFCAXIS2PLACEMENT3D(#11562,#11563,#11564);
#11562=IFCCARTESIANPOINT((0.76985733471810813,0.060000000521540642,1.015000000372529));
#11563=IFCDIRECTION((0.,0.,1.));
#11564=IFCDIRECTION((1.,0.,0.));
#11565=IFCDIRECTION((0.,0.,1.));
#11566=IFCSHAPEREPRESENTATION(#11,'Body','SweptSolid',(#11511,#11547,#11556,#11557,#11520,#11529,#11538));
#11567=IFCCARTESIANPOINTLIST2D(((0.,0.),(0.02500000037252903,0.),(0.02500000037252903,0.05000000074505806),(0.,0.05000000074505806)));
#11568=IFCINDEXEDPOLYCURVE(#11567,(IFCLINEINDEX((1,2,3,4,1))),$);
#11569=IFCINDEXEDPOLYCURVE(#11570,(IFCLINEINDEX((1,2,3,4,1))),$);
#11570=IFCCARTESIANPOINTLIST2D(((0.84485733509063721,0.),(0.81985733471810818,0.),(0.81985733471810818,0.05000000074505806),(0.84485733509063721,0.05000000074505806)));
#11571=IFCCARTESIANPOINTLIST2D(((0.02500000037252903,0.05000000074505806),(0.02500000037252903,-0.74485733360052109),(0.060000000521540642,-0.74485733360052109)));
#11572=IFCINDEXEDPOLYCURVE(#11571,$,$);
#11573=IFCDIRECTION((1.,0.));
#11574=IFCCARTESIANPOINT((0.060000000521540642,0.05000000074505806));
#11575=IFCAXIS2PLACEMENT2D(#11574,#11573);
#11576=IFCELLIPSE(#11575,0.75985733419656754,0.79485733434557915);
#11577=IFCCARTESIANPOINT((0.060000000521540642,-0.74485733360052109));
#11578=IFCCARTESIANPOINT((0.060000000521540642,0.84485733509063721));
#11579=IFCTRIMMEDCURVE(#11576,(#11577),(#11578),.T.,.CARTESIAN.);
#11580=IFCCARTESIANPOINTLIST2D(((0.02500000037252903,0.05000000074505806),(0.060000000521540642,0.05000000074505806),(0.060000000521540642,0.84485733509063721),(0.02500000037252903,0.84485733509063721)));
#11581=IFCINDEXEDPOLYCURVE(#11580,(IFCLINEINDEX((1,2,3,4,1))),$);
#11582=IFCSHAPEREPRESENTATION(#24,'Body','Curve2D',(#11568,#11569,#11572,#11579,#11581));
#11583=IFCCARTESIANPOINTLIST2D(((0.,0.),(0.84485733509063721,0.),(0.84485733509063721,2.),(0.,2.)));
#11584=IFCINDEXEDPOLYCURVE(#11583,(IFCLINEINDEX((1,2,3,4,1))),$);
#11585=IFCARBITRARYCLOSEDPROFILEDEF(.AREA.,$,#11584);
#11586=IFCCARTESIANPOINT((0.,-0.60000002384185791,0.));
#11587=IFCDIRECTION((0.,-1.,0.));
#11588=IFCDIRECTION((1.,0.,0.));
#11589=IFCAXIS2PLACEMENT3D(#11586,#11587,#11588);
#11590=IFCDIRECTION((0.,0.,-1.));
#11591=IFCEXTRUDEDAREASOLID(#11585,#11589,#11590,1.2);
#11592=IFCSHAPEREPRESENTATION(#11,'Body','SweptSolid',(#11591));
#11598=IFCCARTESIANPOINT((3.7390345232389892,0.085000494556516093,0.));
#11599=IFCDIRECTION((0.,0.,1.));
#11600=IFCDIRECTION((-0.99999999999999611,-8.7422783678901773E-08,0.));
#11601=IFCAXIS2PLACEMENT3D(#11598,#11599,#11600);
#11602=IFCLOCALPLACEMENT(#17876,#11601);
#11603=IFCCARTESIANPOINT((-4.4408920985006262E-16,0.,0.));
#11604=IFCDIRECTION((0.,0.,1.));
#11605=IFCDIRECTION((0.99999999999999978,0.,0.));
#11606=IFCAXIS2PLACEMENT3D(#11603,#11604,#11605);
#11607=IFCLOCALPLACEMENT(#11602,#11606);
#11608=IFCDOORTYPE('3AHXKTFgLEqwy9l3A4SMQU',$,'Bathroom-2F',$,$,(#11609),(#11611,#11619,#11688),$,$,.DOOR.,.SINGLE_SWING_LEFT.,$,$);
#11609=IFCPROPERTYSET('2iG9NcbhD0Sh4$58sguZ4c',$,'BBIM_Door',$,(#11610));
#11610=IFCPROPERTYSINGLEVALUE('Data',$,IFCTEXT('{"door_type": "DOUBLE_SWING_LEFT", "overall_height": 2.0, "overall_width": 0.7003809213638306, "lining_properties": {"lining_depth": 0.05000000074505806, "lining_thickness": 0.05000000074505806, "lining_offset": 0.0, "lining_to_panel_offset_x": 0.02500000037252903, "lining_to_panel_offset_y": 0.02500000037252903, "transom_thickness": 0.0, "casing_thickness": 0.07500000298023224, "casing_depth": 0.004999999888241291, "threshold_thickness": 0.02500000037252903, "threshold_depth": 0.10000000149011612, "threshold_offset": 0.0}, "panel_properties": {"panel_depth": 0.03500000014901161, "panel_width_ratio": 1.0}}'),$);
#11611=IFCREPRESENTATIONMAP(#11612,#11880);
#11612=IFCAXIS2PLACEMENT3D(#11613,#11614,#11615);
#11613=IFCCARTESIANPOINT((0.,0.,0.));
#11614=IFCDIRECTION((0.,0.,1.));
#11615=IFCDIRECTION((1.,0.,0.));
#11619=IFCREPRESENTATIONMAP(#11620,#11944);
#11620=IFCAXIS2PLACEMENT3D(#11621,#11622,#11623);
#11621=IFCCARTESIANPOINT((0.,0.,0.));
#11622=IFCDIRECTION((0.,0.,1.));
#11623=IFCDIRECTION((1.,0.,0.));
#11688=IFCREPRESENTATIONMAP(#11689,#11964);
#11689=IFCAXIS2PLACEMENT3D(#11690,#11691,#11692);
#11690=IFCCARTESIANPOINT((0.,0.,0.));
#11691=IFCDIRECTION((0.,0.,1.));
#11692=IFCDIRECTION((1.,0.,0.));
#11813=IFCDOOR('36fOdk6snClfwrZVy0oYyL',$,'Door',$,$,#11989,#11822,$,2.,0.70038092136383057,$,.DOUBLE_SWING_LEFT.,$);
#11814=IFCRELDEFINESBYTYPE('0uURDzuvz59PXnPU9ZtPCR',$,$,$,(#11813),#11608);
#11815=IFCCARTESIANPOINT((0.,0.,0.));
#11816=IFCDIRECTION((1.,0.,0.));
#11817=IFCDIRECTION((0.,1.,0.));
#11818=IFCDIRECTION((0.,0.,1.));
#11819=IFCCARTESIANTRANSFORMATIONOPERATOR3D(#11816,#11817,#11815,1.,#11818);
#11820=IFCMAPPEDITEM(#11611,#11819);
#11821=IFCSHAPEREPRESENTATION(#18,'Profile','MappedRepresentation',(#11820));
#11822=IFCPRODUCTDEFINITIONSHAPE($,$,(#11821,#11829,#11836));
#11823=IFCCARTESIANPOINT((0.,0.,0.));
#11824=IFCDIRECTION((1.,0.,0.));
#11825=IFCDIRECTION((0.,1.,0.));
#11826=IFCDIRECTION((0.,0.,1.));
#11827=IFCCARTESIANTRANSFORMATIONOPERATOR3D(#11824,#11825,#11823,1.,#11826);
#11828=IFCMAPPEDITEM(#11619,#11827);
#11829=IFCSHAPEREPRESENTATION(#11,'Body','MappedRepresentation',(#11828));
#11830=IFCCARTESIANPOINT((0.,0.,0.));
#11831=IFCDIRECTION((1.,0.,0.));
#11832=IFCDIRECTION((0.,1.,0.));
#11833=IFCDIRECTION((0.,0.,1.));
#11834=IFCCARTESIANTRANSFORMATIONOPERATOR3D(#11831,#11832,#11830,1.,#11833);
#11835=IFCMAPPEDITEM(#11688,#11834);
#11836=IFCSHAPEREPRESENTATION(#24,'Body','MappedRepresentation',(#11835));
#11837=IFCOPENINGELEMENT('3g5e2awmrEBvq4M_zM4JxY',$,'Opening',$,$,#12203,#11865,$,.OPENING.);
#11853=IFCCARTESIANPOINT((0.,0.,0.));
#11854=IFCDIRECTION((1.,0.,0.));
#11855=IFCDIRECTION((0.,0.,1.));
#11856=IFCAXIS2PLACEMENT3D(#11853,#11855,#11854);
#11857=IFCREPRESENTATIONMAP(#11856,#11974);
#11858=IFCCARTESIANPOINT((0.,0.,0.));
#11859=IFCDIRECTION((1.,0.,0.));
#11860=IFCDIRECTION((0.,1.,0.));
#11861=IFCDIRECTION((0.,0.,1.));
#11862=IFCCARTESIANTRANSFORMATIONOPERATOR3D(#11859,#11860,#11858,1.,#11861);
#11863=IFCMAPPEDITEM(#11857,#11862);
#11864=IFCSHAPEREPRESENTATION(#11,'Body','MappedRepresentation',(#11863));
#11865=IFCPRODUCTDEFINITIONSHAPE($,$,(#11864));
#11866=IFCRELVOIDSELEMENT('2A_SIFkG90txEU_voQMMVG',$,$,$,#7824,#11837);
#11872=IFCRELFILLSELEMENT('08pI2mBrL0Ov8q4NtOepT8',$,$,$,#11837,#11813);
#11878=IFCCARTESIANPOINTLIST3D(((0.,0.,0.),(0.70038092136383057,0.,0.),(0.70038092136383057,0.,2.),(0.,0.,2.)));
#11879=IFCINDEXEDPOLYCURVE(#11878,(IFCLINEINDEX((1,2,3,4,1))),$);
#11880=IFCSHAPEREPRESENTATION(#18,'Profile','Curve3D',(#11879));
#11881=IFCCARTESIANPOINTLIST2D(((0.,0.),(0.,2.),(0.70038092136383057,2.),(0.70038092136383057,0.),(0.67538092099130154,0.),(0.67538092099130154,1.974999999627471),(0.02500000037252903,1.974999999627471),(0.02500000037252903,0.)));
#11882=IFCINDEXEDPOLYCURVE(#11881,(IFCLINEINDEX((1,2,3,4,5,6,7,8,1))),$);
#11883=IFCARBITRARYCLOSEDPROFILEDEF(.AREA.,$,#11882);
#11884=IFCCARTESIANPOINT((0.,0.,0.));
#11885=IFCDIRECTION((0.,-1.,0.));
#11886=IFCDIRECTION((1.,0.,0.));
#11887=IFCAXIS2PLACEMENT3D(#11884,#11885,#11886);
#11888=IFCDIRECTION((0.,0.,-1.));
#11889=IFCEXTRUDEDAREASOLID(#11883,#11887,#11888,0.05000000074505806);
#11890=IFCCARTESIANPOINTLIST2D(((0.,0.),(0.65038092061877251,0.),(0.65038092061877251,0.10000000149011612),(0.,0.10000000149011612)));
#11891=IFCINDEXEDPOLYCURVE(#11890,(IFCLINEINDEX((1,2,3,4,1))),$);
#11892=IFCARBITRARYCLOSEDPROFILEDEF(.AREA.,$,#11891);
#11893=IFCCARTESIANPOINT((0.02500000037252903,0.,0.));
#11894=IFCDIRECTION((0.,0.,1.));
#11895=IFCDIRECTION((1.,0.,0.));
#11896=IFCAXIS2PLACEMENT3D(#11893,#11894,#11895);
#11897=IFCDIRECTION((0.,0.,1.));
#11898=IFCEXTRUDEDAREASOLID(#11892,#11896,#11897,0.02500000037252903);
#11899=IFCCARTESIANPOINTLIST2D(((0.,0.),(0.,2.0250000022351742),(0.75038092583417892,2.0250000022351742),(0.75038092583417892,0.),(0.70038092322647572,0.),(0.70038092322647572,1.974999999627471),(0.050000002607703209,1.974999999627471),(0.050000002607703209,0.)));
#11900=IFCINDEXEDPOLYCURVE(#11899,(IFCLINEINDEX((1,2,3,4,5,6,7,8,1))),$);
#11901=IFCARBITRARYCLOSEDPROFILEDEF(.AREA.,$,#11900);
#11902=IFCCARTESIANPOINT((-0.025000002235174179,-0.004999999888241291,0.));
#11903=IFCDIRECTION((0.,-1.,0.));
#11904=IFCDIRECTION((1.,0.,0.));
#11905=IFCAXIS2PLACEMENT3D(#11902,#11903,#11904);
#11906=IFCDIRECTION((0.,0.,-1.));
#11907=IFCEXTRUDEDAREASOLID(#11901,#11905,#11906,0.004999999888241291);
#11908=IFCCARTESIANPOINTLIST2D(((0.,0.),(0.,2.0250000022351742),(0.75038092583417892,2.0250000022351742),(0.75038092583417892,0.),(0.70038092322647572,0.),(0.70038092322647572,1.974999999627471),(0.050000002607703209,1.974999999627471),(0.050000002607703209,0.)));
#11909=IFCINDEXEDPOLYCURVE(#11908,(IFCLINEINDEX((1,2,3,4,5,6,7,8,1))),$);
#11910=IFCARBITRARYCLOSEDPROFILEDEF(.AREA.,$,#11909);
#11911=IFCCARTESIANPOINT((-0.025000002235174179,0.05000000074505806,0.));
#11912=IFCDIRECTION((0.,-1.,0.));
#11913=IFCDIRECTION((1.,0.,0.));
#11914=IFCAXIS2PLACEMENT3D(#11911,#11912,#11913);
#11915=IFCDIRECTION((0.,0.,-1.));
#11916=IFCEXTRUDEDAREASOLID(#11910,#11914,#11915,0.004999999888241291);
#11917=IFCCARTESIANPOINTLIST2D(((0.,0.),(0.65038092061877251,0.),(0.65038092061877251,0.035000000149011612),(0.,0.035000000149011612)));
#11918=IFCINDEXEDPOLYCURVE(#11917,(IFCLINEINDEX((1,2,3,4,1))),$);
#11919=IFCARBITRARYCLOSEDPROFILEDEF(.AREA.,$,#11918);
#11920=IFCCARTESIANPOINT((0.02500000037252903,0.02500000037252903,0.02500000037252903));
#11921=IFCDIRECTION((0.,0.,1.));
#11922=IFCDIRECTION((1.,0.,0.));
#11923=IFCAXIS2PLACEMENT3D(#11920,#11921,#11922);
#11924=IFCDIRECTION((0.,0.,1.));
#11925=IFCEXTRUDEDAREASOLID(#11919,#11923,#11924,1.9499999992549419);
#11926=IFCCARTESIANPOINTLIST2D(((0.,0.),(0.,-0.040000000000000001),(-0.11999999999999988,-0.040000000000000001),(-0.11999999999999988,-0.02),(-0.020000000000000018,-0.02),(-0.020000000000000018,0.)));
#11927=IFCINDEXEDPOLYCURVE(#11926,(IFCLINEINDEX((1,2,3,4,5,6,1))),$);
#11928=IFCARBITRARYCLOSEDPROFILEDEF(.AREA.,$,#11927);
#11929=IFCCARTESIANPOINT((0.62538092099130149,0.02500000037252903,1.015000000372529));
#11930=IFCDIRECTION((0.,0.,1.));
#11931=IFCDIRECTION((1.,0.,0.));
#11932=IFCAXIS2PLACEMENT3D(#11929,#11930,#11931);
#11933=IFCDIRECTION((0.,0.,1.));
#11934=IFCEXTRUDEDAREASOLID(#11928,#11932,#11933,0.02);
#11935=IFCEXTRUDEDAREASOLID(#11936,#11939,#11943,0.02);
#11936=IFCARBITRARYCLOSEDPROFILEDEF(.AREA.,$,#11937);
#11937=IFCINDEXEDPOLYCURVE(#11938,(IFCLINEINDEX((1,2,3,4,5,6,1))),$);
#11938=IFCCARTESIANPOINTLIST2D(((0.,0.),(0.,0.040000000000000008),(-0.11999999999999988,0.040000000000000008),(-0.11999999999999988,0.020000000000000004),(-0.020000000000000018,0.020000000000000004),(-0.020000000000000018,0.)));
#11939=IFCAXIS2PLACEMENT3D(#11940,#11941,#11942);
#11940=IFCCARTESIANPOINT((0.62538092099130149,0.060000000521540642,1.015000000372529));
#11941=IFCDIRECTION((0.,0.,1.));
#11942=IFCDIRECTION((1.,0.,0.));
#11943=IFCDIRECTION((0.,0.,1.));
#11944=IFCSHAPEREPRESENTATION(#11,'Body','SweptSolid',(#11889,#11925,#11934,#11935,#11898,#11907,#11916));
#11945=IFCSHAPEREPRESENTATION(#11,'Body','SweptSolid',(#11889,#11898,#11907,#11916));
#11946=IFCSHAPEASPECT((#11945),'Lining',$,.T.,#11822);
#11947=IFCSHAPEREPRESENTATION(#11,'Body','SweptSolid',(#11925,#11934,#11935));
#11948=IFCSHAPEASPECT((#11947),'Framing',$,.T.,#11822);
#11949=IFCCARTESIANPOINTLIST2D(((0.,0.),(0.02500000037252903,0.),(0.02500000037252903,0.05000000074505806),(0.,0.05000000074505806)));
#11950=IFCINDEXEDPOLYCURVE(#11949,(IFCLINEINDEX((1,2,3,4,1))),$);
#11951=IFCINDEXEDPOLYCURVE(#11952,(IFCLINEINDEX((1,2,3,4,1))),$);
#11952=IFCCARTESIANPOINTLIST2D(((0.70038092136383057,0.),(0.67538092099130154,0.),(0.67538092099130154,0.05000000074505806),(0.70038092136383057,0.05000000074505806)));
#11953=IFCCARTESIANPOINTLIST2D(((0.02500000037252903,0.05000000074505806),(0.02500000037252903,-0.60038091987371445),(0.060000000521540642,-0.60038091987371445)));
#11954=IFCINDEXEDPOLYCURVE(#11953,$,$);
#11955=IFCDIRECTION((1.,0.));
#11956=IFCCARTESIANPOINT((0.060000000521540642,0.05000000074505806));
#11957=IFCAXIS2PLACEMENT2D(#11956,#11955);
#11958=IFCELLIPSE(#11957,0.61538092046976089,0.65038092061877251);
#11959=IFCCARTESIANPOINT((0.060000000521540642,-0.60038091987371445));
#11960=IFCCARTESIANPOINT((0.060000000521540642,0.70038092136383057));
#11961=IFCTRIMMEDCURVE(#11958,(#11959),(#11960),.T.,.CARTESIAN.);
#11962=IFCCARTESIANPOINTLIST2D(((0.02500000037252903,0.05000000074505806),(0.060000000521540642,0.05000000074505806),(0.060000000521540642,0.70038092136383057),(0.02500000037252903,0.70038092136383057)));
#11963=IFCINDEXEDPOLYCURVE(#11962,(IFCLINEINDEX((1,2,3,4,1))),$);
#11964=IFCSHAPEREPRESENTATION(#24,'Body','Curve2D',(#11950,#11951,#11954,#11961,#11963));
#11965=IFCCARTESIANPOINTLIST2D(((0.,0.),(0.70038092136383057,0.),(0.70038092136383057,2.),(0.,2.)));
#11966=IFCINDEXEDPOLYCURVE(#11965,(IFCLINEINDEX((1,2,3,4,1))),$);
#11967=IFCARBITRARYCLOSEDPROFILEDEF(.AREA.,$,#11966);
#11968=IFCCARTESIANPOINT((0.,-0.60000002384185791,0.));
#11969=IFCDIRECTION((0.,-1.,0.));
#11970=IFCDIRECTION((1.,0.,0.));
#11971=IFCAXIS2PLACEMENT3D(#11968,#11969,#11970);
#11972=IFCDIRECTION((0.,0.,-1.));
#11973=IFCEXTRUDEDAREASOLID(#11967,#11971,#11972,1.2);
#11974=IFCSHAPEREPRESENTATION(#11,'Body','SweptSolid',(#11973));
#11985=IFCCARTESIANPOINT((0.,0.,0.));
#11986=IFCDIRECTION((0.,0.,1.));
#11987=IFCDIRECTION((1.,0.,0.));
#11988=IFCAXIS2PLACEMENT3D(#11985,#11986,#11987);
#11989=IFCLOCALPLACEMENT(#12203,#11988);
#12030=IFCBUILDINGSTOREY('3ZXwuK90jAaf9yJ6XTU_qV',$,'3F',$,$,#18051,$,$,$,$);
#12047=IFCSLAB('12L3NqZIz50PCqtNQACzu$',$,'Slab',$,$,#18056,#12062,$,$);
#12048=IFCRELCONTAINEDINSPATIALSTRUCTURE('36_f1eW216Sg_6z41OvtnM',$,$,$,(#12047,#12080),#12030);
#12049=IFCMATERIALLAYERSETUSAGE(#1846,.AXIS3.,.POSITIVE.,-0.10000000149011612,$);
#12050=IFCRELASSOCIATESMATERIAL('2izostiTL2awn3k3UpmwAy',$,$,$,(#12047),#12049);
#12056=IFCCARTESIANPOINTLIST2D(((0.,0.),(9.5367431640625E-07,9.6999988555908203),(-3.8999989032745361,9.6999988555908203),(-3.8999989032745361,8.6999988555908203),(-7.3999991416931152,8.6999998092651367),(-7.3999977111816406,1.5999994277954102),(-3.899998664855957,1.5999994277954102),(-3.899998664855957,0.89999961853027344),(-2.2999987602233887,0.90000009536743164),(-2.2999987602233887,0.),(0.,0.)));
#12057=IFCINDEXEDPOLYCURVE(#12056,$,$);
#12058=IFCDIRECTION((0.,0.,1.));
#12059=IFCARBITRARYCLOSEDPROFILEDEF(.AREA.,$,#12057);
#12060=IFCEXTRUDEDAREASOLID(#12059,#12069,#12058,0.10000000000000001);
#12061=IFCSHAPEREPRESENTATION(#11,'Body','SweptSolid',(#12060));
#12062=IFCPRODUCTDEFINITIONSHAPE($,$,(#12061));
#12063=IFCPROPERTYSET('3Wn2mhuhb0U9P38F182qqs',$,'EPset_Parametric',$,(#12065));
#12064=IFCRELDEFINESBYPROPERTIES('0ZLsxavk559e_KhtvxRU91',$,$,$,(#12047),#12063);
#12065=IFCPROPERTYSINGLEVALUE('Engine',$,IFCLABEL('Bonsai.DumbLayer3'),$);
#12066=IFCCARTESIANPOINT((-0.,-0.,-0.10000000149011612));
#12067=IFCDIRECTION((0.,0.,1.));
#12068=IFCDIRECTION((1.,0.,0.));
#12069=IFCAXIS2PLACEMENT3D(#12066,#12067,#12068);
#12080=IFCROOF('3cCpDAUcb6_hn9kLRczXjm',$,'Roof',$,$,#18061,#12088,$,$);
#12081=IFCCARTESIANPOINT((0.,0.,0.));
#12082=IFCDIRECTION((1.,0.,0.));
#12083=IFCDIRECTION((0.,1.,0.));
#12084=IFCDIRECTION((0.,0.,1.));
#12085=IFCCARTESIANTRANSFORMATIONOPERATOR3D(#12082,#12083,#12081,1.,#12084);
#12086=IFCMAPPEDITEM(#5931,#12085);
#12087=IFCSHAPEREPRESENTATION(#11,'Body','MappedRepresentation',(#12086));
#12088=IFCPRODUCTDEFINITIONSHAPE($,$,(#12087,#12095));
#12089=IFCCARTESIANPOINT((0.,0.,0.));
#12090=IFCDIRECTION((1.,0.,0.));
#12091=IFCDIRECTION((0.,1.,0.));
#12092=IFCDIRECTION((0.,0.,1.));
#12093=IFCCARTESIANTRANSFORMATIONOPERATOR3D(#12090,#12091,#12089,1.,#12092);
#12094=IFCMAPPEDITEM(#5959,#12093);
#12095=IFCSHAPEREPRESENTATION(#13,'Box','MappedRepresentation',(#12094));
#12101=IFCCARTESIANPOINT((4.4408920985006262E-16,0.,0.));
#12102=IFCDIRECTION((0.,0.,1.));
#12103=IFCDIRECTION((1.,0.,0.));
#12104=IFCAXIS2PLACEMENT3D(#12101,#12102,#12103);
#12105=IFCLOCALPLACEMENT(#9786,#12104);
#12153=IFCRELCONNECTSPATHELEMENTS('2imuE7Pob3J9g9$yrVhn7u',$,$,$,$,#6830,#6805,(),(),.ATEND.,.ATSTART.);
#12154=IFCCARTESIANPOINTLIST2D(((0.,0.),(0.10000001072844128,0.10000000000000001),(3.8527628306400876,0.10000000000000001),(3.9527628469321567,0.)));
#12155=IFCINDEXEDPOLYCURVE(#12154,(IFCLINEINDEX((1,2,3,4,1))),$);
#12156=IFCARBITRARYCLOSEDPROFILEDEF(.AREA.,$,#12155);
#12157=IFCCARTESIANPOINT((0.,0.,0.));
#12158=IFCDIRECTION((0.,0.,1.));
#12159=IFCDIRECTION((1.,0.,0.));
#12160=IFCAXIS2PLACEMENT3D(#12157,#12158,#12159);
#12161=IFCDIRECTION((0.,0.,1.));
#12162=IFCEXTRUDEDAREASOLID(#12156,#12160,#12161,3.);
#12163=IFCSHAPEREPRESENTATION(#11,'Body','SweptSolid',(#12162));
#12164=IFCCARTESIANPOINTLIST2D(((0.,0.),(3.9527628469321567,0.)));
#12165=IFCINDEXEDPOLYCURVE(#12164,$,$);
#12166=IFCSHAPEREPRESENTATION(#23,'Axis','Curve2D',(#12165));
#12180=IFCRELCONNECTSPATHELEMENTS('2V37icLyjCQAdBW9SR93C7',$,$,$,$,#7824,#6805,(),(),.ATPATH.,.ATSTART.);
#12181=IFCCARTESIANPOINTLIST2D(((0.10000000000000057,0.),(0.10000001072844128,0.10000000000000001),(3.8527624296121346,0.10000000000000001),(3.8527624459042022,0.)));
#12182=IFCINDEXEDPOLYCURVE(#12181,(IFCLINEINDEX((1,2,3,4,1))),$);
#12183=IFCARBITRARYCLOSEDPROFILEDEF(.AREA.,$,#12182);
#12184=IFCCARTESIANPOINT((0.,0.,0.));
#12185=IFCDIRECTION((0.,0.,1.));
#12186=IFCDIRECTION((1.,0.,0.));
#12187=IFCAXIS2PLACEMENT3D(#12184,#12185,#12186);
#12188=IFCDIRECTION((0.,0.,1.));
#12189=IFCEXTRUDEDAREASOLID(#12183,#12187,#12188,3.);
#12190=IFCSHAPEREPRESENTATION(#11,'Body','SweptSolid',(#12189));
#12191=IFCCARTESIANPOINTLIST2D(((0.,0.),(3.9527624459042037,0.)));
#12192=IFCINDEXEDPOLYCURVE(#12191,$,$);
#12193=IFCSHAPEREPRESENTATION(#23,'Axis','Curve2D',(#12192));
#12199=IFCCARTESIANPOINT((3.5867156202523751,0.099999729462687981,0.));
#12200=IFCDIRECTION((0.,0.,1.));
#12201=IFCDIRECTION((-0.99999999999998868,1.509958025280818E-07,0.));
#12202=IFCAXIS2PLACEMENT3D(#12199,#12200,#12201);
#12203=IFCLOCALPLACEMENT(#17896,#12202);
#12217=IFCRELCONNECTSPATHELEMENTS('1R_NFNmvb0nO8FySnkmIK5',$,$,$,$,#7721,#6805,(),(),.ATPATH.,.ATEND.);
#12218=IFCCARTESIANPOINTLIST2D(((0.,0.),(7.5497901264043586E-09,0.10000000000000001),(3.7527612729202566,0.10000000000000001),(3.7527612534495383,0.)));
#12219=IFCINDEXEDPOLYCURVE(#12218,(IFCLINEINDEX((1,2,3,4,1))),$);
#12220=IFCARBITRARYCLOSEDPROFILEDEF(.AREA.,$,#12219);
#12221=IFCCARTESIANPOINT((0.,0.,0.));
#12222=IFCDIRECTION((0.,0.,1.));
#12223=IFCDIRECTION((1.,0.,0.));
#12224=IFCAXIS2PLACEMENT3D(#12221,#12222,#12223);
#12225=IFCDIRECTION((0.,0.,1.));
#12226=IFCEXTRUDEDAREASOLID(#12220,#12224,#12225,3.);
#12227=IFCSHAPEREPRESENTATION(#11,'Body','SweptSolid',(#12226));
#12228=IFCCARTESIANPOINTLIST2D(((0.,0.),(3.8527612534495401,0.)));
#12229=IFCINDEXEDPOLYCURVE(#12228,$,$);
#12230=IFCSHAPEREPRESENTATION(#23,'Axis','Curve2D',(#12229));
#12271=IFCRELCONNECTSPATHELEMENTS('3gh08nGxr5QP96tdJk453J',$,$,$,$,#7030,#6805,(),(),.ATSTART.,.ATEND.);
#12285=IFCCARTESIANPOINTLIST2D(((0.,0.),(0.099999980529283522,0.10000000000000001),(9.5999983634127197,0.10000000000000001),(9.6999983741411615,0.)));
#12286=IFCINDEXEDPOLYCURVE(#12285,(IFCLINEINDEX((1,2,3,4,1))),$);
#12287=IFCARBITRARYCLOSEDPROFILEDEF(.AREA.,$,#12286);
#12288=IFCCARTESIANPOINT((0.,0.,0.));
#12289=IFCDIRECTION((0.,0.,1.));
#12290=IFCDIRECTION((1.,0.,0.));
#12291=IFCAXIS2PLACEMENT3D(#12288,#12289,#12290);
#12292=IFCDIRECTION((0.,0.,1.));
#12293=IFCEXTRUDEDAREASOLID(#12287,#12291,#12292,3.);
#12294=IFCSHAPEREPRESENTATION(#11,'Body','SweptSolid',(#12293));
#12295=IFCCARTESIANPOINTLIST2D(((0.,0.),(9.6999983741411615,0.)));
#12296=IFCINDEXEDPOLYCURVE(#12295,$,$);
#12297=IFCSHAPEREPRESENTATION(#23,'Axis','Curve2D',(#12296));
#12539=IFCCARTESIANPOINTLIST2D(((0.,0.),(0.10000001629206984,0.10000000000000001),(2.2527609578778733,0.10000000000000001),(2.3527609384071573,0.)));
#12540=IFCINDEXEDPOLYCURVE(#12539,(IFCLINEINDEX((1,2,3,4,1))),$);
#12541=IFCARBITRARYCLOSEDPROFILEDEF(.AREA.,$,#12540);
#12542=IFCCARTESIANPOINT((0.,0.,0.));
#12543=IFCDIRECTION((0.,0.,1.));
#12544=IFCDIRECTION((1.,0.,0.));
#12545=IFCAXIS2PLACEMENT3D(#12542,#12543,#12544);
#12546=IFCDIRECTION((0.,0.,1.));
#12547=IFCEXTRUDEDAREASOLID(#12541,#12545,#12546,3.);
#12548=IFCSHAPEREPRESENTATION(#11,'Body','SweptSolid',(#12547));
#12549=IFCCARTESIANPOINTLIST2D(((0.,0.),(2.3527609384071573,0.)));
#12550=IFCINDEXEDPOLYCURVE(#12549,$,$);
#12551=IFCSHAPEREPRESENTATION(#23,'Axis','Curve2D',(#12550));
#12861=IFCSLAB('26NEamZKz1ZBdhdQ5tRN09',$,'Slab',$,$,#17901,#12875,$,$);
#12862=IFCMATERIALLAYERSETUSAGE(#1846,.AXIS3.,.POSITIVE.,-0.10000000149011612,$);
#12863=IFCRELASSOCIATESMATERIAL('1S$yvcvkH8z8DU33InJCAf',$,$,$,(#12861),#12862);
#12869=IFCCARTESIANPOINTLIST2D(((0.,0.),(-1.6689300537109375E-06,8.6976242065429688),(3.4999985694885254,8.6976222991943359),(3.4999985694885254,9.6976232528686523),(7.4527616500854492,9.6976222991943359),(7.4527597427368164,-0.0023758411407470703),(0.,0.)));
#12870=IFCINDEXEDPOLYCURVE(#12869,$,$);
#12871=IFCDIRECTION((0.,0.,1.));
#12872=IFCARBITRARYCLOSEDPROFILEDEF(.AREA.,$,#12870);
#12873=IFCEXTRUDEDAREASOLID(#12872,#12882,#12871,0.10000000000000001);
#12874=IFCSHAPEREPRESENTATION(#11,'Body','SweptSolid',(#12873));
#12875=IFCPRODUCTDEFINITIONSHAPE($,$,(#12874));
#12876=IFCPROPERTYSET('3duuefWgf1YwKxIbxGBRn9',$,'EPset_Parametric',$,(#12878));
#12877=IFCRELDEFINESBYPROPERTIES('3314XPyNb6C93TpJXyfMmD',$,$,$,(#12861),#12876);
#12878=IFCPROPERTYSINGLEVALUE('Engine',$,IFCLABEL('Bonsai.DumbLayer3'),$);
#12879=IFCCARTESIANPOINT((-0.,-0.,-0.10000000149011612));
#12880=IFCDIRECTION((0.,0.,1.));
#12881=IFCDIRECTION((1.,0.,0.));
#12882=IFCAXIS2PLACEMENT3D(#12879,#12880,#12881);
#12883=IFCCOVERINGTYPE('0dAcn47CnCl8PBjcLOpmos',$,'FL-1-GF',$,$,(#12887),$,$,$,.FLOORING.);
#12884=IFCMATERIALLAYERSET((#12906,#12907),$,$);
#12885=IFCRELASSOCIATESMATERIAL('3b_6zzGZH3Iu2A2yoBQ6As',$,$,$,(#12883),#12884);
#12887=IFCPROPERTYSET('3Y$fmNfFrBVew$8t_oisZ5',$,'EPset_Parametric',$,(#12888));
#12888=IFCPROPERTYSINGLEVALUE('LayerSetDirection',$,IFCLABEL('AXIS3'),$);
#12889=IFCCOVERING('2VQHJwrPL2N8grsnUssAu6',$,'Covering',$,$,#15279,#12903,$,$);
#12890=IFCRELDEFINESBYTYPE('1sXb7ayYv1$gSI9M$YuQrH',$,$,$,(#12889),#12883);
#12891=IFCMATERIALLAYERSETUSAGE(#12884,.AXIS3.,.POSITIVE.,0.,$);
#12892=IFCRELASSOCIATESMATERIAL('0pxSMk41n6L98pTY0bWnpd',$,$,$,(#12889),#12891);
#12893=IFCCARTESIANPOINTLIST2D(((-2.1935594081878662,-2.0674879550933838),(-3.6535594463348389,-2.0674879550933838),(-3.703559398651123,-2.0674879550933838),(-3.703559398651123,-1.2474880218505859),(-1.6935595273971558,-1.2474880218505859),(-1.6935595273971558,0.20251178741455078),(-1.6935595273971558,0.25251197814941406),(-1.6935595273971558,0.35251188278198242),(-1.6935595273971558,0.4025120735168457),(-1.6935595273971558,1.7525119781494141),(1.606440544128418,1.7525119781494141),(1.606440544128418,-7.2474880218505859),(-2.1935594081878662,-7.2474880218505859),(-2.1935594081878662,-7.2474880218505859),(-2.1935594081878662,-4.7974882125854492),(-2.1935594081878662,-4.7474880218505859),(-2.1935594081878662,-4.7474880218505859),(-2.1935594081878662,-4.6974878311157227)));
#12894=IFCINDEXEDPOLYCURVE(#12893,(IFCLINEINDEX((1,2,3,4,5,6,7,8,9,10,11,12,13,14,15,16,17,18,1))),$);
#12895=IFCARBITRARYCLOSEDPROFILEDEF(.AREA.,$,#12894);
#12896=IFCCARTESIANPOINT((0.,0.,0.));
#12897=IFCDIRECTION((0.,0.,1.));
#12898=IFCDIRECTION((1.,0.,0.));
#12899=IFCAXIS2PLACEMENT3D(#12896,#12897,#12898);
#12900=IFCDIRECTION((0.,0.,1.));
#12901=IFCEXTRUDEDAREASOLID(#12895,#12899,#12900,0.09999999962747097);
#12902=IFCSHAPEREPRESENTATION(#11,'Body','SweptSolid',(#12901));
#12903=IFCPRODUCTDEFINITIONSHAPE($,$,(#12902));
#12904=IFCMATERIAL('screed',$,'cement');
#12905=IFCMATERIAL('parquet',$,'wood');
#12906=IFCMATERIALLAYER(#12904,0.070000000298023224,$,$,$,$,$);
#12907=IFCMATERIALLAYER(#12905,0.029999999329447746,$,$,$,$,$);
#12908=IFCSTAIRFLIGHTTYPE('2n1iJsxmn6Rv1Alu6O9kXc',$,'Stair-1',$,$,(#12909,#12911),(#12953,#13927),$,$,.STRAIGHT.);
#12909=IFCPROPERTYSET('1aeAdAaGT8fRCtEvTyKn3F',$,'BBIM_Stair',$,(#12910));
#12910=IFCPROPERTYSINGLEVALUE('Data',$,IFCTEXT('{"stair_type": "GENERIC", "width": 0.8421369791030884, "height": 1.7999999523162842, "number_of_treads": 7, "tread_run": 0.18692508339881897, "nosing_length": 0.0, "nosing_depth": 0.0, "custom_first_last_tread_run": [null, null], "custom_tread_lock": true}'),$);
#12911=IFCPROPERTYSET('1KMRcsYSz4dBC7PBSj$hvj',$,'Pset_StairFlightCommon',$,(#12912,#12913,#12914,#12915,#12916));
#12912=IFCPROPERTYSINGLEVALUE('NumberOfRiser',$,IFCCOUNTMEASURE(8.),$);
#12913=IFCPROPERTYSINGLEVALUE('NumberOfTreads',$,IFCCOUNTMEASURE(7.),$);
#12914=IFCPROPERTYSINGLEVALUE('RiserHeight',$,IFCPOSITIVELENGTHMEASURE(0.22499999403953552),$);
#12915=IFCPROPERTYSINGLEVALUE('TreadLength',$,IFCPOSITIVELENGTHMEASURE(0.25),$);
#12916=IFCPROPERTYSINGLEVALUE('NosingLength',$,IFCLENGTHMEASURE(0.),$);
#12949=IFCCARTESIANPOINT((0.,0.,0.));
#12950=IFCDIRECTION((1.,0.,0.));
#12951=IFCDIRECTION((0.,0.,1.));
#12952=IFCAXIS2PLACEMENT3D(#12949,#12951,#12950);
#12953=IFCREPRESENTATIONMAP(#12952,#13918);
#12954=IFCSTAIRFLIGHT('2L8ziTn991k9E6B_S3SCp8',$,'StairFlight',$,$,#14045,#12963,$,8,7,0.22499999403953552,0.25,.STRAIGHT.);
#12955=IFCRELDEFINESBYTYPE('38nhTRoenEdgVPZWkWgAPN',$,$,$,(#12954),#12908);
#12963=IFCPRODUCTDEFINITIONSHAPE($,$,(#12970,#13934));
#12964=IFCCARTESIANPOINT((0.,0.,0.));
#12965=IFCDIRECTION((1.,0.,0.));
#12966=IFCDIRECTION((0.,1.,0.));
#12967=IFCDIRECTION((0.,0.,1.));
#12968=IFCCARTESIANTRANSFORMATIONOPERATOR3D(#12965,#12966,#12964,1.,#12967);
#12969=IFCMAPPEDITEM(#12953,#12968);
#12970=IFCSHAPEREPRESENTATION(#11,'Body','MappedRepresentation',(#12969));
#13015=IFCSLABTYPE('1SDFwy9I96z9ZNS1RV9yL2',$,'Slab Landing-1',$,$,(#13019),$,$,$,.LANDING.);
#13016=IFCMATERIALLAYERSET((#13018),$,$);
#13017=IFCRELASSOCIATESMATERIAL('2ccU0RCirFWR$N$jCpXgBW',$,$,$,(#13015),#13016);
#13018=IFCMATERIALLAYER(#81,1.7999999523162842,$,$,$,$,$);
#13019=IFCPROPERTYSET('0ZzVLA5YzFYf0F2mZE$jSx',$,'EPset_Parametric',$,(#13020));
#13020=IFCPROPERTYSINGLEVALUE('LayerSetDirection',$,IFCLABEL('AXIS3'),$);
#13044=IFCSLAB('2qfUzHT2X6wR_xmnq29iyk',$,'Slab',$,$,#13076,#13059,$,$);
#13045=IFCRELDEFINESBYTYPE('26jM6bD5LCU8lU3Pwe3L6H',$,$,$,(#13044),#13015);
#13046=IFCMATERIALLAYERSETUSAGE(#13016,.AXIS3.,.POSITIVE.,-0.10000000149011612,$);
#13047=IFCRELASSOCIATESMATERIAL('1WDpGBJxbFcwVs2M7i7QXE',$,$,$,(#13044),#13046);
#13055=IFCDIRECTION((0.,0.,1.));
#13057=IFCEXTRUDEDAREASOLID(#15963,#13066,#13055,1.7999999523162842);
#13058=IFCSHAPEREPRESENTATION(#11,'Body','SweptSolid',(#13057));
#13059=IFCPRODUCTDEFINITIONSHAPE($,$,(#13058));
#13060=IFCPROPERTYSET('2HO6O3xCD96QTaw9QjFDGH',$,'EPset_Parametric',$,(#13062));
#13061=IFCRELDEFINESBYPROPERTIES('3BKYm1gIj0UgLSu6WjIO2$',$,$,$,(#13044),#13060);
#13062=IFCPROPERTYSINGLEVALUE('Engine',$,IFCLABEL('Bonsai.DumbLayer3'),$);
#13063=IFCCARTESIANPOINT((-0.,-0.,-0.10000000149011612));
#13064=IFCDIRECTION((0.,0.,1.));
#13065=IFCDIRECTION((1.,0.,0.));
#13066=IFCAXIS2PLACEMENT3D(#13063,#13064,#13065);
#13072=IFCCARTESIANPOINT((3.3160076141357422,0.53911399841308594,0.20461811125278473));
#13073=IFCDIRECTION((0.,0.,1.));
#13074=IFCDIRECTION((1.,0.,0.));
#13075=IFCAXIS2PLACEMENT3D(#13072,#13073,#13074);
#13076=IFCLOCALPLACEMENT(#79,#13075);
#13082=IFCRAILINGTYPE('1uaULJVL92WuVz91bvhoHP',$,'Balcony-1',$,$,(#13083,#13085),(#13114,#13158),$,$,.USERDEFINED.);
#13083=IFCPROPERTYSET('3HB$IT1BH5ZPr2EozrDCrN',$,'BBIM_Railing',$,(#13084));
#13084=IFCPROPERTYSINGLEVALUE('Data',$,IFCTEXT('{"railing_type": "FRAMELESS_PANEL", "height": 1.0, "thickness": 0.05000000074505806, "spacing": 0.05000000074505806, "path_data": {"edges": [[0, 1], [1, 2]], "verts": [[-1.0, 0.0, 0.0], [0.0, 0.0, 0.0], [1.0, 0.0, 0.0]]}}'),$);
#13085=IFCPROPERTYSET('0t5el8zz54ChjfoYpAw5z5',$,'Pset_RailingCommon',$,(#13086));
#13086=IFCPROPERTYSINGLEVALUE('Height',$,IFCPOSITIVELENGTHMEASURE(1.),$);
#13110=IFCCARTESIANPOINT((0.,0.,0.));
#13111=IFCDIRECTION((1.,0.,0.));
#13112=IFCDIRECTION((0.,0.,1.));
#13113=IFCAXIS2PLACEMENT3D(#13110,#13112,#13111);
#13114=IFCREPRESENTATIONMAP(#13113,#13149);
#13115=IFCINDEXEDPOLYGONALFACE((2,3,4));
#13116=IFCINDEXEDPOLYGONALFACE((2,4,1));
#13117=IFCINDEXEDPOLYGONALFACE((6,7,8));
#13118=IFCINDEXEDPOLYGONALFACE((6,8,5));
#13119=IFCINDEXEDPOLYGONALFACE((12,9,10));
#13120=IFCINDEXEDPOLYGONALFACE((12,10,11));
#13121=IFCINDEXEDPOLYGONALFACE((13,14,9));
#13122=IFCINDEXEDPOLYGONALFACE((13,9,12));
#13123=IFCINDEXEDPOLYGONALFACE((18,15,16));
#13124=IFCINDEXEDPOLYGONALFACE((18,16,17));
#13125=IFCINDEXEDPOLYGONALFACE((19,20,15));
#13126=IFCINDEXEDPOLYGONALFACE((19,15,18));
#13127=IFCINDEXEDPOLYGONALFACE((18,8,7));
#13128=IFCINDEXEDPOLYGONALFACE((18,7,19));
#13129=IFCINDEXEDPOLYGONALFACE((17,8,18));
#13130=IFCINDEXEDPOLYGONALFACE((16,5,8));
#13131=IFCINDEXEDPOLYGONALFACE((16,8,17));
#13132=IFCINDEXEDPOLYGONALFACE((2,9,14));
#13133=IFCINDEXEDPOLYGONALFACE((1,10,9));
#13134=IFCINDEXEDPOLYGONALFACE((1,9,2));
#13135=IFCINDEXEDPOLYGONALFACE((6,15,20));
#13136=IFCINDEXEDPOLYGONALFACE((5,16,15));
#13137=IFCINDEXEDPOLYGONALFACE((5,15,6));
#13138=IFCINDEXEDPOLYGONALFACE((10,1,4));
#13139=IFCINDEXEDPOLYGONALFACE((10,4,11));
#13140=IFCINDEXEDPOLYGONALFACE((2,13,3));
#13141=IFCINDEXEDPOLYGONALFACE((2,14,13));
#13142=IFCINDEXEDPOLYGONALFACE((6,19,7));
#13143=IFCINDEXEDPOLYGONALFACE((6,20,19));
#13144=IFCINDEXEDPOLYGONALFACE((12,4,3));
#13145=IFCINDEXEDPOLYGONALFACE((12,3,13));
#13146=IFCINDEXEDPOLYGONALFACE((11,4,12));
#13147=IFCCARTESIANPOINTLIST3D(((-0.02500000037252903,-0.02500000037252903,1.),(-0.02500000037252903,0.02500000037252903,1.),(-0.97500002384185791,0.02500000037252903,1.),(-0.97500002384185791,-0.02500000037252903,1.),(0.97500002384185791,-0.02500000037252903,1.),(0.97500002384185791,0.02500000037252903,1.),(0.02500000037252903,0.02500000037252903,1.),(0.02500000037252903,-0.02500000037252903,1.),(-0.02500000037252903,0.,0.),(-0.02500000037252903,-0.02500000037252903,0.),(-0.97500002384185791,-0.02500000037252903,0.),(-0.97500002384185791,0.,0.),(-0.97500002384185791,0.02500000037252903,0.),(-0.02500000037252903,0.02500000037252903,0.),(0.97500002384185791,0.,0.),(0.97500002384185791,-0.02500000037252903,0.),(0.02500000037252903,-0.02500000037252903,0.),(0.02500000037252903,0.,0.),(0.02500000037252903,0.02500000037252903,0.),(0.97500002384185791,0.02500000037252903,0.)));
#13148=IFCPOLYGONALFACESET(#13147,.T.,(#13115,#13116,#13117,#13118,#13119,#13120,#13121,#13122,#13123,#13124,#13125,#13126,#13127,#13128,#13129,#13130,#13131,#13132,#13133,#13134,#13135,#13136,#13137,#13138,#13139,#13140,#13141,#13142,#13143,#13144,#13145,#13146),$);
#13149=IFCSHAPEREPRESENTATION(#11,'Body','Tessellation',(#13148));
#13151=IFCCARTESIANPOINT((-0.97500002384185791,-0.02500000037252903,0.));
#13152=IFCBOUNDINGBOX(#13151,1.9500000476837158,0.05000000074505806,1.);
#13153=IFCSHAPEREPRESENTATION(#13,'Box','BoundingBox',(#13152));
#13154=IFCCARTESIANPOINT((0.,0.,0.));
#13155=IFCDIRECTION((1.,0.,0.));
#13156=IFCDIRECTION((0.,0.,1.));
#13157=IFCAXIS2PLACEMENT3D(#13154,#13156,#13155);
#13158=IFCREPRESENTATIONMAP(#13157,#13153);
#13159=IFCRAILING('1TkcKUJXn9DuyuUoRhIvk_',$,'Railing',$,$,#17906,#13168,$,$);
#13160=IFCRELDEFINESBYTYPE('1nLX1TNnXD7P1zOuvAW9JU',$,$,$,(#13159,#13186),#13082);
#13161=IFCCARTESIANPOINT((0.,0.,0.));
#13162=IFCDIRECTION((1.,0.,0.));
#13163=IFCDIRECTION((0.,1.,0.));
#13164=IFCDIRECTION((0.,0.,1.));
#13165=IFCCARTESIANTRANSFORMATIONOPERATOR3D(#13162,#13163,#13161,1.,#13164);
#13166=IFCMAPPEDITEM(#13114,#13165);
#13167=IFCSHAPEREPRESENTATION(#11,'Body','MappedRepresentation',(#13166));
#13168=IFCPRODUCTDEFINITIONSHAPE($,$,(#13167,#13175));
#13169=IFCCARTESIANPOINT((0.,0.,0.));
#13170=IFCDIRECTION((1.,0.,0.));
#13171=IFCDIRECTION((0.,1.,0.));
#13172=IFCDIRECTION((0.,0.,1.));
#13173=IFCCARTESIANTRANSFORMATIONOPERATOR3D(#13170,#13171,#13169,1.,#13172);
#13174=IFCMAPPEDITEM(#13158,#13173);
#13175=IFCSHAPEREPRESENTATION(#13,'Box','MappedRepresentation',(#13174));
#13186=IFCRAILING('1_ZKRaLQT2sQtxHFENRCDL',$,'Railing',$,$,#17911,#13199,$,$);
#13192=IFCCARTESIANPOINT((0.,0.,0.));
#13193=IFCDIRECTION((1.,0.,0.));
#13194=IFCDIRECTION((0.,1.,0.));
#13195=IFCDIRECTION((0.,0.,1.));
#13196=IFCCARTESIANTRANSFORMATIONOPERATOR3D(#13193,#13194,#13192,1.,#13195);
#13197=IFCMAPPEDITEM(#13114,#13196);
#13198=IFCSHAPEREPRESENTATION(#11,'Body','MappedRepresentation',(#13197));
#13199=IFCPRODUCTDEFINITIONSHAPE($,$,(#13198,#13206));
#13200=IFCCARTESIANPOINT((0.,0.,0.));
#13201=IFCDIRECTION((1.,0.,0.));
#13202=IFCDIRECTION((0.,1.,0.));
#13203=IFCDIRECTION((0.,0.,1.));
#13204=IFCCARTESIANTRANSFORMATIONOPERATOR3D(#13201,#13202,#13200,1.,#13203);
#13205=IFCMAPPEDITEM(#13158,#13204);
#13206=IFCSHAPEREPRESENTATION(#13,'Box','MappedRepresentation',(#13205));
#13207=IFCRAILINGTYPE('0F2TgX1uHFIOPuOVpfr77u',$,'Balcony-2',$,$,(#13208,#13210),(#13212,#13305),$,$,.USERDEFINED.);
#13208=IFCPROPERTYSET('2YUV1EtZ18Bgs8OJ0P6R_i',$,'BBIM_Railing',$,(#13209));
#13209=IFCPROPERTYSINGLEVALUE('Data',$,IFCTEXT('{"railing_type": "FRAMELESS_PANEL", "height": 1.0, "thickness": 0.05000000074505806, "spacing": 0.05000000074505806, "path_data": {"edges": [[0, 1], [1, 2]], "verts": [[-0.12992024421691895, 0.0, 0.0], [0.0, 0.0, 0.0], [1.0, 0.0, 0.0]]}}'),$);
#13210=IFCPROPERTYSET('1$9S2HG7HBSRL5xpBdLkkb',$,'Pset_RailingCommon',$,(#13211));
#13211=IFCPROPERTYSINGLEVALUE('Height',$,IFCPOSITIVELENGTHMEASURE(1.),$);
#13212=IFCREPRESENTATIONMAP(#13213,#13296);
#13213=IFCAXIS2PLACEMENT3D(#13214,#13215,#13216);
#13214=IFCCARTESIANPOINT((0.,0.,0.));
#13215=IFCDIRECTION((0.,0.,1.));
#13216=IFCDIRECTION((1.,0.,0.));
#13282=IFCINDEXEDPOLYGONALFACE((16,19,18,17));
#13283=IFCINDEXEDPOLYGONALFACE((20,23,22,21));
#13284=IFCINDEXEDPOLYGONALFACE((5,11,10,4,8,9));
#13285=IFCINDEXEDPOLYGONALFACE((7,15,14,6,12,13));
#13286=IFCINDEXEDPOLYGONALFACE((6,14,21,22,12));
#13287=IFCINDEXEDPOLYGONALFACE((9,19,16,11,5));
#13288=IFCINDEXEDPOLYGONALFACE((7,13,23,20,15));
#13289=IFCINDEXEDPOLYGONALFACE((11,16,17,10));
#13290=IFCINDEXEDPOLYGONALFACE((8,18,19,9));
#13291=IFCINDEXEDPOLYGONALFACE((12,22,23,13));
#13292=IFCINDEXEDPOLYGONALFACE((15,20,21,14));
#13293=IFCINDEXEDPOLYGONALFACE((10,17,18,8,4));
#13294=IFCCARTESIANPOINTLIST3D(((-0.12992024421691895,0.,0.),(0.,0.,0.),(1.,0.,0.),(-0.10492024570703506,0.,0.),(-0.02500000037252903,0.,0.),(0.02500000037252903,0.,0.),(0.97500002384185791,0.,0.),(-0.10492024570703506,0.02500000037252903,0.),(-0.02500000037252903,0.02500000037252903,0.),(-0.10492024570703506,-0.02500000037252903,0.),(-0.02500000037252903,-0.02500000037252903,0.),(0.02500000037252903,0.02500000037252903,0.),(0.97500002384185791,0.02500000037252903,0.),(0.02500000037252903,-0.02500000037252903,0.),(0.97500002384185791,-0.02500000037252903,0.),(-0.02500000037252903,-0.02500000037252903,1.),(-0.10492024570703506,-0.02500000037252903,1.),(-0.10492024570703506,0.02500000037252903,1.),(-0.02500000037252903,0.02500000037252903,1.),(0.97500002384185791,-0.02500000037252903,1.),(0.02500000037252903,-0.02500000037252903,1.),(0.02500000037252903,0.02500000037252903,1.),(0.97500002384185791,0.02500000037252903,1.)));
#13295=IFCPOLYGONALFACESET(#13294,.F.,(#13282,#13283,#13284,#13285,#13286,#13287,#13288,#13289,#13290,#13291,#13292,#13293),$);
#13296=IFCSHAPEREPRESENTATION(#11,'Body','Tessellation',(#13295));
#13298=IFCCARTESIANPOINT((-0.12992024421691895,-0.02500000037252903,0.));
#13299=IFCBOUNDINGBOX(#13298,1.1299202442169189,0.05000000074505806,1.);
#13300=IFCSHAPEREPRESENTATION(#13,'Box','BoundingBox',(#13299));
#13301=IFCCARTESIANPOINT((0.,0.,0.));
#13302=IFCDIRECTION((1.,0.,0.));
#13303=IFCDIRECTION((0.,0.,1.));
#13304=IFCAXIS2PLACEMENT3D(#13301,#13303,#13302);
#13305=IFCREPRESENTATIONMAP(#13304,#13300);
#13313=IFCRAILINGTYPE('3EAFs9lDb4LvGYEa5Hk5DK',$,'Balcony-3',$,$,(#13314,#13316),(#13318,#13588),$,$,.USERDEFINED.);
#13314=IFCPROPERTYSET('3zYXgbCsf9SBOt9UtdWS9l',$,'BBIM_Railing',$,(#13315));
#13315=IFCPROPERTYSINGLEVALUE('Data',$,IFCTEXT('{"railing_type": "FRAMELESS_PANEL", "height": 1.0, "thickness": 0.05000000074505806, "spacing": 0.05000000074505806, "path_data": {"edges": [[0, 1], [1, 2]], "verts": [[-0.6226236820220947, 1.6495642185532233e-08, 0.0], [0.0, 0.0, 0.0], [1.0, 0.0, 0.0]]}}'),$);
#13316=IFCPROPERTYSET('23U5MvN51Be8ZrN2_M5B2a',$,'Pset_RailingCommon',$,(#13317));
#13317=IFCPROPERTYSINGLEVALUE('Height',$,IFCPOSITIVELENGTHMEASURE(1.),$);
#13318=IFCREPRESENTATIONMAP(#13319,#13579);
#13319=IFCAXIS2PLACEMENT3D(#13320,#13321,#13322);
#13320=IFCCARTESIANPOINT((0.,0.,0.));
#13321=IFCDIRECTION((0.,0.,1.));
#13322=IFCDIRECTION((1.,0.,0.));
#13366=IFCRAILING('0I$SUzkxP8DROVG6_tygQt',$,'Railing',$,'FRAMELESS_PANEL',#17916,#13375,$,.USERDEFINED.);
#13367=IFCRELDEFINESBYTYPE('0jER1Ysj97U8G2cfV0f8Z7',$,$,$,(#13366),#13313);
#13368=IFCCARTESIANPOINT((0.,0.,0.));
#13369=IFCDIRECTION((1.,0.,0.));
#13370=IFCDIRECTION((0.,1.,0.));
#13371=IFCDIRECTION((0.,0.,1.));
#13372=IFCCARTESIANTRANSFORMATIONOPERATOR3D(#13369,#13370,#13368,1.,#13371);
#13373=IFCMAPPEDITEM(#13318,#13372);
#13374=IFCSHAPEREPRESENTATION(#11,'Body','MappedRepresentation',(#13373));
#13375=IFCPRODUCTDEFINITIONSHAPE($,$,(#13374,#13595));
#13543=IFCRAILING('3TiFMRcBT3y9gQL79VyXFK',$,'Railing',$,$,#17921,#13552,$,$);
#13544=IFCRELDEFINESBYTYPE('3opAmKKmD3lOui3YJzdEgJ',$,$,$,(#13543),#13207);
#13545=IFCCARTESIANPOINT((0.,0.,0.));
#13546=IFCDIRECTION((1.,0.,0.));
#13547=IFCDIRECTION((0.,1.,0.));
#13548=IFCDIRECTION((0.,0.,1.));
#13549=IFCCARTESIANTRANSFORMATIONOPERATOR3D(#13546,#13547,#13545,1.,#13548);
#13550=IFCMAPPEDITEM(#13212,#13549);
#13551=IFCSHAPEREPRESENTATION(#11,'Body','MappedRepresentation',(#13550));
#13552=IFCPRODUCTDEFINITIONSHAPE($,$,(#13551,#13559));
#13553=IFCCARTESIANPOINT((0.,0.,0.));
#13554=IFCDIRECTION((1.,0.,0.));
#13555=IFCDIRECTION((0.,1.,0.));
#13556=IFCDIRECTION((0.,0.,1.));
#13557=IFCCARTESIANTRANSFORMATIONOPERATOR3D(#13554,#13555,#13553,1.,#13556);
#13558=IFCMAPPEDITEM(#13305,#13557);
#13559=IFCSHAPEREPRESENTATION(#13,'Box','MappedRepresentation',(#13558));
#13565=IFCINDEXEDPOLYGONALFACE((16,19,18,17));
#13566=IFCINDEXEDPOLYGONALFACE((20,23,22,21));
#13567=IFCINDEXEDPOLYGONALFACE((5,11,10,4,8,9));
#13568=IFCINDEXEDPOLYGONALFACE((7,15,14,6,12,13));
#13569=IFCINDEXEDPOLYGONALFACE((6,14,21,22,12));
#13570=IFCINDEXEDPOLYGONALFACE((9,19,16,11,5));
#13571=IFCINDEXEDPOLYGONALFACE((7,13,23,20,15));
#13572=IFCINDEXEDPOLYGONALFACE((11,16,17,10));
#13573=IFCINDEXEDPOLYGONALFACE((8,18,19,9));
#13574=IFCINDEXEDPOLYGONALFACE((12,22,23,13));
#13575=IFCINDEXEDPOLYGONALFACE((15,20,21,14));
#13576=IFCINDEXEDPOLYGONALFACE((10,17,18,8,4));
#13577=IFCCARTESIANPOINTLIST3D(((-0.62262368202209473,1.6495642185532233E-08,0.),(0.,0.,0.),(1.,0.,0.),(-0.59762370586395264,1.583329733989558E-08,0.),(-0.025000002235174179,6.6234395745823349E-10,0.),(0.02500000037252903,0.,0.),(0.97500002384185791,0.,0.),(-0.59762370586395264,0.025000017136335373,0.),(-0.025000002235174179,0.02500000037252903,0.),(-0.59762370586395264,-0.024999983608722687,0.),(-0.025000002235174179,-0.02500000037252903,0.),(0.02500000037252903,0.02500000037252903,0.),(0.97500002384185791,0.02500000037252903,0.),(0.02500000037252903,-0.02500000037252903,0.),(0.97500002384185791,-0.02500000037252903,0.),(-0.025000002235174179,-0.02500000037252903,1.),(-0.59762370586395264,-0.024999983608722687,1.),(-0.59762370586395264,0.025000017136335373,1.),(-0.025000002235174179,0.02500000037252903,1.),(0.97500002384185791,-0.02500000037252903,1.),(0.02500000037252903,-0.02500000037252903,1.),(0.02500000037252903,0.02500000037252903,1.),(0.97500002384185791,0.02500000037252903,1.)));
#13578=IFCPOLYGONALFACESET(#13577,.F.,(#13565,#13566,#13567,#13568,#13569,#13570,#13571,#13572,#13573,#13574,#13575,#13576),$);
#13579=IFCSHAPEREPRESENTATION(#11,'Body','Tessellation',(#13578));
#13581=IFCCARTESIANPOINT((-0.62262368202209473,-0.02500000037252903,0.));
#13582=IFCBOUNDINGBOX(#13581,1.6226236820220947,0.050000019371509552,1.);
#13583=IFCSHAPEREPRESENTATION(#13,'Box','BoundingBox',(#13582));
#13584=IFCCARTESIANPOINT((0.,0.,0.));
#13585=IFCDIRECTION((1.,0.,0.));
#13586=IFCDIRECTION((0.,0.,1.));
#13587=IFCAXIS2PLACEMENT3D(#13584,#13586,#13585);
#13588=IFCREPRESENTATIONMAP(#13587,#13583);
#13589=IFCCARTESIANPOINT((0.,0.,0.));
#13590=IFCDIRECTION((1.,0.,0.));
#13591=IFCDIRECTION((0.,1.,0.));
#13592=IFCDIRECTION((0.,0.,1.));
#13593=IFCCARTESIANTRANSFORMATIONOPERATOR3D(#13590,#13591,#13589,1.,#13592);
#13594=IFCMAPPEDITEM(#13588,#13593);
#13595=IFCSHAPEREPRESENTATION(#13,'Box','MappedRepresentation',(#13594));
#13615=IFCMATERIALLAYERSET((#13616),$,$);
#13616=IFCMATERIALLAYER(#81,1.7999999523162842,$,$,$,$,$);
#13617=IFCSLABTYPE('2YtzqVtFH6_RokkC1Ip_zW',$,'Slab Landing-2',$,$,(#13618),$,$,$,.LANDING.);
#13618=IFCPROPERTYSET('3brW6HQzX2uRUvc540Sm8F',$,'EPset_Parametric',$,(#13619));
#13619=IFCPROPERTYSINGLEVALUE('LayerSetDirection',$,IFCLABEL('AXIS3'),$);
#13620=IFCRELASSOCIATESMATERIAL('3iCSWCWsH6oPXRsRFDgU15',$,$,$,(#13617),#13621);
#13621=IFCMATERIALLAYERSET((#13622),$,$);
#13622=IFCMATERIALLAYER(#81,1.7999999523162842,$,$,$,$,$);
#13646=IFCSTAIRFLIGHTTYPE('3BiizyY1DDjhycbd9Dd515',$,'Stair-2',$,$,(#13647,#13649),(#13655,#15420),$,$,.STRAIGHT.);
#13647=IFCPROPERTYSET('2mDPgVEsjDtx8$uWhiHkUS',$,'BBIM_Stair',$,(#13648));
#13648=IFCPROPERTYSINGLEVALUE('Data',$,IFCTEXT('{"stair_type": "GENERIC", "width": 0.9438888430595398, "height": 1.0932142734527588, "number_of_treads": 6, "tread_run": 0.21248869597911835, "nosing_length": 0.0, "nosing_depth": 0.0, "custom_first_last_tread_run": [null, null], "custom_tread_lock": true}'),$);
#13649=IFCPROPERTYSET('10ol3Jws13VBfywWWqcLEy',$,'Pset_StairFlightCommon',$,(#13650,#13651,#13652,#13653,#13654));
#13650=IFCPROPERTYSINGLEVALUE('NumberOfRiser',$,IFCCOUNTMEASURE(7.),$);
#13651=IFCPROPERTYSINGLEVALUE('NumberOfTreads',$,IFCCOUNTMEASURE(6.),$);
#13652=IFCPROPERTYSINGLEVALUE('RiserHeight',$,IFCPOSITIVELENGTHMEASURE(0.1561734676361084),$);
#13653=IFCPROPERTYSINGLEVALUE('TreadLength',$,IFCPOSITIVELENGTHMEASURE(0.25),$);
#13654=IFCPROPERTYSINGLEVALUE('NosingLength',$,IFCLENGTHMEASURE(0.),$);
#13655=IFCREPRESENTATIONMAP(#13656,#15411);
#13656=IFCAXIS2PLACEMENT3D(#13657,#13658,#13659);
#13657=IFCCARTESIANPOINT((0.,0.,0.));
#13658=IFCDIRECTION((0.,0.,1.));
#13659=IFCDIRECTION((1.,0.,0.));
#13713=IFCSLABTYPE('1ZuyHtesP0AAKhs8$mEOU5',$,'Slab Landing-3',$,$,(#13714),$,$,$,.LANDING.);
#13714=IFCPROPERTYSET('3t9R8bvZ93uv5eavJjeDbq',$,'EPset_Parametric',$,(#13715));
#13715=IFCPROPERTYSINGLEVALUE('LayerSetDirection',$,IFCLABEL('AXIS3'),$);
#13716=IFCRELASSOCIATESMATERIAL('0itmZZmVP8e8d7a8bX8fnT',$,$,$,(#13713),#13717);
#13717=IFCMATERIALLAYERSET((#13718),$,$);
#13718=IFCMATERIALLAYER(#81,1.7999999523162842,$,$,$,$,$);
#13719=IFCSLAB('0lBj5M7qbD79LuZIPmkTiv',$,'Slab',$,$,#14040,#13734,$,$);
#13720=IFCRELDEFINESBYTYPE('3c34Epie97Qv1tLp_Ff5U_',$,$,$,(#13719),#13713);
#13721=IFCMATERIALLAYERSETUSAGE(#13717,.AXIS3.,.POSITIVE.,-1.7999999523162842,$);
#13722=IFCRELASSOCIATESMATERIAL('0V7zj5QeLBz8MZF7ZWcFff',$,$,$,(#13719),#13721);
#13728=IFCCARTESIANPOINTLIST2D(((0.,0.),(0.0052506923675537109,-0.94388878345489502),(-1.490149974822998,-0.94388878345489502),(-1.4901504516601562,0.0019130706787109375),(0.,0.)));
#13729=IFCINDEXEDPOLYCURVE(#13728,$,$);
#13730=IFCDIRECTION((0.,0.,1.));
#13731=IFCARBITRARYCLOSEDPROFILEDEF(.AREA.,$,#13729);
#13732=IFCEXTRUDEDAREASOLID(#13731,#13741,#13730,1.7999999523162842);
#13733=IFCSHAPEREPRESENTATION(#11,'Body','SweptSolid',(#13732));
#13734=IFCPRODUCTDEFINITIONSHAPE($,$,(#13733));
#13735=IFCPROPERTYSET('0IYug4DXbChvwdt2Kqk01i',$,'EPset_Parametric',$,(#13737));
#13736=IFCRELDEFINESBYPROPERTIES('2DOcPGq8PA6h9tMPrrLkwW',$,$,$,(#13719),#13735);
#13737=IFCPROPERTYSINGLEVALUE('Engine',$,IFCLABEL('Bonsai.DumbLayer3'),$);
#13738=IFCCARTESIANPOINT((-0.,-0.,-1.7999999523162842));
#13739=IFCDIRECTION((0.,0.,1.));
#13740=IFCDIRECTION((1.,0.,0.));
#13741=IFCAXIS2PLACEMENT3D(#13738,#13739,#13740);
#13742=IFCSTAIRFLIGHT('0xpyfE04HBggtiF1ejqT32',$,'StairFlight',$,$,#16004,#13751,$,7,6,0.1561734676361084,0.25,.STRAIGHT.);
#13743=IFCRELDEFINESBYTYPE('0sccNFS3b9KvrY0R1kyYsM',$,$,$,(#13742),#13646);
#13744=IFCCARTESIANPOINT((0.,0.,0.));
#13745=IFCDIRECTION((1.,0.,0.));
#13746=IFCDIRECTION((0.,1.,0.));
#13747=IFCDIRECTION((0.,0.,1.));
#13748=IFCCARTESIANTRANSFORMATIONOPERATOR3D(#13745,#13746,#13744,1.,#13747);
#13749=IFCMAPPEDITEM(#13655,#13748);
#13750=IFCSHAPEREPRESENTATION(#11,'Body','MappedRepresentation',(#13749));
#13751=IFCPRODUCTDEFINITIONSHAPE($,$,(#13750,#15427));
#13840=IFCRAILINGTYPE('2VXbQtv2P328mrf2iJU2yu',$,'Stair-1',$,$,(#13841,#13843),(#13845,#14791),$,$,.USERDEFINED.);
#13841=IFCPROPERTYSET('2VJwFOW951uB1$q26yiRIu',$,'BBIM_Railing',$,(#13842));
#13842=IFCPROPERTYSINGLEVALUE('Data',$,IFCTEXT('{"railing_type": "FRAMELESS_PANEL", "height": 0.699999988079071, "thickness": 0.05000000074505806, "spacing": 0.05000000074505806, "path_data": {"edges": [[0, 1], [1, 2]], "verts": [[-0.004373073577880859, 0.0, 0.0], [0.02066802978515625, 0.0, 0.0], [0.8649970293045044, 0.0, 0.0]]}}'),$);
#13843=IFCPROPERTYSET('0xiw_wvYXAJPtuJHDfbZrR',$,'Pset_RailingCommon',$,(#13844));
#13844=IFCPROPERTYSINGLEVALUE('Height',$,IFCPOSITIVELENGTHMEASURE(0.69999998807907104),$);
#13845=IFCREPRESENTATIONMAP(#13846,#14782);
#13846=IFCAXIS2PLACEMENT3D(#13847,#13848,#13849);
#13847=IFCCARTESIANPOINT((0.,0.,0.));
#13848=IFCDIRECTION((0.,0.,1.));
#13849=IFCDIRECTION((1.,0.,0.));
#13896=IFCINDEXEDPOLYGONALFACE((2,1,18,17,16,15,14,13,12,11,10,9,8,7,6,5,4,3));
#13897=IFCINDEXEDPOLYGONALFACE((19,20,21,22,23,24,25,26,27,28,29,30,31,32,33,34,35,36));
#13898=IFCINDEXEDPOLYGONALFACE((5,6,23,22));
#13899=IFCINDEXEDPOLYGONALFACE((13,14,31,30));
#13900=IFCINDEXEDPOLYGONALFACE((6,7,24,23));
#13901=IFCINDEXEDPOLYGONALFACE((14,15,32,31));
#13902=IFCINDEXEDPOLYGONALFACE((7,8,25,24));
#13903=IFCINDEXEDPOLYGONALFACE((15,16,33,32));
#13904=IFCINDEXEDPOLYGONALFACE((8,9,26,25));
#13905=IFCINDEXEDPOLYGONALFACE((1,2,19,36));
#13906=IFCINDEXEDPOLYGONALFACE((16,17,34,33));
#13907=IFCINDEXEDPOLYGONALFACE((9,10,27,26));
#13908=IFCINDEXEDPOLYGONALFACE((2,3,20,19));
#13909=IFCINDEXEDPOLYGONALFACE((17,18,35,34));
#13910=IFCINDEXEDPOLYGONALFACE((10,11,28,27));
#13911=IFCINDEXEDPOLYGONALFACE((3,4,21,20));
#13912=IFCINDEXEDPOLYGONALFACE((18,1,36,35));
#13913=IFCINDEXEDPOLYGONALFACE((11,12,29,28));
#13914=IFCINDEXEDPOLYGONALFACE((4,5,22,21));
#13915=IFCINDEXEDPOLYGONALFACE((12,13,30,29));
#13916=IFCCARTESIANPOINTLIST3D(((0.,0.,0.),(0.,0.,0.22499999403953552),(0.18692508339881897,0.,0.22499999403953552),(0.18692508339881897,0.,0.44999998807907104),(0.37385016679763794,0.,0.44999998807907104),(0.37385016679763794,0.,0.67499995231628418),(0.5607752799987793,0.,0.67499995231628418),(0.5607752799987793,0.,0.89999997615814209),(0.74770033359527588,0.,0.89999997615814209),(0.74770033359527588,0.,1.125),(0.93462538719177246,0.,1.125),(0.93462538719177246,0.,1.3500000238418579),(1.121550440788269,0.,1.3500000238418579),(1.121550440788269,0.,1.5750000476837158),(1.3084754943847656,0.,1.5750000476837158),(1.3084754943847656,0.,1.8000000715255737),(1.4954005479812622,0.,1.8000000715255737),(1.4954005479812622,0.,0.),(0.,0.84213697910308838,0.22499999403953552),(0.18692508339881897,0.84213697910308838,0.22499999403953552),(0.18692508339881897,0.84213697910308838,0.44999998807907104),(0.37385016679763794,0.84213697910308838,0.44999998807907104),(0.37385016679763794,0.84213697910308838,0.67499995231628418),(0.5607752799987793,0.84213697910308838,0.67499995231628418),(0.5607752799987793,0.84213697910308838,0.89999997615814209),(0.74770033359527588,0.84213697910308838,0.89999997615814209),(0.74770033359527588,0.84213697910308838,1.125),(0.93462538719177246,0.84213697910308838,1.125),(0.93462538719177246,0.84213697910308838,1.3500000238418579),(1.121550440788269,0.84213697910308838,1.3500000238418579),(1.121550440788269,0.84213697910308838,1.5750000476837158),(1.3084754943847656,0.84213697910308838,1.5750000476837158),(1.3084754943847656,0.84213697910308838,1.8000000715255737),(1.4954005479812622,0.84213697910308838,1.8000000715255737),(1.4954005479812622,0.84213697910308838,0.),(0.,0.84213697910308838,0.)));
#13917=IFCPOLYGONALFACESET(#13916,.T.,(#13896,#13897,#13898,#13899,#13900,#13901,#13902,#13903,#13904,#13905,#13906,#13907,#13908,#13909,#13910,#13911,#13912,#13913,#13914,#13915),$);
#13918=IFCSHAPEREPRESENTATION(#11,'Body','Tessellation',(#13917));
#13920=IFCCARTESIANPOINT((0.,0.,0.));
#13921=IFCBOUNDINGBOX(#13920,1.4954005479812622,0.84213697910308838,1.8000000715255737);
#13922=IFCSHAPEREPRESENTATION(#13,'Box','BoundingBox',(#13921));
#13923=IFCCARTESIANPOINT((0.,0.,0.));
#13924=IFCDIRECTION((1.,0.,0.));
#13925=IFCDIRECTION((0.,0.,1.));
#13926=IFCAXIS2PLACEMENT3D(#13923,#13925,#13924);
#13927=IFCREPRESENTATIONMAP(#13926,#13922);
#13928=IFCCARTESIANPOINT((0.,0.,0.));
#13929=IFCDIRECTION((1.,0.,0.));
#13930=IFCDIRECTION((0.,1.,0.));
#13931=IFCDIRECTION((0.,0.,1.));
#13932=IFCCARTESIANTRANSFORMATIONOPERATOR3D(#13929,#13930,#13928,1.,#13931);
#13933=IFCMAPPEDITEM(#13927,#13932);
#13934=IFCSHAPEREPRESENTATION(#13,'Box','MappedRepresentation',(#13933));
#13936=IFCRELDEFINESBYTYPE('0Ib2Pshbn0KhlrMm8LAEL8',$,$,$,(#14538),#13840);
#14036=IFCCARTESIANPOINT((3.3107569217681885,2.2751255035400391,1.9046180248260498));
#14037=IFCDIRECTION((0.,0.,1.));
#14038=IFCDIRECTION((1.,0.,0.));
#14039=IFCAXIS2PLACEMENT3D(#14036,#14037,#14038);
#14040=IFCLOCALPLACEMENT(#79,#14039);
#14041=IFCCARTESIANPOINT((1.8206069469451904,0.49188220500946045,0.10461798310279846));
#14042=IFCDIRECTION((0.,0.,1.));
#14043=IFCDIRECTION((1.,0.,0.));
#14044=IFCAXIS2PLACEMENT3D(#14041,#14042,#14043);
#14045=IFCLOCALPLACEMENT(#79,#14044);
#14083=IFCRAILINGTYPE('3fvxiWKejFZBTGx6iMhMox',$,'Stair-2',$,$,(#14084,#14086),(#14088,#14759),$,$,.USERDEFINED.);
#14084=IFCPROPERTYSET('2tK1EVAaTBW9RbRhBPRuo6',$,'BBIM_Railing',$,(#14085));
#14085=IFCPROPERTYSINGLEVALUE('Data',$,IFCTEXT('{"railing_type": "FRAMELESS_PANEL", "height": 0.699999988079071, "thickness": 0.05000000074505806, "spacing": 0.05000000074505806, "path_data": {"edges": [[0, 1], [1, 2]], "verts": [[-0.9750001430511475, -0.04999995231628418, 0.30980005860328674], [-0.2022995948791504, -0.04999995231628418, 1.2436537742614746], [0.5454006195068359, -0.051228880882263184, 2.1436538696289062]]}}'),$);
#14086=IFCPROPERTYSET('3lkR50oLTDWPcXYMEH7GCf',$,'Pset_RailingCommon',$,(#14087));
#14087=IFCPROPERTYSINGLEVALUE('Height',$,IFCPOSITIVELENGTHMEASURE(0.69999998807907104),$);
#14088=IFCREPRESENTATIONMAP(#14089,#14750);
#14089=IFCAXIS2PLACEMENT3D(#14090,#14091,#14092);
#14090=IFCCARTESIANPOINT((0.,0.,0.));
#14091=IFCDIRECTION((0.,0.,1.));
#14092=IFCDIRECTION((1.,0.,0.));
#14137=IFCRELDEFINESBYTYPE('0961xGojL40wJ$5bJ$y5Ij',$,$,$,(#14437),#14083);
#14437=IFCRAILING('3AR8i_RPX1nwnF6RHw$9JU',$,'Railing',$,'FRAMELESS_PANEL',#15172,#14445,$,.USERDEFINED.);
#14438=IFCCARTESIANPOINT((0.,0.,0.));
#14439=IFCDIRECTION((1.,0.,0.));
#14440=IFCDIRECTION((0.,1.,0.));
#14441=IFCDIRECTION((0.,0.,1.));
#14442=IFCCARTESIANTRANSFORMATIONOPERATOR3D(#14439,#14440,#14438,1.,#14441);
#14443=IFCMAPPEDITEM(#14088,#14442);
#14444=IFCSHAPEREPRESENTATION(#11,'Body','MappedRepresentation',(#14443));
#14445=IFCPRODUCTDEFINITIONSHAPE($,$,(#14444,#14766));
#14538=IFCRAILING('3YzerBou129fBY2sK80iNe',$,'Railing',$,'FRAMELESS_PANEL',#15177,#14546,$,.USERDEFINED.);
#14539=IFCCARTESIANPOINT((0.,0.,0.));
#14540=IFCDIRECTION((1.,0.,0.));
#14541=IFCDIRECTION((0.,1.,0.));
#14542=IFCDIRECTION((0.,0.,1.));
#14543=IFCCARTESIANTRANSFORMATIONOPERATOR3D(#14540,#14541,#14539,1.,#14542);
#14544=IFCMAPPEDITEM(#13845,#14543);
#14545=IFCSHAPEREPRESENTATION(#11,'Body','MappedRepresentation',(#14544));
#14546=IFCPRODUCTDEFINITIONSHAPE($,$,(#14545,#14805));
#14736=IFCINDEXEDPOLYGONALFACE((16,19,18,17));
#14737=IFCINDEXEDPOLYGONALFACE((20,23,22,21));
#14738=IFCINDEXEDPOLYGONALFACE((5,11,10,4,8,9));
#14739=IFCINDEXEDPOLYGONALFACE((7,15,14,6,12,13));
#14740=IFCINDEXEDPOLYGONALFACE((6,14,21,22,12));
#14741=IFCINDEXEDPOLYGONALFACE((9,19,16,11,5));
#14742=IFCINDEXEDPOLYGONALFACE((7,13,23,20,15));
#14743=IFCINDEXEDPOLYGONALFACE((11,16,17,10));
#14744=IFCINDEXEDPOLYGONALFACE((8,18,19,9));
#14745=IFCINDEXEDPOLYGONALFACE((12,22,23,13));
#14746=IFCINDEXEDPOLYGONALFACE((15,20,21,14));
#14747=IFCINDEXEDPOLYGONALFACE((10,17,18,8,4));
#14748=IFCCARTESIANPOINTLIST3D(((-0.97500014305114746,-0.04999995231628418,0.30980005860328674),(-0.20229959487915039,-0.04999995231628418,1.2436537742614746),(0.54540061950683594,-0.051228880882263184,2.1436538696289062),(-0.95000016689300537,-0.04999995231628418,0.3400140106678009),(-0.22729960083961487,-0.04999995231628418,1.2134398221969604),(-0.17729963362216949,-0.050041042268276215,1.2737460136413574),(0.52040064334869385,-0.051187790930271149,2.1135616302490234),(-0.95000016689300537,-0.024999953806400299,0.3400140106678009),(-0.22729960083961487,-0.024999953806400299,1.2134398221969604),(-0.95000016689300537,-0.07499995082616806,0.3400140106678009),(-0.22729960083961487,-0.07499995082616806,1.2134398221969604),(-0.17725853621959686,-0.025041075423359871,1.2737460136413574),(0.52044171094894409,-0.026187824085354805,2.1135616302490234),(-0.17734073102474213,-0.075041010975837708,1.2737460136413574),(0.5203595757484436,-0.076187759637832642,2.1135616302490234),(-0.22729960083961487,-0.07499995082616806,1.9134397506713867),(-0.95000016689300537,-0.07499995082616806,1.0400140285491943),(-0.95000016689300537,-0.024999953806400299,1.0400140285491943),(-0.22729960083961487,-0.024999953806400299,1.9134397506713867),(0.5203595757484436,-0.076187759637832642,2.8135616779327393),(-0.17734073102474213,-0.075041010975837708,1.9737460613250732),(-0.17725853621959686,-0.025041075423359871,1.9737460613250732),(0.52044171094894409,-0.026187824085354805,2.8135616779327393)));
#14749=IFCPOLYGONALFACESET(#14748,.F.,(#14736,#14737,#14738,#14739,#14740,#14741,#14742,#14743,#14744,#14745,#14746,#14747),$);
#14750=IFCSHAPEREPRESENTATION(#11,'Body','Tessellation',(#14749));
#14752=IFCCARTESIANPOINT((-0.97500014305114746,-0.076187759637832642,0.30980005860328674));
#14753=IFCBOUNDINGBOX(#14752,1.5204007625579834,0.051187805831432343,2.5037615299224854);
#14754=IFCSHAPEREPRESENTATION(#13,'Box','BoundingBox',(#14753));
#14755=IFCCARTESIANPOINT((0.,0.,0.));
#14756=IFCDIRECTION((1.,0.,0.));
#14757=IFCDIRECTION((0.,0.,1.));
#14758=IFCAXIS2PLACEMENT3D(#14755,#14757,#14756);
#14759=IFCREPRESENTATIONMAP(#14758,#14754);
#14760=IFCCARTESIANPOINT((0.,0.,0.));
#14761=IFCDIRECTION((1.,0.,0.));
#14762=IFCDIRECTION((0.,1.,0.));
#14763=IFCDIRECTION((0.,0.,1.));
#14764=IFCCARTESIANTRANSFORMATIONOPERATOR3D(#14761,#14762,#14760,1.,#14763);
#14765=IFCMAPPEDITEM(#14759,#14764);
#14766=IFCSHAPEREPRESENTATION(#13,'Box','MappedRepresentation',(#14765));
#14774=IFCINDEXEDPOLYGONALFACE((11,14,13,12));
#14775=IFCINDEXEDPOLYGONALFACE((4,9,8,3,6,7));
#14776=IFCINDEXEDPOLYGONALFACE((4,7,14,11,9));
#14777=IFCINDEXEDPOLYGONALFACE((6,13,14,7));
#14778=IFCINDEXEDPOLYGONALFACE((8,12,13,6,3));
#14779=IFCINDEXEDPOLYGONALFACE((9,11,12,8));
#14780=IFCCARTESIANPOINTLIST3D(((-0.0043730735778808594,0.,0.),(0.86499702930450439,0.,0.),(0.045668028295040131,0.,0.),(0.8399970531463623,0.,0.),(0.02062692679464817,0.,0.),(0.045668028295040131,0.02500000037252903,0.),(0.8399970531463623,0.02500000037252903,0.),(0.045668028295040131,-0.02500000037252903,0.),(0.8399970531463623,-0.02500000037252903,0.),(0.02062692679464817,0.,0.69999998807907104),(0.8399970531463623,-0.02500000037252903,0.69999998807907104),(0.045668028295040131,-0.02500000037252903,0.69999998807907104),(0.045668028295040131,0.02500000037252903,0.69999998807907104),(0.8399970531463623,0.02500000037252903,0.69999998807907104)));
#14781=IFCPOLYGONALFACESET(#14780,.F.,(#14774,#14775,#14776,#14777,#14778,#14779),$);
#14782=IFCSHAPEREPRESENTATION(#11,'Body','Tessellation',(#14781));
#14784=IFCCARTESIANPOINT((-0.0043730735778808594,-0.02500000037252903,0.));
#14785=IFCBOUNDINGBOX(#14784,0.86937010288238525,0.05000000074505806,0.69999998807907104);
#14786=IFCSHAPEREPRESENTATION(#13,'Box','BoundingBox',(#14785));
#14787=IFCCARTESIANPOINT((0.,0.,0.));
#14788=IFCDIRECTION((1.,0.,0.));
#14789=IFCDIRECTION((0.,0.,1.));
#14790=IFCAXIS2PLACEMENT3D(#14787,#14789,#14788);
#14791=IFCREPRESENTATIONMAP(#14790,#14786);
#14799=IFCCARTESIANPOINT((0.,0.,0.));
#14800=IFCDIRECTION((1.,0.,0.));
#14801=IFCDIRECTION((0.,1.,0.));
#14802=IFCDIRECTION((0.,0.,1.));
#14803=IFCCARTESIANTRANSFORMATIONOPERATOR3D(#14800,#14801,#14799,1.,#14802);
#14804=IFCMAPPEDITEM(#14791,#14803);
#14805=IFCSHAPEREPRESENTATION(#13,'Box','MappedRepresentation',(#14804));
#14830=IFCRAILINGTYPE('2x4WipEZf2agQYHNZtpKFG',$,'Stair-3',$,$,(#14831,#14833),(#14835,#14855),$,$,.USERDEFINED.);
#14831=IFCPROPERTYSET('2TcnITJX57vuVtjrMgsRzS',$,'BBIM_Railing',$,(#14832));
#14832=IFCPROPERTYSINGLEVALUE('Data',$,IFCTEXT('{"railing_type": "FRAMELESS_PANEL", "height": 0.699999988079071, "thickness": 0.05000000074505806, "spacing": 0.05000000074505806, "path_data": {"edges": [[0, 1], [1, 2]], "verts": [[-0.9750001430511475, -0.04999995231628418, 0.30980005860328674], [-0.2022995948791504, -0.04999995231628418, 1.2436537742614746], [0.5454006195068359, -0.051228880882263184, 2.1436538696289062]]}}'),$);
#14833=IFCPROPERTYSET('14BQt$yHvBtelt3WTqyB68',$,'Pset_RailingCommon',$,(#14834));
#14834=IFCPROPERTYSINGLEVALUE('Height',$,IFCPOSITIVELENGTHMEASURE(0.69999998807907104),$);
#14835=IFCREPRESENTATIONMAP(#14836,#14840);
#14836=IFCAXIS2PLACEMENT3D(#14837,#14838,#14839);
#14837=IFCCARTESIANPOINT((0.,0.,0.));
#14838=IFCDIRECTION((0.,0.,1.));
#14839=IFCDIRECTION((1.,0.,0.));
#14840=IFCSHAPEREPRESENTATION(#11,'Body','Tessellation',(#14841));
#14841=IFCPOLYGONALFACESET(#14842,.F.,(#14843,#14844,#14845,#14846,#14847,#14848,#14849,#14850,#14851,#14852,#14853,#14854),$);
#14842=IFCCARTESIANPOINTLIST3D(((-0.97500014305114746,-0.04999995231628418,0.30980005860328674),(-0.20229959487915039,-0.04999995231628418,1.2436537742614746),(0.54540061950683594,-0.051228880882263184,2.1436538696289062),(-0.95000016689300537,-0.04999995231628418,0.3400140106678009),(-0.22729960083961487,-0.04999995231628418,1.2134398221969604),(-0.17729963362216949,-0.050041042268276215,1.2737460136413574),(0.52040064334869385,-0.051187790930271149,2.1135616302490234),(-0.95000016689300537,-0.024999953806400299,0.3400140106678009),(-0.22729960083961487,-0.024999953806400299,1.2134398221969604),(-0.95000016689300537,-0.07499995082616806,0.3400140106678009),(-0.22729960083961487,-0.07499995082616806,1.2134398221969604),(-0.17725853621959686,-0.025041075423359871,1.2737460136413574),(0.52044171094894409,-0.026187824085354805,2.1135616302490234),(-0.17734073102474213,-0.075041010975837708,1.2737460136413574),(0.5203595757484436,-0.076187759637832642,2.1135616302490234),(-0.22729960083961487,-0.07499995082616806,1.9134397506713867),(-0.95000016689300537,-0.07499995082616806,1.0400140285491943),(-0.95000016689300537,-0.024999953806400299,1.0400140285491943),(-0.22729960083961487,-0.024999953806400299,1.9134397506713867),(0.5203595757484436,-0.076187759637832642,2.8135616779327393),(-0.17734073102474213,-0.075041010975837708,1.9737460613250732),(-0.17725853621959686,-0.025041075423359871,1.9737460613250732),(0.52044171094894409,-0.026187824085354805,2.8135616779327393)));
#14843=IFCINDEXEDPOLYGONALFACE((16,19,18,17));
#14844=IFCINDEXEDPOLYGONALFACE((20,23,22,21));
#14845=IFCINDEXEDPOLYGONALFACE((5,11,10,4,8,9));
#14846=IFCINDEXEDPOLYGONALFACE((7,15,14,6,12,13));
#14847=IFCINDEXEDPOLYGONALFACE((6,14,21,22,12));
#14848=IFCINDEXEDPOLYGONALFACE((9,19,16,11,5));
#14849=IFCINDEXEDPOLYGONALFACE((7,13,23,20,15));
#14850=IFCINDEXEDPOLYGONALFACE((11,16,17,10));
#14851=IFCINDEXEDPOLYGONALFACE((8,18,19,9));
#14852=IFCINDEXEDPOLYGONALFACE((12,22,23,13));
#14853=IFCINDEXEDPOLYGONALFACE((15,20,21,14));
#14854=IFCINDEXEDPOLYGONALFACE((10,17,18,8,4));
#14855=IFCREPRESENTATIONMAP(#14856,#14860);
#14856=IFCAXIS2PLACEMENT3D(#14857,#14858,#14859);
#14857=IFCCARTESIANPOINT((0.,0.,0.));
#14858=IFCDIRECTION((0.,0.,1.));
#14859=IFCDIRECTION((1.,0.,0.));
#14860=IFCSHAPEREPRESENTATION(#13,'Box','BoundingBox',(#14861));
#14861=IFCBOUNDINGBOX(#14862,1.5204007625579834,0.051187805831432343,2.5037615299224854);
#14862=IFCCARTESIANPOINT((-0.97500014305114746,-0.076187759637832642,0.30980005860328674));
#14863=IFCRAILING('0zpsD8rqbB8wtahB$KOi2o',$,'Railing',$,$,#15182,#14872,$,$);
#14864=IFCRELDEFINESBYTYPE('3$_ExLRNvCIek30NW0QYUh',$,$,$,(#14863),#14830);
#14865=IFCCARTESIANPOINT((0.,0.,0.));
#14866=IFCDIRECTION((1.,0.,0.));
#14867=IFCDIRECTION((0.,1.,0.));
#14868=IFCDIRECTION((0.,0.,1.));
#14869=IFCCARTESIANTRANSFORMATIONOPERATOR3D(#14866,#14867,#14865,1.,#14868);
#14870=IFCMAPPEDITEM(#14835,#14869);
#14871=IFCSHAPEREPRESENTATION(#11,'Body','MappedRepresentation',(#14870));
#14872=IFCPRODUCTDEFINITIONSHAPE($,$,(#14871,#14879));
#14873=IFCCARTESIANPOINT((0.,0.,0.));
#14874=IFCDIRECTION((1.,0.,0.));
#14875=IFCDIRECTION((0.,1.,0.));
#14876=IFCDIRECTION((0.,0.,1.));
#14877=IFCCARTESIANTRANSFORMATIONOPERATOR3D(#14874,#14875,#14873,1.,#14876);
#14878=IFCMAPPEDITEM(#14855,#14877);
#14879=IFCSHAPEREPRESENTATION(#13,'Box','MappedRepresentation',(#14878));
#14885=IFCRAILINGTYPE('2FyS90Ulr78e8vhwkaBxrd',$,'Stair-4',$,$,(#14886,#14888),(#14890,#14904),$,$,.USERDEFINED.);
#14886=IFCPROPERTYSET('0CqkICZvL6A9hiIlOWcD7w',$,'BBIM_Railing',$,(#14887));
#14887=IFCPROPERTYSINGLEVALUE('Data',$,IFCTEXT('{"railing_type": "FRAMELESS_PANEL", "height": 0.699999988079071, "thickness": 0.05000000074505806, "spacing": 0.05000000074505806, "path_data": {"edges": [[0, 1], [1, 2]], "verts": [[-0.004373073577880859, 0.0, 0.0], [0.02066802978515625, 0.0, 0.0], [0.8649970293045044, 0.0, 0.0]]}}'),$);
#14888=IFCPROPERTYSET('293NUZHn18xAYxhXK8xHWH',$,'Pset_RailingCommon',$,(#14889));
#14889=IFCPROPERTYSINGLEVALUE('Height',$,IFCPOSITIVELENGTHMEASURE(0.69999998807907104),$);
#14890=IFCREPRESENTATIONMAP(#14891,#14895);
#14891=IFCAXIS2PLACEMENT3D(#14892,#14893,#14894);
#14892=IFCCARTESIANPOINT((0.,0.,0.));
#14893=IFCDIRECTION((0.,0.,1.));
#14894=IFCDIRECTION((1.,0.,0.));
#14895=IFCSHAPEREPRESENTATION(#11,'Body','Tessellation',(#14896));
#14896=IFCPOLYGONALFACESET(#14897,.F.,(#14898,#14899,#14900,#14901,#14902,#14903),$);
#14897=IFCCARTESIANPOINTLIST3D(((-0.0043730735778808594,0.,0.),(0.86499702930450439,0.,0.),(0.045668028295040131,0.,0.),(0.8399970531463623,0.,0.),(0.02062692679464817,0.,0.),(0.045668028295040131,0.02500000037252903,0.),(0.8399970531463623,0.02500000037252903,0.),(0.045668028295040131,-0.02500000037252903,0.),(0.8399970531463623,-0.02500000037252903,0.),(0.02062692679464817,0.,0.69999998807907104),(0.8399970531463623,-0.02500000037252903,0.69999998807907104),(0.045668028295040131,-0.02500000037252903,0.69999998807907104),(0.045668028295040131,0.02500000037252903,0.69999998807907104),(0.8399970531463623,0.02500000037252903,0.69999998807907104)));
#14898=IFCINDEXEDPOLYGONALFACE((11,14,13,12));
#14899=IFCINDEXEDPOLYGONALFACE((4,9,8,3,6,7));
#14900=IFCINDEXEDPOLYGONALFACE((4,7,14,11,9));
#14901=IFCINDEXEDPOLYGONALFACE((6,13,14,7));
#14902=IFCINDEXEDPOLYGONALFACE((8,12,13,6,3));
#14903=IFCINDEXEDPOLYGONALFACE((9,11,12,8));
#14904=IFCREPRESENTATIONMAP(#14905,#14909);
#14905=IFCAXIS2PLACEMENT3D(#14906,#14907,#14908);
#14906=IFCCARTESIANPOINT((0.,0.,0.));
#14907=IFCDIRECTION((0.,0.,1.));
#14908=IFCDIRECTION((1.,0.,0.));
#14909=IFCSHAPEREPRESENTATION(#13,'Box','BoundingBox',(#14910));
#14910=IFCBOUNDINGBOX(#14911,0.86937010288238525,0.05000000074505806,0.69999998807907104);
#14911=IFCCARTESIANPOINT((-0.0043730735778808594,-0.02500000037252903,0.));
#14912=IFCRAILING('1Q6PfBi$PFExzS0LV9nkPX',$,'Railing',$,$,#15187,#14921,$,$);
#14913=IFCRELDEFINESBYTYPE('0rj0sSwiDFBhZeraNT3rsc',$,$,$,(#14912),#14885);
#14914=IFCCARTESIANPOINT((0.,0.,0.));
#14915=IFCDIRECTION((1.,0.,0.));
#14916=IFCDIRECTION((0.,1.,0.));
#14917=IFCDIRECTION((0.,0.,1.));
#14918=IFCCARTESIANTRANSFORMATIONOPERATOR3D(#14915,#14916,#14914,1.,#14917);
#14919=IFCMAPPEDITEM(#14890,#14918);
#14920=IFCSHAPEREPRESENTATION(#11,'Body','MappedRepresentation',(#14919));
#14921=IFCPRODUCTDEFINITIONSHAPE($,$,(#14920,#14928));
#14922=IFCCARTESIANPOINT((0.,0.,0.));
#14923=IFCDIRECTION((1.,0.,0.));
#14924=IFCDIRECTION((0.,1.,0.));
#14925=IFCDIRECTION((0.,0.,1.));
#14926=IFCCARTESIANTRANSFORMATIONOPERATOR3D(#14923,#14924,#14922,1.,#14925);
#14927=IFCMAPPEDITEM(#14904,#14926);
#14928=IFCSHAPEREPRESENTATION(#13,'Box','MappedRepresentation',(#14927));
#15113=IFCRAILINGTYPE('16fOwlKgnCJ8wES3rTJKMY',$,'Stair-6',$,$,(#15114,#15116),(#15118,#15520),$,$,.USERDEFINED.);
#15114=IFCPROPERTYSET('1Io4_etOj3axDj9kVHn$uO',$,'BBIM_Railing',$,(#15115));
#15115=IFCPROPERTYSINGLEVALUE('Data',$,IFCTEXT('{"railing_type": "FRAMELESS_PANEL", "height": 0.699999988079071, "thickness": 0.05000000074505806, "spacing": 0.05000000074505806, "path_data": {"edges": [[0, 1], [1, 2]], "verts": [[-0.9470090866088867, -0.024126887321472168, 1.478940486907959], [-0.20329856872558594, -0.021135330200195312, 0.9323337078094482], [0.5654115676879883, -0.0268937349319458, 0.3560941219329834]]}}'),$);
#15116=IFCPROPERTYSET('2ZS$BNxBn5YOhvL5h6XaAD',$,'Pset_RailingCommon',$,(#15117));
#15117=IFCPROPERTYSINGLEVALUE('Height',$,IFCPOSITIVELENGTHMEASURE(0.69999998807907104),$);
#15118=IFCREPRESENTATIONMAP(#15119,#15511);
#15119=IFCAXIS2PLACEMENT3D(#15120,#15121,#15122);
#15120=IFCCARTESIANPOINT((0.,0.,0.));
#15121=IFCDIRECTION((0.,0.,1.));
#15122=IFCDIRECTION((1.,0.,0.));
#15146=IFCRAILING('1V3xxwRS5DO9IHCiuAVzOQ',$,'Railing',$,'FRAMELESS_PANEL',#15587,#15155,$,.USERDEFINED.);
#15147=IFCRELDEFINESBYTYPE('1mpWDgF_HB4wyaWT$r5jq6',$,$,$,(#15146),#15113);
#15148=IFCCARTESIANPOINT((0.,0.,0.));
#15149=IFCDIRECTION((1.,0.,0.));
#15150=IFCDIRECTION((0.,1.,0.));
#15151=IFCDIRECTION((0.,0.,1.));
#15152=IFCCARTESIANTRANSFORMATIONOPERATOR3D(#15149,#15150,#15148,1.,#15151);
#15153=IFCMAPPEDITEM(#15118,#15152);
#15154=IFCSHAPEREPRESENTATION(#11,'Body','MappedRepresentation',(#15153));
#15155=IFCPRODUCTDEFINITIONSHAPE($,$,(#15154,#15527));
#15168=IFCCARTESIANPOINT((2.7706069946289062,0.56926405429840088,-0.23903587460517883));
#15169=IFCDIRECTION((0.,0.,1.));
#15170=IFCDIRECTION((1.,0.,0.));
#15171=IFCAXIS2PLACEMENT3D(#15168,#15169,#15170);
#15172=IFCLOCALPLACEMENT(#79,#15171);
#15173=IFCCARTESIANPOINT((3.2953395843505859,0.51807630062103271,1.9046180248260498));
#15174=IFCDIRECTION((0.,0.,1.));
#15175=IFCDIRECTION((1.,0.,0.));
#15176=IFCAXIS2PLACEMENT3D(#15173,#15174,#15175);
#15177=IFCLOCALPLACEMENT(#79,#15176);
#15178=IFCCARTESIANPOINT((2.7729353904724121,1.3532612323760986,-0.23539593815803528));
#15179=IFCDIRECTION((0.,0.,1.));
#15180=IFCDIRECTION((1.,0.,0.));
#15181=IFCAXIS2PLACEMENT3D(#15178,#15179,#15180);
#15182=IFCLOCALPLACEMENT(#79,#15181);
#15183=IFCCARTESIANPOINT((3.2909667491912842,2.2547094821929932,1.9046180248260498));
#15184=IFCDIRECTION((0.,0.,1.));
#15185=IFCDIRECTION((1.,0.,0.));
#15186=IFCAXIS2PLACEMENT3D(#15183,#15184,#15185);
#15187=IFCLOCALPLACEMENT(#79,#15186);
#15198=IFCSLABTYPE('15kfqOe6n7kgBc0P4NXtjv',$,'Slab Opening',$,$,(#15202),$,$,$,.FLOOR.);
#15199=IFCMATERIALLAYERSET((#15201),$,$);
#15200=IFCRELASSOCIATESMATERIAL('2zwsaxkxbBahyV$xxJK8MP',$,$,$,(#15198),#15199);
#15201=IFCMATERIALLAYER(#81,0.10000000000000001,$,$,$,$,$);
#15202=IFCPROPERTYSET('2M$NHpdbb8gOLNZ3l307cm',$,'EPset_Parametric',$,(#15203));
#15203=IFCPROPERTYSINGLEVALUE('LayerSetDirection',$,IFCLABEL('AXIS3'),$);
#15227=IFCOPENINGELEMENT('1U7ltLMlD8Tx86BrMoV_qG',$,'Opening',$,$,#15232,$,$,.OPENING.);
#15228=IFCCARTESIANPOINT((2.5245597362518311,4.7074880599975586,-1.4901161415892261E-09));
#15229=IFCDIRECTION((0.,0.99999999999999711,7.5497901264043109E-08));
#15230=IFCDIRECTION((1.,0.,0.));
#15231=IFCAXIS2PLACEMENT3D(#15228,#15229,#15230);
#15232=IFCLOCALPLACEMENT($,#15231);
#15233=IFCOPENINGELEMENT('2fdv5YJWDF7QlLjAucFP1n',$,'Opening',$,$,#15238,$,$,.OPENING.);
#15234=IFCCARTESIANPOINT((2.5245597362518311,4.7074880599975586,-1.4901161415892261E-09));
#15235=IFCDIRECTION((0.,0.99999999999999711,7.5497901264043109E-08));
#15236=IFCDIRECTION((1.,0.,0.));
#15237=IFCAXIS2PLACEMENT3D(#15234,#15235,#15236);
#15238=IFCLOCALPLACEMENT($,#15237);
#15275=IFCCARTESIANPOINT((2.5245597362518311,4.7074880599975586,-1.4901161415892261E-09));
#15276=IFCDIRECTION((0.,-1.192092895507804E-07,0.99999999999999289));
#15277=IFCDIRECTION((1.,0.,0.));
#15278=IFCAXIS2PLACEMENT3D(#15275,#15276,#15277);
#15279=IFCLOCALPLACEMENT(#79,#15278);
#15391=IFCINDEXEDPOLYGONALFACE((2,1,16,15,14,13,12,11,10,9,8,7,6,5,4,3));
#15392=IFCINDEXEDPOLYGONALFACE((17,18,19,20,21,22,23,24,25,26,27,28,29,30,31,32));
#15393=IFCINDEXEDPOLYGONALFACE((4,5,20,19));
#15394=IFCINDEXEDPOLYGONALFACE((12,13,28,27));
#15395=IFCINDEXEDPOLYGONALFACE((5,6,21,20));
#15396=IFCINDEXEDPOLYGONALFACE((13,14,29,28));
#15397=IFCINDEXEDPOLYGONALFACE((6,7,22,21));
#15398=IFCINDEXEDPOLYGONALFACE((14,15,30,29));
#15399=IFCINDEXEDPOLYGONALFACE((7,8,23,22));
#15400=IFCINDEXEDPOLYGONALFACE((15,16,31,30));
#15401=IFCINDEXEDPOLYGONALFACE((8,9,24,23));
#15402=IFCINDEXEDPOLYGONALFACE((1,2,17,32));
#15403=IFCINDEXEDPOLYGONALFACE((16,1,32,31));
#15404=IFCINDEXEDPOLYGONALFACE((9,10,25,24));
#15405=IFCINDEXEDPOLYGONALFACE((2,3,18,17));
#15406=IFCINDEXEDPOLYGONALFACE((10,11,26,25));
#15407=IFCINDEXEDPOLYGONALFACE((3,4,19,18));
#15408=IFCINDEXEDPOLYGONALFACE((11,12,27,26));
#15409=IFCCARTESIANPOINTLIST3D(((0.,0.,0.),(0.,0.,0.1561734676361084),(0.21248869597911835,0.,0.1561734676361084),(0.21248869597911835,0.,0.3123469352722168),(0.42497739195823669,0.,0.3123469352722168),(0.42497739195823669,0.,0.4685204029083252),(0.63746607303619385,0.,0.4685204029083252),(0.63746607303619385,0.,0.62469387054443359),(0.84995478391647339,0.,0.62469387054443359),(0.84995478391647339,0.,0.78086733818054199),(1.0624434947967529,0.,0.78086733818054199),(1.0624434947967529,0.,0.93704080581665039),(1.2749321460723877,0.,0.93704080581665039),(1.2749321460723877,0.,1.0932142734527588),(1.4874207973480225,0.,1.0932142734527588),(1.4874207973480225,0.,0.),(0.,0.94388884305953979,0.1561734676361084),(0.21248869597911835,0.94388884305953979,0.1561734676361084),(0.21248869597911835,0.94388884305953979,0.3123469352722168),(0.42497739195823669,0.94388884305953979,0.3123469352722168),(0.42497739195823669,0.94388884305953979,0.4685204029083252),(0.63746607303619385,0.94388884305953979,0.4685204029083252),(0.63746607303619385,0.94388884305953979,0.62469387054443359),(0.84995478391647339,0.94388884305953979,0.62469387054443359),(0.84995478391647339,0.94388884305953979,0.78086733818054199),(1.0624434947967529,0.94388884305953979,0.78086733818054199),(1.0624434947967529,0.94388884305953979,0.93704080581665039),(1.2749321460723877,0.94388884305953979,0.93704080581665039),(1.2749321460723877,0.94388884305953979,1.0932142734527588),(1.4874207973480225,0.94388884305953979,1.0932142734527588),(1.4874207973480225,0.94388884305953979,0.),(0.,0.94388884305953979,0.)));
#15410=IFCPOLYGONALFACESET(#15409,.T.,(#15391,#15392,#15393,#15394,#15395,#15396,#15397,#15398,#15399,#15400,#15401,#15402,#15403,#15404,#15405,#15406,#15407,#15408),$);
#15411=IFCSHAPEREPRESENTATION(#11,'Body','Tessellation',(#15410));
#15413=IFCCARTESIANPOINT((0.,0.,0.));
#15414=IFCBOUNDINGBOX(#15413,1.4874207973480225,0.94388884305953979,1.0932142734527588);
#15415=IFCSHAPEREPRESENTATION(#13,'Box','BoundingBox',(#15414));
#15416=IFCCARTESIANPOINT((0.,0.,0.));
#15417=IFCDIRECTION((1.,0.,0.));
#15418=IFCDIRECTION((0.,0.,1.));
#15419=IFCAXIS2PLACEMENT3D(#15416,#15418,#15417);
#15420=IFCREPRESENTATIONMAP(#15419,#15415);
#15421=IFCCARTESIANPOINT((0.,0.,0.));
#15422=IFCDIRECTION((1.,0.,0.));
#15423=IFCDIRECTION((0.,1.,0.));
#15424=IFCDIRECTION((0.,0.,1.));
#15425=IFCCARTESIANTRANSFORMATIONOPERATOR3D(#15422,#15423,#15421,1.,#15424);
#15426=IFCMAPPEDITEM(#15420,#15425);
#15427=IFCSHAPEREPRESENTATION(#13,'Box','MappedRepresentation',(#15426));
#15497=IFCINDEXEDPOLYGONALFACE((16,19,18,17));
#15498=IFCINDEXEDPOLYGONALFACE((20,23,22,21));
#15499=IFCINDEXEDPOLYGONALFACE((5,11,10,4,8,9));
#15500=IFCINDEXEDPOLYGONALFACE((7,15,14,6,12,13));
#15501=IFCINDEXEDPOLYGONALFACE((11,16,17,10));
#15502=IFCINDEXEDPOLYGONALFACE((8,18,19,9));
#15503=IFCINDEXEDPOLYGONALFACE((7,13,23,20,15));
#15504=IFCINDEXEDPOLYGONALFACE((5,9,19,16,11));
#15505=IFCINDEXEDPOLYGONALFACE((12,22,23,13));
#15506=IFCINDEXEDPOLYGONALFACE((14,21,22,12,6));
#15507=IFCINDEXEDPOLYGONALFACE((15,20,21,14));
#15508=IFCINDEXEDPOLYGONALFACE((4,10,17,18,8));
#15509=IFCCARTESIANPOINTLIST3D(((-0.94700908660888672,-0.024126887321472168,1.478940486907959),(-0.20329856872558594,-0.021135330200195312,0.93233370780944824),(0.56541156768798828,-0.026893734931945801,0.3560941219329834),(-0.92200928926467896,-0.024026326835155487,1.4605662822723389),(-0.2282983660697937,-0.021235890686511993,0.95070785284042358),(-0.17829927802085876,-0.021322600543498993,0.91359376907348633),(0.54041224718093872,-0.02670646458864212,0.37483406066894531),(-0.92210984230041504,0.00097347237169742584,1.4605662822723389),(-0.22839893400669098,0.0037639085203409195,0.95070785284042358),(-0.92190873622894287,-0.049026124179363251,1.4605662822723389),(-0.22819779813289642,-0.046235688030719757,0.95070785284042358),(-0.17811201512813568,0.0036766994744539261,0.91359376907348633),(0.540599524974823,-0.0017071645706892014,0.37483406066894531),(-0.17848654091358185,-0.046321898698806763,0.91359376907348633),(0.54022496938705444,-0.05170576274394989,0.37483406066894531),(-0.22819779813289642,-0.046235688030719757,1.6507078409194946),(-0.92190873622894287,-0.049026124179363251,2.1605663299560547),(-0.92210984230041504,0.00097347237169742584,2.1605663299560547),(-0.22839893400669098,0.0037639085203409195,1.6507078409194946),(0.54022496938705444,-0.05170576274394989,1.0748341083526611),(-0.17848654091358185,-0.046321898698806763,1.6135938167572021),(-0.17811201512813568,0.0036766994744539261,1.6135938167572021),(0.540599524974823,-0.0017071645706892014,1.0748341083526611)));
#15510=IFCPOLYGONALFACESET(#15509,.F.,(#15497,#15498,#15499,#15500,#15501,#15502,#15503,#15504,#15505,#15506,#15507,#15508),$);
#15511=IFCSHAPEREPRESENTATION(#11,'Body','Tessellation',(#15510));
#15513=IFCCARTESIANPOINT((-0.94700908660888672,-0.05170576274394989,0.3560941219329834));
#15514=IFCBOUNDINGBOX(#15513,1.512420654296875,0.05546966940164566,1.8044722080230713);
#15515=IFCSHAPEREPRESENTATION(#13,'Box','BoundingBox',(#15514));
#15516=IFCCARTESIANPOINT((0.,0.,0.));
#15517=IFCDIRECTION((1.,0.,0.));
#15518=IFCDIRECTION((0.,0.,1.));
#15519=IFCAXIS2PLACEMENT3D(#15516,#15518,#15517);
#15520=IFCREPRESENTATIONMAP(#15519,#15515);
#15521=IFCCARTESIANPOINT((0.,0.,0.));
#15522=IFCDIRECTION((1.,0.,0.));
#15523=IFCDIRECTION((0.,1.,0.));
#15524=IFCDIRECTION((0.,0.,1.));
#15525=IFCCARTESIANTRANSFORMATIONOPERATOR3D(#15522,#15523,#15521,1.,#15524);
#15526=IFCMAPPEDITEM(#15520,#15525);
#15527=IFCSHAPEREPRESENTATION(#13,'Box','MappedRepresentation',(#15526));
#15528=IFCRAILINGTYPE('2ulOoyiHr0pgYEunW2DIA3',$,'Stair-5',$,$,(#15529,#15531),(#15533,#15987),$,$,.USERDEFINED.);
#15529=IFCPROPERTYSET('1lSUc6$jb7wx_eFXtZWIrC',$,'BBIM_Railing',$,(#15530));
#15530=IFCPROPERTYSINGLEVALUE('Data',$,IFCTEXT('{"railing_type": "FRAMELESS_PANEL", "height": 0.699999988079071, "thickness": 0.05000000074505806, "spacing": 0.05000000074505806, "path_data": {"edges": [[0, 1], [1, 2]], "verts": [[-0.9470090866088867, -0.024126887321472168, 1.478940486907959], [-0.20329856872558594, -0.021135330200195312, 0.9323337078094482], [0.5654115676879883, -0.0268937349319458, 0.3560941219329834]]}}'),$);
#15531=IFCPROPERTYSET('07kbnW$rnB2gBMtFp3Mhuw',$,'Pset_RailingCommon',$,(#15532));
#15532=IFCPROPERTYSINGLEVALUE('Height',$,IFCPOSITIVELENGTHMEASURE(0.69999998807907104),$);
#15533=IFCREPRESENTATIONMAP(#15534,#15978);
#15534=IFCAXIS2PLACEMENT3D(#15535,#15536,#15537);
#15535=IFCCARTESIANPOINT((0.,0.,0.));
#15536=IFCDIRECTION((0.,0.,1.));
#15537=IFCDIRECTION((1.,0.,0.));
#15561=IFCRAILING('34hbC2OJD7COV694R6U$jX',$,'Railing',$,'FRAMELESS_PANEL',#15999,#15570,$,.USERDEFINED.);
#15562=IFCRELDEFINESBYTYPE('1g_3lW9LDE98TLFffkUyVt',$,$,$,(#15561),#15528);
#15563=IFCCARTESIANPOINT((0.,0.,0.));
#15564=IFCDIRECTION((1.,0.,0.));
#15565=IFCDIRECTION((0.,1.,0.));
#15566=IFCDIRECTION((0.,0.,1.));
#15567=IFCCARTESIANTRANSFORMATIONOPERATOR3D(#15564,#15565,#15563,1.,#15566);
#15568=IFCMAPPEDITEM(#15533,#15567);
#15569=IFCSHAPEREPRESENTATION(#11,'Body','MappedRepresentation',(#15568));
#15570=IFCPRODUCTDEFINITIONSHAPE($,$,(#15569,#15994));
#15583=IFCCARTESIANPOINT((2.7525906562805176,2.2713615894317627,1.5297839641571045));
#15584=IFCDIRECTION((0.,0.,1.));
#15585=IFCDIRECTION((1.,0.,0.));
#15586=IFCAXIS2PLACEMENT3D(#15583,#15584,#15585);
#15587=IFCLOCALPLACEMENT(#79,#15586);
#15598=IFCRAILINGTYPE('0z9TVplEz5NQ1sKY_xd8RN',$,'Railing-1-2F',$,$,(#15599,#15601),(#15603,#15834),$,$,.USERDEFINED.);
#15599=IFCPROPERTYSET('2$ZTcPlan8oBWiGQFYEOmY',$,'BBIM_Railing',$,(#15600));
#15600=IFCPROPERTYSINGLEVALUE('Data',$,IFCTEXT('{"railing_type": "FRAMELESS_PANEL", "height": 1.0, "thickness": 0.05000000074505806, "spacing": 0.0, "path_data": {"edges": [[0, 1], [1, 2]], "verts": [[0.7771364450454712, 0.0, 0.0], [0.03313863277435303, 0.0, 0.0], [2.333540439605713, 0.0, 0.0]]}}'),$);
#15601=IFCPROPERTYSET('2JZpftyaDFROdbvsMXe0Q9',$,'Pset_RailingCommon',$,(#15602));
#15602=IFCPROPERTYSINGLEVALUE('Height',$,IFCPOSITIVELENGTHMEASURE(1.),$);
#15603=IFCREPRESENTATIONMAP(#15604,#15825);
#15604=IFCAXIS2PLACEMENT3D(#15605,#15606,#15607);
#15605=IFCCARTESIANPOINT((0.,0.,0.));
#15606=IFCDIRECTION((0.,0.,1.));
#15607=IFCDIRECTION((1.,0.,0.));
#15625=IFCRAILING('0t4nVR4I12oPtSzTh18okH',$,'Railing',$,'FRAMELESS_PANEL',#17926,#15634,$,.USERDEFINED.);
#15626=IFCRELDEFINESBYTYPE('2GBgDguR920Bn$ewtTvfdB',$,$,$,(#15625),#15598);
#15627=IFCCARTESIANPOINT((0.,0.,0.));
#15628=IFCDIRECTION((1.,0.,0.));
#15629=IFCDIRECTION((0.,1.,0.));
#15630=IFCDIRECTION((0.,0.,1.));
#15631=IFCCARTESIANTRANSFORMATIONOPERATOR3D(#15628,#15629,#15627,1.,#15630);
#15632=IFCMAPPEDITEM(#15603,#15631);
#15633=IFCSHAPEREPRESENTATION(#11,'Body','MappedRepresentation',(#15632));
#15634=IFCPRODUCTDEFINITIONSHAPE($,$,(#15633,#15841));
#15812=IFCINDEXEDPOLYGONALFACE((10,14,12,11));
#15813=IFCINDEXEDPOLYGONALFACE((13,15,10,14));
#15814=IFCINDEXEDPOLYGONALFACE((2,7,6,1,4,5));
#15815=IFCINDEXEDPOLYGONALFACE((3,9,5,2,7,8));
#15816=IFCINDEXEDPOLYGONALFACE((7,10,11,6));
#15817=IFCINDEXEDPOLYGONALFACE((4,12,14,5));
#15818=IFCINDEXEDPOLYGONALFACE((8,15,13,9,3));
#15819=IFCINDEXEDPOLYGONALFACE((2,7,10,14,5));
#15820=IFCINDEXEDPOLYGONALFACE((7,10,15,8));
#15821=IFCINDEXEDPOLYGONALFACE((9,13,14,5));
#15822=IFCINDEXEDPOLYGONALFACE((1,6,11,12,4));
#15823=IFCCARTESIANPOINTLIST3D(((0.77713644504547119,0.,0.),(0.033138632774353027,0.,0.),(2.3335404396057129,0.,0.),(0.77713644504547119,-0.02500000037252903,0.),(0.033138632774353027,-0.02500000037252903,0.),(0.77713644504547119,0.02500000037252903,0.),(0.033138632774353027,0.02500000037252903,0.),(2.3335404396057129,0.02500000037252903,0.),(2.3335404396057129,-0.02500000037252903,0.),(0.033138632774353027,0.02500000037252903,1.),(0.77713644504547119,0.02500000037252903,1.),(0.77713644504547119,-0.02500000037252903,1.),(2.3335404396057129,-0.02500000037252903,1.),(0.033138632774353027,-0.02500000037252903,1.),(2.3335404396057129,0.02500000037252903,1.)));
#15824=IFCPOLYGONALFACESET(#15823,.F.,(#15812,#15813,#15814,#15815,#15816,#15817,#15818,#15819,#15820,#15821,#15822),$);
#15825=IFCSHAPEREPRESENTATION(#11,'Body','Tessellation',(#15824));
#15827=IFCCARTESIANPOINT((0.033138632774353027,-0.02500000037252903,0.));
#15828=IFCBOUNDINGBOX(#15827,2.3004016876220703,0.05000000074505806,1.);
#15829=IFCSHAPEREPRESENTATION(#13,'Box','BoundingBox',(#15828));
#15830=IFCCARTESIANPOINT((0.,0.,0.));
#15831=IFCDIRECTION((1.,0.,0.));
#15832=IFCDIRECTION((0.,0.,1.));
#15833=IFCAXIS2PLACEMENT3D(#15830,#15832,#15831);
#15834=IFCREPRESENTATIONMAP(#15833,#15829);
#15835=IFCCARTESIANPOINT((0.,0.,0.));
#15836=IFCDIRECTION((1.,0.,0.));
#15837=IFCDIRECTION((0.,1.,0.));
#15838=IFCDIRECTION((0.,0.,1.));
#15839=IFCCARTESIANTRANSFORMATIONOPERATOR3D(#15836,#15837,#15835,1.,#15838);
#15840=IFCMAPPEDITEM(#15834,#15839);
#15841=IFCSHAPEREPRESENTATION(#13,'Box','MappedRepresentation',(#15840));
#15842=IFCRAILINGTYPE('2_HNimLVvC$96wHcLZe2cP',$,'Railing-2-2F',$,$,(#15843,#15845),(#15847,#15948),$,$,.USERDEFINED.);
#15843=IFCPROPERTYSET('1tCxDO7Br8seK1MapNOMFG',$,'BBIM_Railing',$,(#15844));
#15844=IFCPROPERTYSINGLEVALUE('Data',$,IFCTEXT('{"railing_type": "FRAMELESS_PANEL", "height": 1.0, "thickness": 0.05000000074505806, "spacing": 0.0, "path_data": {"edges": [[0, 1], [1, 2]], "verts": [[0.7771364450454712, 0.0, 0.0], [0.03313863277435303, 0.0, 0.0], [0.927426815032959, -6.146317588218153e-08, 0.0]]}}'),$);
#15845=IFCPROPERTYSET('2SA57ys7D88xtuMKQDm$ux',$,'Pset_RailingCommon',$,(#15846));
#15846=IFCPROPERTYSINGLEVALUE('Height',$,IFCPOSITIVELENGTHMEASURE(1.),$);
#15847=IFCREPRESENTATIONMAP(#15848,#15939);
#15848=IFCAXIS2PLACEMENT3D(#15849,#15850,#15851);
#15849=IFCCARTESIANPOINT((0.,0.,0.));
#15850=IFCDIRECTION((0.,0.,1.));
#15851=IFCDIRECTION((1.,0.,0.));
#15874=IFCRAILING('3LqiI3lRT9PPzL7HlkeAgl',$,'Railing',$,'FRAMELESS_PANEL',#17931,#15883,$,.USERDEFINED.);
#15875=IFCRELDEFINESBYTYPE('03lobpbhb7lhd$Uhg0cwQH',$,$,$,(#15874),#15842);
#15876=IFCCARTESIANPOINT((0.,0.,0.));
#15877=IFCDIRECTION((1.,0.,0.));
#15878=IFCDIRECTION((0.,1.,0.));
#15879=IFCDIRECTION((0.,0.,1.));
#15880=IFCCARTESIANTRANSFORMATIONOPERATOR3D(#15877,#15878,#15876,1.,#15879);
#15881=IFCMAPPEDITEM(#15847,#15880);
#15882=IFCSHAPEREPRESENTATION(#11,'Body','MappedRepresentation',(#15881));
#15883=IFCPRODUCTDEFINITIONSHAPE($,$,(#15882,#15955));
#15926=IFCINDEXEDPOLYGONALFACE((10,14,12,11));
#15927=IFCINDEXEDPOLYGONALFACE((13,15,10,14));
#15928=IFCINDEXEDPOLYGONALFACE((1,7,6,2,4,5));
#15929=IFCINDEXEDPOLYGONALFACE((3,9,5,1,7,8));
#15930=IFCINDEXEDPOLYGONALFACE((7,10,11,6));
#15931=IFCINDEXEDPOLYGONALFACE((4,12,14,5));
#15932=IFCINDEXEDPOLYGONALFACE((8,15,13,9,3));
#15933=IFCINDEXEDPOLYGONALFACE((1,7,10,14,5));
#15934=IFCINDEXEDPOLYGONALFACE((7,10,15,8));
#15935=IFCINDEXEDPOLYGONALFACE((9,13,14,5));
#15936=IFCINDEXEDPOLYGONALFACE((2,6,11,12,4));
#15937=IFCCARTESIANPOINTLIST3D(((0.033138632774353027,0.,0.),(0.77713644504547119,0.,0.),(0.92742681503295898,-6.1463175882181531E-08,0.),(0.77713644504547119,-0.02500000037252903,0.),(0.033138632774353027,-0.02500000037252903,0.),(0.77713644504547119,0.02500000037252903,0.),(0.033138632774353027,0.02500000037252903,0.),(0.92742681503295898,0.024999938905239105,0.),(0.92742681503295898,-0.025000061839818954,0.),(0.033138632774353027,0.02500000037252903,1.),(0.77713644504547119,0.02500000037252903,1.),(0.77713644504547119,-0.02500000037252903,1.),(0.92742681503295898,-0.025000061839818954,1.),(0.033138632774353027,-0.02500000037252903,1.),(0.92742681503295898,0.024999938905239105,1.)));
#15938=IFCPOLYGONALFACESET(#15937,.F.,(#15926,#15927,#15928,#15929,#15930,#15931,#15932,#15933,#15934,#15935,#15936),$);
#15939=IFCSHAPEREPRESENTATION(#11,'Body','Tessellation',(#15938));
#15941=IFCCARTESIANPOINT((0.033138632774353027,-0.025000061839818954,0.));
#15942=IFCBOUNDINGBOX(#15941,0.89428818225860596,0.050000064074993134,1.);
#15943=IFCSHAPEREPRESENTATION(#13,'Box','BoundingBox',(#15942));
#15944=IFCCARTESIANPOINT((0.,0.,0.));
#15945=IFCDIRECTION((1.,0.,0.));
#15946=IFCDIRECTION((0.,0.,1.));
#15947=IFCAXIS2PLACEMENT3D(#15944,#15946,#15945);
#15948=IFCREPRESENTATIONMAP(#15947,#15943);
#15949=IFCCARTESIANPOINT((0.,0.,0.));
#15950=IFCDIRECTION((1.,0.,0.));
#15951=IFCDIRECTION((0.,1.,0.));
#15952=IFCDIRECTION((0.,0.,1.));
#15953=IFCCARTESIANTRANSFORMATIONOPERATOR3D(#15950,#15951,#15949,1.,#15952);
#15954=IFCMAPPEDITEM(#15948,#15953);
#15955=IFCSHAPEREPRESENTATION(#13,'Box','MappedRepresentation',(#15954));
#15961=IFCCARTESIANPOINTLIST2D(((0.,-0.048460721969604492),(0.,1.7360115051269531),(0.8149561882019043,1.7405955791473389),(0.81932926177978516,-0.046037673950195312),(0.,-0.048460721969604492)));
#15962=IFCINDEXEDPOLYCURVE(#15961,$,$);
#15963=IFCARBITRARYCLOSEDPROFILEDEF(.AREA.,$,#15962);
#15964=IFCINDEXEDPOLYGONALFACE((16,19,18,17));
#15965=IFCINDEXEDPOLYGONALFACE((20,23,22,21));
#15966=IFCINDEXEDPOLYGONALFACE((5,11,10,4,8,9));
#15967=IFCINDEXEDPOLYGONALFACE((7,15,14,6,12,13));
#15968=IFCINDEXEDPOLYGONALFACE((5,9,19,16,11));
#15969=IFCINDEXEDPOLYGONALFACE((12,22,23,13));
#15970=IFCINDEXEDPOLYGONALFACE((6,14,21,22,12));
#15971=IFCINDEXEDPOLYGONALFACE((15,20,21,14));
#15972=IFCINDEXEDPOLYGONALFACE((7,13,23,20,15));
#15973=IFCINDEXEDPOLYGONALFACE((11,16,17,10));
#15974=IFCINDEXEDPOLYGONALFACE((8,18,19,9));
#15975=IFCINDEXEDPOLYGONALFACE((4,10,17,18,8));
#15976=IFCCARTESIANPOINTLIST3D(((-0.94700908660888672,-0.024126887321472168,1.478940486907959),(-0.20329856872558594,-0.021135330200195312,0.93233370780944824),(0.56541156768798828,-0.026893734931945801,0.3560941219329834),(-0.92200928926467896,-0.024026326835155487,1.4605662822723389),(-0.2282983660697937,-0.021235890686511993,0.95070785284042358),(-0.17829927802085876,-0.021322600543498993,0.91359376907348633),(0.54041224718093872,-0.02670646458864212,0.37483406066894531),(-0.92210984230041504,0.00097347237169742584,1.4605662822723389),(-0.22839893400669098,0.0037639085203409195,0.95070785284042358),(-0.92190873622894287,-0.049026124179363251,1.4605662822723389),(-0.22819779813289642,-0.046235688030719757,0.95070785284042358),(-0.17811201512813568,0.0036766994744539261,0.91359376907348633),(0.540599524974823,-0.0017071645706892014,0.37483406066894531),(-0.17848654091358185,-0.046321898698806763,0.91359376907348633),(0.54022496938705444,-0.05170576274394989,0.37483406066894531),(-0.22819779813289642,-0.046235688030719757,1.6507078409194946),(-0.92190873622894287,-0.049026124179363251,2.1605663299560547),(-0.92210984230041504,0.00097347237169742584,2.1605663299560547),(-0.22839893400669098,0.0037639085203409195,1.6507078409194946),(0.54022496938705444,-0.05170576274394989,1.0748341083526611),(-0.17848654091358185,-0.046321898698806763,1.6135938167572021),(-0.17811201512813568,0.0036766994744539261,1.6135938167572021),(0.540599524974823,-0.0017071645706892014,1.0748341083526611)));
#15977=IFCPOLYGONALFACESET(#15976,.F.,(#15964,#15965,#15966,#15967,#15968,#15969,#15970,#15971,#15972,#15973,#15974,#15975),$);
#15978=IFCSHAPEREPRESENTATION(#11,'Body','Tessellation',(#15977));
#15980=IFCCARTESIANPOINT((-0.94700908660888672,-0.05170576274394989,0.3560941219329834));
#15981=IFCBOUNDINGBOX(#15980,1.512420654296875,0.05546966940164566,1.8044722080230713);
#15982=IFCSHAPEREPRESENTATION(#13,'Box','BoundingBox',(#15981));
#15983=IFCCARTESIANPOINT((0.,0.,0.));
#15984=IFCDIRECTION((1.,0.,0.));
#15985=IFCDIRECTION((0.,0.,1.));
#15986=IFCAXIS2PLACEMENT3D(#15983,#15985,#15984);
#15987=IFCREPRESENTATIONMAP(#15986,#15982);
#15988=IFCCARTESIANPOINT((0.,0.,0.));
#15989=IFCDIRECTION((1.,0.,0.));
#15990=IFCDIRECTION((0.,1.,0.));
#15991=IFCDIRECTION((0.,0.,1.));
#15992=IFCCARTESIANTRANSFORMATIONOPERATOR3D(#15989,#15990,#15988,1.,#15991);
#15993=IFCMAPPEDITEM(#15987,#15992);
#15994=IFCSHAPEREPRESENTATION(#13,'Box','MappedRepresentation',(#15993));
#15995=IFCCARTESIANPOINT((2.7527775764465332,1.3807017803192139,1.5297839641571045));
#15996=IFCDIRECTION((0.,0.,1.));
#15997=IFCDIRECTION((1.,0.,0.));
#15998=IFCAXIS2PLACEMENT3D(#15995,#15996,#15997);
#15999=IFCLOCALPLACEMENT(#79,#15998);
#16000=IFCCARTESIANPOINT((3.3080282211303711,2.2751255035400391,1.9046180248260498));
#16001=IFCDIRECTION((0.,0.,1.));
#16002=IFCDIRECTION((-0.99999999999992428,3.8941436741876494E-07,0.));
#16003=IFCAXIS2PLACEMENT3D(#16000,#16001,#16002);
#16004=IFCLOCALPLACEMENT(#79,#16003);
#16005=IFCOPENINGELEMENT('1_NzQHRT9DSQ7DJ6z7lb5h',$,'Slab Opening',$,$,#16027,#16016,$,.OPENING.);
#16009=IFCCARTESIANPOINT((0.,0.,0.));
#16010=IFCDIRECTION((0.,0.,1.));
#16011=IFCDIRECTION((1.,0.,0.));
#16012=IFCAXIS2PLACEMENT3D(#16009,#16010,#16011);
#16013=IFCDIRECTION((0.,0.,1.));
#16014=IFCEXTRUDEDAREASOLID(#16030,#16012,#16013,0.5);
#16015=IFCSHAPEREPRESENTATION(#11,'Body','SweptSolid',(#16014));
#16016=IFCPRODUCTDEFINITIONSHAPE($,$,(#16015));
#16017=IFCRELVOIDSELEMENT('3bg1FDzG91j9_L8UFyFnw_',$,$,$,#12861,#16005);
#16023=IFCCARTESIANPOINT((6.1622984409332275,4.4780521392822266,8.1777572631835938E-05));
#16024=IFCDIRECTION((0.,0.,1.));
#16025=IFCDIRECTION((1.,0.,0.));
#16026=IFCAXIS2PLACEMENT3D(#16023,#16024,#16025);
#16027=IFCLOCALPLACEMENT(#17901,#16026);
#16028=IFCCARTESIANPOINTLIST2D(((-1.1099393367767334,0.95257210731506348),(1.190462589263916,0.95746970176696777),(1.1904621124267578,-0.83429813385009766),(-1.1097524166107178,-0.83429849147796631),(-1.1099393367767334,0.95257210731506348)));
#16029=IFCINDEXEDPOLYCURVE(#16028,$,$);
#16030=IFCARBITRARYCLOSEDPROFILEDEF(.AREA.,$,#16029);
#16031=IFCOPENINGELEMENT('24OrOiJPPFo8Zq0Vyht3KW',$,'Item/IfcExtrudedAreaSolid/16014',$,$,#16061,#16055,$,$);
#16037=IFCINDEXEDPOLYGONALFACE((1,2,3));
#16038=IFCINDEXEDPOLYGONALFACE((2,4,5));
#16039=IFCINDEXEDPOLYGONALFACE((3,5,6));
#16040=IFCINDEXEDPOLYGONALFACE((7,6,8));
#16041=IFCINDEXEDPOLYGONALFACE((1,8,4));
#16042=IFCINDEXEDPOLYGONALFACE((5,4,8));
#16043=IFCINDEXEDPOLYGONALFACE((3,7,1));
#16044=IFCINDEXEDPOLYGONALFACE((5,3,2));
#16045=IFCINDEXEDPOLYGONALFACE((6,7,3));
#16046=IFCINDEXEDPOLYGONALFACE((8,1,7));
#16047=IFCINDEXEDPOLYGONALFACE((4,2,1));
#16048=IFCINDEXEDPOLYGONALFACE((8,6,5));
#16049=IFCCARTESIANPOINTLIST3D(((-1.1097524166107178,-0.83429849147796631,0.),(-1.1099393367767334,0.95257210731506348,0.),(1.190462589263916,0.95746970176696777,0.),(-1.1099393367767334,0.95257210731506348,0.5),(1.190462589263916,0.95746970176696777,0.5),(1.1904621124267578,-0.83429813385009766,0.5),(1.1904621124267578,-0.83429813385009766,0.),(-1.1097524166107178,-0.83429849147796631,0.5)));
#16050=IFCPOLYGONALFACESET(#16049,.T.,(#16037,#16038,#16039,#16040,#16041,#16042,#16043,#16044,#16045,#16046,#16047,#16048),$);
#16051=IFCSHAPEREPRESENTATION(#11,'Body','Tessellation',(#16050));
#16052=IFCCARTESIANPOINT((-1.1099393367767334,-0.83429849147796631,0.));
#16053=IFCBOUNDINGBOX(#16052,2.3004019260406494,1.7917681932449341,0.5);
#16054=IFCSHAPEREPRESENTATION(#13,'Box','BoundingBox',(#16053));
#16055=IFCPRODUCTDEFINITIONSHAPE($,$,(#16054,#16051));
#16056=IFCRELVOIDSELEMENT('3CF8ddK6P0mfJXb0ip5ibV',$,$,$,#12861,#16031);
#16057=IFCCARTESIANPOINT((6.1622984409332275,4.4780521392822266,-0.20466423034667969));
#16058=IFCDIRECTION((0.,0.,1.));
#16059=IFCDIRECTION((1.,0.,0.));
#16060=IFCAXIS2PLACEMENT3D(#16057,#16058,#16059);
#16061=IFCLOCALPLACEMENT(#17901,#16060);
#16062=IFCCOLUMNTYPE('0z9ytC6EX2CuWv3UFFLGy7',$,'Unnamed',$,$,$,$,$,$,.COLUMN.);
#16063=IFCRECTANGLEPROFILEDEF(.AREA.,'New Profile',$,0.5,0.5);
#16064=IFCMATERIALPROFILESET($,$,(#16066),$);
#16065=IFCRELASSOCIATESMATERIAL('2gHmbhM2bEwwDSLLzZlmpy',$,$,$,(#16062),#16064);
#16066=IFCMATERIALPROFILE($,$,#81,#16063,$,$);
#16067=IFCCOLUMN('2skvh6bSX5ZhXgo6Pzc9eN',$,'Column',$,$,#16075,#16079,$,$);
#16068=IFCRELDEFINESBYTYPE('0I8rydw_92lOpzFv9r4f3M',$,$,$,(#17411,#16347,#17357,#17433,#16271,#16293,#17619,#17455,#17477,#17259,#18077,#17526,#16112,#16156,#16067,#16178,#17504,#16320,#16200,#16222,#16244,#16090,#17232,#17384,#17210,#17553,#17575),#16062);
#16069=IFCMATERIALPROFILESETUSAGE(#16064,5,$);
#16070=IFCRELASSOCIATESMATERIAL('0VMocOXmr6_gTzhaJ2be3_',$,$,$,(#16067),#16069);
#16071=IFCCARTESIANPOINT((0.23096300661563873,-2.6399161815643311,0.));
#16072=IFCDIRECTION((0.,0.,1.));
#16073=IFCDIRECTION((1.,0.,0.));
#16074=IFCAXIS2PLACEMENT3D(#16071,#16072,#16073);
#16075=IFCLOCALPLACEMENT(#79,#16074);
#16079=IFCPRODUCTDEFINITIONSHAPE($,$,(#16476,#16483));
#16087=IFCPROPERTYSET('3V1HiWnEPDXOxMiOo_ao8a',$,'EPset_Parametric',$,(#16089));
#16088=IFCRELDEFINESBYPROPERTIES('2ie69ZfVr2iAxOEJ_PWF8m',$,$,$,(#16067),#16087);
#16089=IFCPROPERTYSINGLEVALUE('Engine',$,IFCLABEL('Bonsai.DumbProfile'),$);
#16090=IFCCOLUMN('3qruImRF90agZLp2h1Z7bZ',$,'Column',$,$,#16097,#16101,$,$);
#16091=IFCMATERIALPROFILESETUSAGE(#16064,5,$);
#16092=IFCRELASSOCIATESMATERIAL('3W9vooKyr9Iu_ipDp1ar8R',$,$,$,(#16090),#16091);
#16093=IFCCARTESIANPOINT((4.2309627532958984,-2.6399161815643311,0.));
#16094=IFCDIRECTION((0.,0.,1.));
#16095=IFCDIRECTION((1.,0.,0.));
#16096=IFCAXIS2PLACEMENT3D(#16093,#16094,#16095);
#16097=IFCLOCALPLACEMENT(#79,#16096);
#16101=IFCPRODUCTDEFINITIONSHAPE($,$,(#16446,#16453));
#16109=IFCPROPERTYSET('3OF6jipdL688dL17P4F0L1',$,'EPset_Parametric',$,(#16111));
#16110=IFCRELDEFINESBYPROPERTIES('3jkZR6XPb1yv92WuG7R3R$',$,$,$,(#16090),#16109);
#16111=IFCPROPERTYSINGLEVALUE('Engine',$,IFCLABEL('Bonsai.DumbProfile'),$);
#16112=IFCCOLUMN('1OSLY6xVjFq8y4v7CbXY$N',$,'Column',$,$,#16119,#16123,$,$);
#16113=IFCMATERIALPROFILESETUSAGE(#16064,5,$);
#16114=IFCRELASSOCIATESMATERIAL('0bSvkt5irAYviAdaHdJUZ$',$,$,$,(#16112),#16113);
#16115=IFCCARTESIANPOINT((4.2309632301330566,6.5600833892822266,0.));
#16116=IFCDIRECTION((0.,0.,1.));
#16117=IFCDIRECTION((1.,0.,0.));
#16118=IFCAXIS2PLACEMENT3D(#16115,#16116,#16117);
#16119=IFCLOCALPLACEMENT(#79,#16118);
#16123=IFCPRODUCTDEFINITIONSHAPE($,$,(#16436,#16443));
#16131=IFCPROPERTYSET('2m9rrpa596bQVKNhsbd28d',$,'EPset_Parametric',$,(#16133));
#16132=IFCRELDEFINESBYPROPERTIES('18BXSR3Mj8GB5Akc9bFrC_',$,$,$,(#16112),#16131);
#16133=IFCPROPERTYSINGLEVALUE('Engine',$,IFCLABEL('Bonsai.DumbProfile'),$);
#16156=IFCCOLUMN('2AaDWhAsr53wv5_CflRJoY',$,'Column',$,$,#16163,#16167,$,$);
#16157=IFCMATERIALPROFILESETUSAGE(#16064,5,$);
#16158=IFCRELASSOCIATESMATERIAL('0F6B1lltjF2wHSdrZ2VDRc',$,$,$,(#16156),#16157);
#16159=IFCCARTESIANPOINT((-2.7690367698669434,5.060084342956543,0.));
#16160=IFCDIRECTION((0.,0.,1.));
#16161=IFCDIRECTION((1.,0.,0.));
#16162=IFCAXIS2PLACEMENT3D(#16159,#16160,#16161);
#16163=IFCLOCALPLACEMENT(#79,#16162);
#16167=IFCPRODUCTDEFINITIONSHAPE($,$,(#16456,#16463));
#16175=IFCPROPERTYSET('00GI684Tf6v9ETAYqetSLd',$,'EPset_Parametric',$,(#16177));
#16176=IFCRELDEFINESBYPROPERTIES('1J8VqOlAD19BoVrrq5UwQk',$,$,$,(#16156),#16175);
#16177=IFCPROPERTYSINGLEVALUE('Engine',$,IFCLABEL('Bonsai.DumbProfile'),$);
#16178=IFCCOLUMN('3nDy2KM2r5IPRYKbRNl28t',$,'Column',$,$,#16185,#16189,$,$);
#16179=IFCMATERIALPROFILESETUSAGE(#16064,5,$);
#16180=IFCRELASSOCIATESMATERIAL('27ACit8eD6ufGq0g$egARN',$,$,$,(#16178),#16179);
#16181=IFCCARTESIANPOINT((-2.7690362930297852,-0.13991641998291016,0.));
#16182=IFCDIRECTION((0.,0.,1.));
#16183=IFCDIRECTION((1.,0.,0.));
#16184=IFCAXIS2PLACEMENT3D(#16181,#16182,#16183);
#16185=IFCLOCALPLACEMENT(#79,#16184);
#16189=IFCPRODUCTDEFINITIONSHAPE($,$,(#16486,#16493));
#16197=IFCPROPERTYSET('39S9HSUhPE2fKR5$QUebpH',$,'EPset_Parametric',$,(#16199));
#16198=IFCRELDEFINESBYPROPERTIES('1cq6Aw5KDFIR0fn397wbiM',$,$,$,(#16178),#16197);
#16199=IFCPROPERTYSINGLEVALUE('Engine',$,IFCLABEL('Bonsai.DumbProfile'),$);
#16200=IFCCOLUMN('20Nbgl_Hj4EAbra8RLSqRQ',$,'Column',$,$,#16270,#16211,$,$);
#16201=IFCMATERIALPROFILESETUSAGE(#16064,5,$);
#16202=IFCRELASSOCIATESMATERIAL('3uXsNBlfjDbO0Iu0ZfCEDK',$,$,$,(#16200),#16201);
#16211=IFCPRODUCTDEFINITIONSHAPE($,$,(#16371,#16378));
#16219=IFCPROPERTYSET('1AnnWx11rEieSYvvUaF02j',$,'EPset_Parametric',$,(#16221));
#16220=IFCRELDEFINESBYPROPERTIES('0zCzYtHyrFf9GCEn9LNSHg',$,$,$,(#16200),#16219);
#16221=IFCPROPERTYSINGLEVALUE('Engine',$,IFCLABEL('Bonsai.DumbProfile'),$);
#16222=IFCCOLUMN('1CwRW$RAb3I8duCHZlJN90',$,'Column',$,$,#16433,#16233,$,$);
#16228=IFCRELDEFINESBYPROPERTIES('326cu0wL91ZgukUCr$Sxe8',$,$,$,(#16222),#16229);
#16229=IFCPROPERTYSET('3ftP0Pwd541wqDPO405N$w',$,'EPset_Parametric',$,(#16230));
#16230=IFCPROPERTYSINGLEVALUE('Engine',$,IFCLABEL('Bonsai.DumbProfile'),$);
#16231=IFCRELASSOCIATESMATERIAL('23EApHlyD8ehIEo$xDQOc2',$,$,$,(#16222),#16232);
#16232=IFCMATERIALPROFILESETUSAGE(#16064,5,$);
#16233=IFCPRODUCTDEFINITIONSHAPE($,$,(#16421,#16428));
#16244=IFCCOLUMN('1D6QiRdlvBOw7WfZ0JSTna',$,'Column',$,$,#16393,#16255,$,$);
#16250=IFCRELASSOCIATESMATERIAL('3nq1USsxv4lP6KBnmYkDIB',$,$,$,(#16244),#16251);
#16251=IFCMATERIALPROFILESETUSAGE(#16064,5,$);
#16252=IFCRELDEFINESBYPROPERTIES('2luZj0rVj6u9F6JMCtDQ1j',$,$,$,(#16244),#16253);
#16253=IFCPROPERTYSET('1QhLGinWLAFwhshwCY7LIL',$,'EPset_Parametric',$,(#16254));
#16254=IFCPROPERTYSINGLEVALUE('Engine',$,IFCLABEL('Bonsai.DumbProfile'),$);
#16255=IFCPRODUCTDEFINITIONSHAPE($,$,(#16381,#16388));
#16266=IFCCARTESIANPOINT((-2.7690362930297852,2.6400830745697021,0.));
#16267=IFCDIRECTION((0.,0.,1.));
#16268=IFCDIRECTION((1.,0.,0.));
#16269=IFCAXIS2PLACEMENT3D(#16266,#16267,#16268);
#16270=IFCLOCALPLACEMENT(#79,#16269);
#16271=IFCCOLUMN('2asucGumr5XQxDmK$cIP76',$,'Column',$,$,#16508,#16282,$,$);
#16277=IFCRELASSOCIATESMATERIAL('22CP8mBe18I9obO2T7tv$W',$,$,$,(#16271),#16278);
#16278=IFCMATERIALPROFILESETUSAGE(#16064,5,$);
#16279=IFCRELDEFINESBYPROPERTIES('2tOqI8sJz5mwQKTKFC9bSg',$,$,$,(#16271),#16280);
#16280=IFCPROPERTYSET('0OBWrWpAr3JxjQ0Own6WQL',$,'EPset_Parametric',$,(#16281));
#16281=IFCPROPERTYSINGLEVALUE('Engine',$,IFCLABEL('Bonsai.DumbProfile'),$);
#16282=IFCPRODUCTDEFINITIONSHAPE($,$,(#16496,#16503));
#16293=IFCCOLUMN('2760XDktP9pPcHfptYpSYA',$,'Column',$,$,#16319,#16304,$,$);
#16299=IFCRELDEFINESBYPROPERTIES('1ASVjJt_H3jwY3dD5H2Iz7',$,$,$,(#16293),#16300);
#16300=IFCPROPERTYSET('1niurvIwrCsRsABsDnPzn_',$,'EPset_Parametric',$,(#16301));
#16301=IFCPROPERTYSINGLEVALUE('Engine',$,IFCLABEL('Bonsai.DumbProfile'),$);
#16302=IFCRELASSOCIATESMATERIAL('10OuAcY1H1ie6bjoWJRtxl',$,$,$,(#16293),#16303);
#16303=IFCMATERIALPROFILESETUSAGE(#16064,5,$);
#16304=IFCPRODUCTDEFINITIONSHAPE($,$,(#16466,#16473));
#16315=IFCCARTESIANPOINT((0.23096300661563873,-0.13991641998291016,0.));
#16316=IFCDIRECTION((0.,0.,1.));
#16317=IFCDIRECTION((1.,0.,0.));
#16318=IFCAXIS2PLACEMENT3D(#16315,#16316,#16317);
#16319=IFCLOCALPLACEMENT(#79,#16318);
#16320=IFCCOLUMN('283ksRFEH5XgS7t9SQvUr2',$,'Column',$,$,#16346,#16331,$,$);
#16326=IFCRELDEFINESBYPROPERTIES('0bDmLioh14HxtOojxlO1X6',$,$,$,(#16320),#16327);
#16327=IFCPROPERTYSET('3yQq_QsLf1Fhvc35XoVLUz',$,'EPset_Parametric',$,(#16328));
#16328=IFCPROPERTYSINGLEVALUE('Engine',$,IFCLABEL('Bonsai.DumbProfile'),$);
#16329=IFCRELASSOCIATESMATERIAL('2uafsV4cH3LvGxeR22T$sX',$,$,$,(#16320),#16330);
#16330=IFCMATERIALPROFILESETUSAGE(#16064,5,$);
#16331=IFCPRODUCTDEFINITIONSHAPE($,$,(#16411,#16418));
#16342=IFCCARTESIANPOINT((0.23096300661563873,5.060084342956543,0.));
#16343=IFCDIRECTION((0.,0.,1.));
#16344=IFCDIRECTION((1.,0.,0.));
#16345=IFCAXIS2PLACEMENT3D(#16342,#16343,#16344);
#16346=IFCLOCALPLACEMENT(#79,#16345);
#16347=IFCCOLUMN('1AHKLBUbnErQiPmnWAJ36g',$,'Column',$,$,#16408,#16358,$,$);
#16353=IFCRELDEFINESBYPROPERTIES('0m2bp1ZSr4Ke7Y8DlpoeWA',$,$,$,(#16347),#16354);
#16354=IFCPROPERTYSET('30WOKbZSrDfvXAPTUtSfer',$,'EPset_Parametric',$,(#16355));
#16355=IFCPROPERTYSINGLEVALUE('Engine',$,IFCLABEL('Bonsai.DumbProfile'),$);
#16356=IFCRELASSOCIATESMATERIAL('3FLQhzVZT3rPSnTWBSL66h',$,$,$,(#16347),#16357);
#16357=IFCMATERIALPROFILESETUSAGE(#16064,5,$);
#16358=IFCPRODUCTDEFINITIONSHAPE($,$,(#16396,#16403));
#16369=IFCCARTESIANPOINTLIST3D(((0.,0.,0.),(0.,0.,3.)));
#16370=IFCINDEXEDPOLYCURVE(#16369,$,.F.);
#16371=IFCSHAPEREPRESENTATION(#12,'Axis','Curve3D',(#16370));
#16372=IFCCARTESIANPOINT((0.,0.,0.));
#16373=IFCDIRECTION((0.,0.,1.));
#16374=IFCDIRECTION((1.,0.,0.));
#16375=IFCAXIS2PLACEMENT3D(#16372,#16373,#16374);
#16376=IFCDIRECTION((0.,0.,1.));
#16377=IFCEXTRUDEDAREASOLID(#16063,#16375,#16376,3.);
#16378=IFCSHAPEREPRESENTATION(#11,'Body','SweptSolid',(#16377));
#16379=IFCCARTESIANPOINTLIST3D(((0.,0.,0.),(0.,0.,3.)));
#16380=IFCINDEXEDPOLYCURVE(#16379,$,.F.);
#16381=IFCSHAPEREPRESENTATION(#12,'Axis','Curve3D',(#16380));
#16382=IFCCARTESIANPOINT((0.,0.,0.));
#16383=IFCDIRECTION((0.,0.,1.));
#16384=IFCDIRECTION((1.,0.,0.));
#16385=IFCAXIS2PLACEMENT3D(#16382,#16383,#16384);
#16386=IFCDIRECTION((0.,0.,1.));
#16387=IFCEXTRUDEDAREASOLID(#16063,#16385,#16386,3.);
#16388=IFCSHAPEREPRESENTATION(#11,'Body','SweptSolid',(#16387));
#16389=IFCCARTESIANPOINT((4.2309637069702148,-0.13991641998291016,0.));
#16390=IFCDIRECTION((0.,0.,1.));
#16391=IFCDIRECTION((1.,0.,0.));
#16392=IFCAXIS2PLACEMENT3D(#16389,#16390,#16391);
#16393=IFCLOCALPLACEMENT(#79,#16392);
#16394=IFCCARTESIANPOINTLIST3D(((0.,0.,0.),(0.,0.,3.)));
#16395=IFCINDEXEDPOLYCURVE(#16394,$,.F.);
#16396=IFCSHAPEREPRESENTATION(#12,'Axis','Curve3D',(#16395));
#16397=IFCCARTESIANPOINT((0.,0.,0.));
#16398=IFCDIRECTION((0.,0.,1.));
#16399=IFCDIRECTION((1.,0.,0.));
#16400=IFCAXIS2PLACEMENT3D(#16397,#16398,#16399);
#16401=IFCDIRECTION((0.,0.,1.));
#16402=IFCEXTRUDEDAREASOLID(#16063,#16400,#16401,3.);
#16403=IFCSHAPEREPRESENTATION(#11,'Body','SweptSolid',(#16402));
#16404=IFCCARTESIANPOINT((0.23096300661563873,6.5600833892822266,0.));
#16405=IFCDIRECTION((0.,0.,1.));
#16406=IFCDIRECTION((1.,0.,0.));
#16407=IFCAXIS2PLACEMENT3D(#16404,#16405,#16406);
#16408=IFCLOCALPLACEMENT(#79,#16407);
#16409=IFCCARTESIANPOINTLIST3D(((0.,0.,0.),(0.,0.,3.)));
#16410=IFCINDEXEDPOLYCURVE(#16409,$,.F.);
#16411=IFCSHAPEREPRESENTATION(#12,'Axis','Curve3D',(#16410));
#16412=IFCCARTESIANPOINT((0.,0.,0.));
#16413=IFCDIRECTION((0.,0.,1.));
#16414=IFCDIRECTION((1.,0.,0.));
#16415=IFCAXIS2PLACEMENT3D(#16412,#16413,#16414);
#16416=IFCDIRECTION((0.,0.,1.));
#16417=IFCEXTRUDEDAREASOLID(#16063,#16415,#16416,3.);
#16418=IFCSHAPEREPRESENTATION(#11,'Body','SweptSolid',(#16417));
#16419=IFCCARTESIANPOINTLIST3D(((0.,0.,0.),(0.,0.,3.)));
#16420=IFCINDEXEDPOLYCURVE(#16419,$,.F.);
#16421=IFCSHAPEREPRESENTATION(#12,'Axis','Curve3D',(#16420));
#16422=IFCCARTESIANPOINT((0.,0.,0.));
#16423=IFCDIRECTION((0.,0.,1.));
#16424=IFCDIRECTION((1.,0.,0.));
#16425=IFCAXIS2PLACEMENT3D(#16422,#16423,#16424);
#16426=IFCDIRECTION((0.,0.,1.));
#16427=IFCEXTRUDEDAREASOLID(#16063,#16425,#16426,3.);
#16428=IFCSHAPEREPRESENTATION(#11,'Body','SweptSolid',(#16427));
#16429=IFCCARTESIANPOINT((4.2309632301330566,5.060084342956543,0.));
#16430=IFCDIRECTION((0.,0.,1.));
#16431=IFCDIRECTION((1.,0.,0.));
#16432=IFCAXIS2PLACEMENT3D(#16429,#16430,#16431);
#16433=IFCLOCALPLACEMENT(#79,#16432);
#16434=IFCCARTESIANPOINTLIST3D(((0.,0.,0.),(0.,0.,3.)));
#16435=IFCINDEXEDPOLYCURVE(#16434,$,.F.);
#16436=IFCSHAPEREPRESENTATION(#12,'Axis','Curve3D',(#16435));
#16437=IFCCARTESIANPOINT((0.,0.,0.));
#16438=IFCDIRECTION((0.,0.,1.));
#16439=IFCDIRECTION((1.,0.,0.));
#16440=IFCAXIS2PLACEMENT3D(#16437,#16438,#16439);
#16441=IFCDIRECTION((0.,0.,1.));
#16442=IFCEXTRUDEDAREASOLID(#16063,#16440,#16441,3.);
#16443=IFCSHAPEREPRESENTATION(#11,'Body','SweptSolid',(#16442));
#16444=IFCCARTESIANPOINTLIST3D(((0.,0.,0.),(0.,0.,3.)));
#16445=IFCINDEXEDPOLYCURVE(#16444,$,.F.);
#16446=IFCSHAPEREPRESENTATION(#12,'Axis','Curve3D',(#16445));
#16447=IFCCARTESIANPOINT((0.,0.,0.));
#16448=IFCDIRECTION((0.,0.,1.));
#16449=IFCDIRECTION((1.,0.,0.));
#16450=IFCAXIS2PLACEMENT3D(#16447,#16448,#16449);
#16451=IFCDIRECTION((0.,0.,1.));
#16452=IFCEXTRUDEDAREASOLID(#16063,#16450,#16451,3.);
#16453=IFCSHAPEREPRESENTATION(#11,'Body','SweptSolid',(#16452));
#16454=IFCCARTESIANPOINTLIST3D(((0.,0.,0.),(0.,0.,3.)));
#16455=IFCINDEXEDPOLYCURVE(#16454,$,.F.);
#16456=IFCSHAPEREPRESENTATION(#12,'Axis','Curve3D',(#16455));
#16457=IFCCARTESIANPOINT((0.,0.,0.));
#16458=IFCDIRECTION((0.,0.,1.));
#16459=IFCDIRECTION((1.,0.,0.));
#16460=IFCAXIS2PLACEMENT3D(#16457,#16458,#16459);
#16461=IFCDIRECTION((0.,0.,1.));
#16462=IFCEXTRUDEDAREASOLID(#16063,#16460,#16461,3.);
#16463=IFCSHAPEREPRESENTATION(#11,'Body','SweptSolid',(#16462));
#16464=IFCCARTESIANPOINTLIST3D(((0.,0.,0.),(0.,0.,3.)));
#16465=IFCINDEXEDPOLYCURVE(#16464,$,.F.);
#16466=IFCSHAPEREPRESENTATION(#12,'Axis','Curve3D',(#16465));
#16467=IFCCARTESIANPOINT((0.,0.,0.));
#16468=IFCDIRECTION((0.,0.,1.));
#16469=IFCDIRECTION((1.,0.,0.));
#16470=IFCAXIS2PLACEMENT3D(#16467,#16468,#16469);
#16471=IFCDIRECTION((0.,0.,1.));
#16472=IFCEXTRUDEDAREASOLID(#16063,#16470,#16471,3.);
#16473=IFCSHAPEREPRESENTATION(#11,'Body','SweptSolid',(#16472));
#16474=IFCCARTESIANPOINTLIST3D(((0.,0.,0.),(0.,0.,3.)));
#16475=IFCINDEXEDPOLYCURVE(#16474,$,.F.);
#16476=IFCSHAPEREPRESENTATION(#12,'Axis','Curve3D',(#16475));
#16477=IFCCARTESIANPOINT((0.,0.,0.));
#16478=IFCDIRECTION((0.,0.,1.));
#16479=IFCDIRECTION((1.,0.,0.));
#16480=IFCAXIS2PLACEMENT3D(#16477,#16478,#16479);
#16481=IFCDIRECTION((0.,0.,1.));
#16482=IFCEXTRUDEDAREASOLID(#16063,#16480,#16481,3.);
#16483=IFCSHAPEREPRESENTATION(#11,'Body','SweptSolid',(#16482));
#16484=IFCCARTESIANPOINTLIST3D(((0.,0.,0.),(0.,0.,3.)));
#16485=IFCINDEXEDPOLYCURVE(#16484,$,.F.);
#16486=IFCSHAPEREPRESENTATION(#12,'Axis','Curve3D',(#16485));
#16487=IFCCARTESIANPOINT((0.,0.,0.));
#16488=IFCDIRECTION((0.,0.,1.));
#16489=IFCDIRECTION((1.,0.,0.));
#16490=IFCAXIS2PLACEMENT3D(#16487,#16488,#16489);
#16491=IFCDIRECTION((0.,0.,1.));
#16492=IFCEXTRUDEDAREASOLID(#16063,#16490,#16491,3.);
#16493=IFCSHAPEREPRESENTATION(#11,'Body','SweptSolid',(#16492));
#16494=IFCCARTESIANPOINTLIST3D(((0.,0.,0.),(0.,0.,3.)));
#16495=IFCINDEXEDPOLYCURVE(#16494,$,.F.);
#16496=IFCSHAPEREPRESENTATION(#12,'Axis','Curve3D',(#16495));
#16497=IFCCARTESIANPOINT((0.,0.,0.));
#16498=IFCDIRECTION((0.,0.,1.));
#16499=IFCDIRECTION((1.,0.,0.));
#16500=IFCAXIS2PLACEMENT3D(#16497,#16498,#16499);
#16501=IFCDIRECTION((0.,0.,1.));
#16502=IFCEXTRUDEDAREASOLID(#16063,#16500,#16501,3.);
#16503=IFCSHAPEREPRESENTATION(#11,'Body','SweptSolid',(#16502));
#16504=IFCCARTESIANPOINT((4.2309637069702148,2.6400830745697021,0.));
#16505=IFCDIRECTION((0.,0.,1.));
#16506=IFCDIRECTION((1.,0.,0.));
#16507=IFCAXIS2PLACEMENT3D(#16504,#16505,#16506);
#16508=IFCLOCALPLACEMENT(#79,#16507);
#16509=IFCBEAMTYPE('0c3IItOF9FH87Q8uPQWrJg',$,'Unnamed',$,$,$,$,$,$,.BEAM.);
#16510=IFCMATERIALPROFILESET($,$,(#16512),$);
#16511=IFCRELASSOCIATESMATERIAL('0PsOwJksL0RPy0mFMDPscI',$,$,$,(#16509),#16510);
#16512=IFCMATERIALPROFILE($,$,#81,#16063,$,$);
#16536=IFCBEAM('2jU2JcEZ52VhRfwS$7dAG$',$,'Beam',$,$,#16544,#16548,$,$);
#16537=IFCRELDEFINESBYTYPE('2eYIYGg_16_veQhdW69H75',$,$,$,(#16559,#17685,#17707,#17773,#16536,#16946,#16581,#17795,#16669,#16968,#16990,#17729,#17751,#16647,#17663),#16509);
#16538=IFCMATERIALPROFILESETUSAGE(#16510,7,$);
#16539=IFCRELASSOCIATESMATERIAL('3aDaoBNu52Y8rLUMsshvi2',$,$,$,(#16536),#16538);
#16540=IFCCARTESIANPOINT((4.4809632301330566,6.8100833892822266,3.));
#16541=IFCDIRECTION((-4.9158460944495401E-08,-0.99999999999994948,3.1391648226021402E-07));
#16542=IFCDIRECTION((0.99999999999999889,-4.9158462189779986E-08,1.0799644666503899E-14));
#16543=IFCAXIS2PLACEMENT3D(#16540,#16541,#16542);
#16544=IFCLOCALPLACEMENT(#79,#16543);
#16545=IFCCARTESIANPOINTLIST3D(((0.,0.,0.),(0.,0.,9.6999998112314856)));
#16546=IFCINDEXEDPOLYCURVE(#16545,$,.F.);
#16547=IFCSHAPEREPRESENTATION(#12,'Axis','Curve3D',(#16546));
#16548=IFCPRODUCTDEFINITIONSHAPE($,$,(#16547,#16555));
#16549=IFCCARTESIANPOINT((-0.25,-0.25,0.));
#16550=IFCDIRECTION((0.,0.,1.));
#16551=IFCDIRECTION((1.,0.,0.));
#16552=IFCAXIS2PLACEMENT3D(#16549,#16550,#16551);
#16553=IFCDIRECTION((0.,0.,1.));
#16554=IFCEXTRUDEDAREASOLID(#16063,#16552,#16553,9.6999998112314856);
#16555=IFCSHAPEREPRESENTATION(#11,'Body','SweptSolid',(#16554));
#16556=IFCPROPERTYSET('1QBIDgDfr3CAr0_2GMXcX8',$,'EPset_Parametric',$,(#16558));
#16557=IFCRELDEFINESBYPROPERTIES('2jhV_SwxP1ygIm3QCFAPMr',$,$,$,(#16536),#16556);
#16558=IFCPROPERTYSINGLEVALUE('Engine',$,IFCLABEL('Bonsai.DumbProfile'),$);
#16559=IFCBEAM('3wpuXrty9DZAh87BBiIYf$',$,'Beam',$,$,#16566,#16570,$,$);
#16560=IFCMATERIALPROFILESETUSAGE(#16510,7,$);
#16561=IFCRELASSOCIATESMATERIAL('24a3OvYWb70fAMl6fQvZOG',$,$,$,(#16559),#16560);
#16562=IFCCARTESIANPOINT((0.48096299171447754,6.8100833892822266,3.));
#16563=IFCDIRECTION((0.,-0.99999999999995071,3.1391648226021439E-07));
#16564=IFCDIRECTION((1.,0.,0.));
#16565=IFCAXIS2PLACEMENT3D(#16562,#16563,#16564);
#16566=IFCLOCALPLACEMENT(#79,#16565);
#16567=IFCCARTESIANPOINTLIST3D(((0.,0.,0.),(0.,0.,9.6999998112314731)));
#16568=IFCINDEXEDPOLYCURVE(#16567,$,.F.);
#16569=IFCSHAPEREPRESENTATION(#12,'Axis','Curve3D',(#16568));
#16570=IFCPRODUCTDEFINITIONSHAPE($,$,(#16569,#16577));
#16571=IFCCARTESIANPOINT((-0.25,-0.25,0.));
#16572=IFCDIRECTION((0.,0.,1.));
#16573=IFCDIRECTION((1.,0.,0.));
#16574=IFCAXIS2PLACEMENT3D(#16571,#16572,#16573);
#16575=IFCDIRECTION((0.,0.,1.));
#16576=IFCEXTRUDEDAREASOLID(#16063,#16574,#16575,9.6999998112314731);
#16577=IFCSHAPEREPRESENTATION(#11,'Body','SweptSolid',(#16576));
#16578=IFCPROPERTYSET('0nuJh3hj9DMgBEmcbtrC5u',$,'EPset_Parametric',$,(#16580));
#16579=IFCRELDEFINESBYPROPERTIES('2XU8kZHDb4m8oPK5Q7gP9P',$,$,$,(#16559),#16578);
#16580=IFCPROPERTYSINGLEVALUE('Engine',$,IFCLABEL('Bonsai.DumbProfile'),$);
#16581=IFCBEAM('3ZabwlLzz18RYqOSbSRiMM',$,'Beam',$,$,#16588,#16592,$,$);
#16582=IFCMATERIALPROFILESETUSAGE(#16510,7,$);
#16583=IFCRELASSOCIATESMATERIAL('0BhjnT7IL37Rl2KDQ564DK',$,$,$,(#16581),#16582);
#16584=IFCCARTESIANPOINT((-2.5190367698669434,5.310084342956543,3.));
#16585=IFCDIRECTION((8.3655626083286299E-08,-0.99999999999999367,7.5497898658640914E-08));
#16586=IFCDIRECTION((0.99999999999999645,8.3655628202450025E-08,2.5121478909004504E-15));
#16587=IFCAXIS2PLACEMENT3D(#16584,#16585,#16586);
#16588=IFCLOCALPLACEMENT(#79,#16587);
#16589=IFCCARTESIANPOINTLIST3D(((0.,0.,0.),(0.,0.,5.700000816479025)));
#16590=IFCINDEXEDPOLYCURVE(#16589,$,.F.);
#16591=IFCSHAPEREPRESENTATION(#12,'Axis','Curve3D',(#16590));
#16592=IFCPRODUCTDEFINITIONSHAPE($,$,(#16591,#16599));
#16593=IFCCARTESIANPOINT((-0.25,-0.25,0.));
#16594=IFCDIRECTION((0.,0.,1.));
#16595=IFCDIRECTION((1.,0.,0.));
#16596=IFCAXIS2PLACEMENT3D(#16593,#16594,#16595);
#16597=IFCDIRECTION((0.,0.,1.));
#16598=IFCEXTRUDEDAREASOLID(#16063,#16596,#16597,5.700000816479025);
#16599=IFCSHAPEREPRESENTATION(#11,'Body','SweptSolid',(#16598));
#16600=IFCPROPERTYSET('1QCmlZlY55EBVPmldV0Qq8',$,'EPset_Parametric',$,(#16602));
#16601=IFCRELDEFINESBYPROPERTIES('22WPva58L82hB$zoiL9xgr',$,$,$,(#16581),#16600);
#16602=IFCPROPERTYSINGLEVALUE('Engine',$,IFCLABEL('Bonsai.DumbProfile'),$);
#16647=IFCBEAM('3oKpg11Xr1Iu$V_KHSjdXZ',$,'Beam',$,$,#16930,#16658,$,$);
#16648=IFCMATERIALPROFILESETUSAGE(#16510,7,$);
#16649=IFCRELASSOCIATESMATERIAL('3$hYAhdlD4OhH$R7Vy7J2L',$,$,$,(#16647),#16648);
#16658=IFCPRODUCTDEFINITIONSHAPE($,$,(#16918,#16925));
#16666=IFCPROPERTYSET('3IIPZR7ov5bRf9Oztj1nin',$,'EPset_Parametric',$,(#16668));
#16667=IFCRELDEFINESBYPROPERTIES('0_o5N0kA55vfbioOK0FdfV',$,$,$,(#16647),#16666);
#16668=IFCPROPERTYSINGLEVALUE('Engine',$,IFCLABEL('Bonsai.DumbProfile'),$);
#16669=IFCBEAM('1SO3Q_bvr6Rfv0ciWvoZM6',$,'Beam',$,$,#16676,#16680,$,$);
#16670=IFCMATERIALPROFILESETUSAGE(#16510,7,$);
#16671=IFCRELASSOCIATESMATERIAL('33ZV9xJsL0FQA0IkLNhs$H',$,$,$,(#16669),#16670);
#16672=IFCCARTESIANPOINT((4.4809627532958984,-2.8899154663085938,3.0000030994415283));
#16673=IFCDIRECTION((-0.99999999999969491,-5.5233481006621971E-07,5.5233503743993581E-07));
#16674=IFCDIRECTION((5.5233503743997203E-07,-0.99999999999976041,4.1723250276949148E-07));
#16675=IFCAXIS2PLACEMENT3D(#16672,#16673,#16674);
#16676=IFCLOCALPLACEMENT(#79,#16675);
#16677=IFCCARTESIANPOINTLIST3D(((0.,0.,0.),(0.,0.,4.5)));
#16678=IFCINDEXEDPOLYCURVE(#16677,$,.F.);
#16679=IFCSHAPEREPRESENTATION(#12,'Axis','Curve3D',(#16678));
#16680=IFCPRODUCTDEFINITIONSHAPE($,$,(#16679,#16687));
#16681=IFCCARTESIANPOINT((-0.25,-0.25,0.));
#16682=IFCDIRECTION((0.,0.,1.));
#16683=IFCDIRECTION((1.,0.,0.));
#16684=IFCAXIS2PLACEMENT3D(#16681,#16682,#16683);
#16685=IFCDIRECTION((0.,0.,1.));
#16686=IFCEXTRUDEDAREASOLID(#16063,#16684,#16685,4.5);
#16687=IFCSHAPEREPRESENTATION(#11,'Body','SweptSolid',(#16686));
#16688=IFCPROPERTYSET('2Eirn1mv14FP_AfxiEkKDw',$,'EPset_Parametric',$,(#16690));
#16689=IFCRELDEFINESBYPROPERTIES('01PnC16C51MB6xcRJa1xQr',$,$,$,(#16669),#16688);
#16690=IFCPROPERTYSINGLEVALUE('Engine',$,IFCLABEL('Bonsai.DumbProfile'),$);
#16916=IFCCARTESIANPOINTLIST3D(((-3.2672505767550319E-07,-3.3519881981192157E-08,-3.6428446037461981E-08),(-1.3002279786178406E-07,-7.5237345242840092E-08,4.5)));
#16917=IFCINDEXEDPOLYCURVE(#16916,$,.F.);
#16918=IFCSHAPEREPRESENTATION(#12,'Axis','Curve3D',(#16917));
#16919=IFCCARTESIANPOINT((-0.25,-0.25,0.));
#16920=IFCDIRECTION((0.,0.,1.));
#16921=IFCDIRECTION((1.,0.,0.));
#16922=IFCAXIS2PLACEMENT3D(#16919,#16920,#16921);
#16923=IFCDIRECTION((0.,0.,1.));
#16924=IFCEXTRUDEDAREASOLID(#16063,#16922,#16923,4.5000000000024505);
#16925=IFCSHAPEREPRESENTATION(#11,'Body','SweptSolid',(#16924));
#16926=IFCCARTESIANPOINT((4.4809632301330566,6.3100833892822266,3.));
#16927=IFCDIRECTION((-0.99999999999940892,9.9738599601492006E-07,4.331257628107037E-07));
#16928=IFCDIRECTION((-9.9738565495422351E-07,-0.99999999999922506,7.4505817337864318E-07));
#16929=IFCAXIS2PLACEMENT3D(#16926,#16927,#16928);
#16930=IFCLOCALPLACEMENT(#79,#16929);
#16946=IFCBEAM('3MMMXW5ODFVAt3RcOoiSDH',$,'Beam',$,$,#16953,#16957,$,$);
#16947=IFCMATERIALPROFILESETUSAGE(#16510,7,$);
#16948=IFCRELASSOCIATESMATERIAL('0SNZvpGFf7ROkgBYNi_i1i',$,$,$,(#16946),#16947);
#16949=IFCCARTESIANPOINT((4.4809632301330566,4.810084342956543,3.));
#16950=IFCDIRECTION((-0.99999999999996214,-1.9470716428772842E-07,1.9470717849858483E-07));
#16951=IFCDIRECTION((1.9470717849858713E-07,-0.99999999999997391,1.1920928955077814E-07));
#16952=IFCAXIS2PLACEMENT3D(#16949,#16950,#16951);
#16953=IFCLOCALPLACEMENT(#79,#16952);
#16954=IFCCARTESIANPOINTLIST3D(((0.,0.,0.),(0.,0.,7.5)));
#16955=IFCINDEXEDPOLYCURVE(#16954,$,.F.);
#16956=IFCSHAPEREPRESENTATION(#12,'Axis','Curve3D',(#16955));
#16957=IFCPRODUCTDEFINITIONSHAPE($,$,(#16956,#16964));
#16958=IFCCARTESIANPOINT((-0.25,-0.25,0.));
#16959=IFCDIRECTION((0.,0.,1.));
#16960=IFCDIRECTION((1.,0.,0.));
#16961=IFCAXIS2PLACEMENT3D(#16958,#16959,#16960);
#16962=IFCDIRECTION((0.,0.,1.));
#16963=IFCEXTRUDEDAREASOLID(#16063,#16961,#16962,7.5);
#16964=IFCSHAPEREPRESENTATION(#11,'Body','SweptSolid',(#16963));
#16965=IFCPROPERTYSET('2LwXcjtPH8Qxu9yQ$g0xNZ',$,'EPset_Parametric',$,(#16967));
#16966=IFCRELDEFINESBYPROPERTIES('2d588bFGv3w8fs$HF36Zek',$,$,$,(#16946),#16965);
#16967=IFCPROPERTYSINGLEVALUE('Engine',$,IFCLABEL('Bonsai.DumbProfile'),$);
#16968=IFCBEAM('2HVFeUNrn1RAPTYYpGuvyh',$,'Beam',$,$,#16975,#16979,$,$);
#16969=IFCMATERIALPROFILESETUSAGE(#16510,7,$);
#16970=IFCRELASSOCIATESMATERIAL('0hvr3vbprCHh6qCBYPzYo$',$,$,$,(#16968),#16969);
#16971=IFCCARTESIANPOINT((4.4809637069702148,2.3900830745697021,3.));
#16972=IFCDIRECTION((-0.99999999999996214,-1.9470716428772842E-07,1.9470717849858483E-07));
#16973=IFCDIRECTION((1.9470717849858713E-07,-0.99999999999997391,1.1920928955077814E-07));
#16974=IFCAXIS2PLACEMENT3D(#16971,#16972,#16973);
#16975=IFCLOCALPLACEMENT(#79,#16974);
#16976=IFCCARTESIANPOINTLIST3D(((0.,0.,0.),(0.,0.,7.5)));
#16977=IFCINDEXEDPOLYCURVE(#16976,$,.F.);
#16978=IFCSHAPEREPRESENTATION(#12,'Axis','Curve3D',(#16977));
#16979=IFCPRODUCTDEFINITIONSHAPE($,$,(#16978,#16986));
#16980=IFCCARTESIANPOINT((-0.25,-0.25,0.));
#16981=IFCDIRECTION((0.,0.,1.));
#16982=IFCDIRECTION((1.,0.,0.));
#16983=IFCAXIS2PLACEMENT3D(#16980,#16981,#16982);
#16984=IFCDIRECTION((0.,0.,1.));
#16985=IFCEXTRUDEDAREASOLID(#16063,#16983,#16984,7.5);
#16986=IFCSHAPEREPRESENTATION(#11,'Body','SweptSolid',(#16985));
#16987=IFCPROPERTYSET('3hAbFbJQDAEgMatFFxlk9b',$,'EPset_Parametric',$,(#16989));
#16988=IFCRELDEFINESBYPROPERTIES('3kxsWG8yn7$e6$qN7sPu6w',$,$,$,(#16968),#16987);
#16989=IFCPROPERTYSINGLEVALUE('Engine',$,IFCLABEL('Bonsai.DumbProfile'),$);
#16990=IFCBEAM('3etlpdpR10seaJIeaJl3Nc',$,'Beam',$,$,#16997,#17001,$,$);
#16991=IFCMATERIALPROFILESETUSAGE(#16510,7,$);
#16992=IFCRELASSOCIATESMATERIAL('38zvD5bEPF59V4L6gfDHKX',$,$,$,(#16990),#16991);
#16993=IFCCARTESIANPOINT((-3.0190362930297852,0.11008358001708984,3.));
#16994=IFCDIRECTION((0.99999999999996214,-1.9470716428772842E-07,1.9470717849858483E-07));
#16995=IFCDIRECTION((1.9470717849858713E-07,0.99999999999997391,-1.1920928955077814E-07));
#16996=IFCAXIS2PLACEMENT3D(#16993,#16994,#16995);
#16997=IFCLOCALPLACEMENT(#79,#16996);
#16998=IFCCARTESIANPOINTLIST3D(((0.,0.,0.),(0.,0.,7.5)));
#16999=IFCINDEXEDPOLYCURVE(#16998,$,.F.);
#17000=IFCSHAPEREPRESENTATION(#12,'Axis','Curve3D',(#16999));
#17001=IFCPRODUCTDEFINITIONSHAPE($,$,(#17000,#17008));
#17002=IFCCARTESIANPOINT((-0.25,-0.25,0.));
#17003=IFCDIRECTION((0.,0.,1.));
#17004=IFCDIRECTION((1.,0.,0.));
#17005=IFCAXIS2PLACEMENT3D(#17002,#17003,#17004);
#17006=IFCDIRECTION((0.,0.,1.));
#17007=IFCEXTRUDEDAREASOLID(#16063,#17005,#17006,7.5);
#17008=IFCSHAPEREPRESENTATION(#11,'Body','SweptSolid',(#17007));
#17009=IFCPROPERTYSET('1r7ptTWb5DJxok_oU3w7BB',$,'EPset_Parametric',$,(#17011));
#17010=IFCRELDEFINESBYPROPERTIES('27MimqvmDEEgDDGdhMpvGZ',$,$,$,(#16990),#17009);
#17011=IFCPROPERTYSINGLEVALUE('Engine',$,IFCLABEL('Bonsai.DumbProfile'),$);
#17210=IFCCOLUMN('1MbHeWaqzDXfRHJRcDrShg',$,'Column',$,$,#17936,#17221,$,$);
#17211=IFCMATERIALPROFILESETUSAGE(#16064,7,$);
#17212=IFCRELASSOCIATESMATERIAL('1N5_KmsCP25vkPEgiszdYj',$,$,$,(#17210),#17211);
#17218=IFCCARTESIANPOINTLIST3D(((0.,0.,0.),(0.,0.,3.)));
#17219=IFCINDEXEDPOLYCURVE(#17218,$,.F.);
#17220=IFCSHAPEREPRESENTATION(#12,'Axis','Curve3D',(#17219));
#17221=IFCPRODUCTDEFINITIONSHAPE($,$,(#17220,#17228));
#17222=IFCCARTESIANPOINT((-0.25,-0.25,0.));
#17223=IFCDIRECTION((0.,0.,1.));
#17224=IFCDIRECTION((1.,0.,0.));
#17225=IFCAXIS2PLACEMENT3D(#17222,#17223,#17224);
#17226=IFCDIRECTION((0.,0.,1.));
#17227=IFCEXTRUDEDAREASOLID(#16063,#17225,#17226,3.);
#17228=IFCSHAPEREPRESENTATION(#11,'Body','SweptSolid',(#17227));
#17229=IFCPROPERTYSET('2UCQEyfjjFreJUFBAU$ugI',$,'EPset_Parametric',$,(#17231));
#17230=IFCRELDEFINESBYPROPERTIES('3DpwcYxMnA_wNe_eadWsYK',$,$,$,(#17210),#17229);
#17231=IFCPROPERTYSINGLEVALUE('Engine',$,IFCLABEL('Bonsai.DumbProfile'),$);
#17232=IFCCOLUMN('1PMxUIgEv7RgMKYCl93O$k',$,'Column',$,$,#17941,#17243,$,$);
#17238=IFCRELDEFINESBYPROPERTIES('0aHKnQ0tr0CgfT7viJAeST',$,$,$,(#17232),#17239);
#17239=IFCPROPERTYSET('3ac8K1jh12eQfqZwBJPIPk',$,'EPset_Parametric',$,(#17240));
#17240=IFCPROPERTYSINGLEVALUE('Engine',$,IFCLABEL('Bonsai.DumbProfile'),$);
#17241=IFCRELASSOCIATESMATERIAL('1mlg4BX2n1hvACR7DEEtaq',$,$,$,(#17232),#17242);
#17242=IFCMATERIALPROFILESETUSAGE(#16064,7,$);
#17243=IFCPRODUCTDEFINITIONSHAPE($,$,(#17244,#17247));
#17244=IFCSHAPEREPRESENTATION(#12,'Axis','Curve3D',(#17245));
#17245=IFCINDEXEDPOLYCURVE(#17246,$,.F.);
#17246=IFCCARTESIANPOINTLIST3D(((0.,0.,0.),(0.,0.,3.)));
#17247=IFCSHAPEREPRESENTATION(#11,'Body','SweptSolid',(#17248));
#17248=IFCEXTRUDEDAREASOLID(#16063,#17249,#17253,3.);
#17249=IFCAXIS2PLACEMENT3D(#17250,#17251,#17252);
#17250=IFCCARTESIANPOINT((-0.25,-0.25,0.));
#17251=IFCDIRECTION((0.,0.,1.));
#17252=IFCDIRECTION((1.,0.,0.));
#17253=IFCDIRECTION((0.,0.,1.));
#17259=IFCCOLUMN('1AXqhxYF90HhtSTzPNXWfI',$,'Column',$,$,#17946,#17270,$,$);
#17265=IFCRELDEFINESBYPROPERTIES('0IMgHWYiL0KRJuMUu$pHs2',$,$,$,(#17259),#17266);
#17266=IFCPROPERTYSET('3Hrdjd4ujBvhjYEUaX232b',$,'EPset_Parametric',$,(#17267));
#17267=IFCPROPERTYSINGLEVALUE('Engine',$,IFCLABEL('Bonsai.DumbProfile'),$);
#17268=IFCRELASSOCIATESMATERIAL('3qsvuN401E5gyrJ_HYEtSg',$,$,$,(#17259),#17269);
#17269=IFCMATERIALPROFILESETUSAGE(#16064,7,$);
#17270=IFCPRODUCTDEFINITIONSHAPE($,$,(#17271,#17274));
#17271=IFCSHAPEREPRESENTATION(#12,'Axis','Curve3D',(#17272));
#17272=IFCINDEXEDPOLYCURVE(#17273,$,.F.);
#17273=IFCCARTESIANPOINTLIST3D(((0.,0.,0.),(0.,0.,3.)));
#17274=IFCSHAPEREPRESENTATION(#11,'Body','SweptSolid',(#17275));
#17275=IFCEXTRUDEDAREASOLID(#16063,#17276,#17280,3.);
#17276=IFCAXIS2PLACEMENT3D(#17277,#17278,#17279);
#17277=IFCCARTESIANPOINT((-0.25,-0.25,0.));
#17278=IFCDIRECTION((0.,0.,1.));
#17279=IFCDIRECTION((1.,0.,0.));
#17280=IFCDIRECTION((0.,0.,1.));
#17357=IFCCOLUMN('0SignZ$qDCJxWwkPMJ9NjC',$,'Column',$,$,#17951,#17368,$,$);
#17363=IFCRELDEFINESBYPROPERTIES('2yhkUOXpv7_ODENhnVZGao',$,$,$,(#17357),#17364);
#17364=IFCPROPERTYSET('0UmUN3O1fFNgWZPPsRpIBB',$,'EPset_Parametric',$,(#17365));
#17365=IFCPROPERTYSINGLEVALUE('Engine',$,IFCLABEL('Bonsai.DumbProfile'),$);
#17366=IFCRELASSOCIATESMATERIAL('047PYvvu5AkwR5Dta2xH63',$,$,$,(#17357),#17367);
#17367=IFCMATERIALPROFILESETUSAGE(#16064,7,$);
#17368=IFCPRODUCTDEFINITIONSHAPE($,$,(#17369,#17372));
#17369=IFCSHAPEREPRESENTATION(#12,'Axis','Curve3D',(#17370));
#17370=IFCINDEXEDPOLYCURVE(#17371,$,.F.);
#17371=IFCCARTESIANPOINTLIST3D(((0.,0.,0.),(0.,0.,3.)));
#17372=IFCSHAPEREPRESENTATION(#11,'Body','SweptSolid',(#17373));
#17373=IFCEXTRUDEDAREASOLID(#16063,#17374,#17378,3.);
#17374=IFCAXIS2PLACEMENT3D(#17375,#17376,#17377);
#17375=IFCCARTESIANPOINT((-0.25,-0.25,0.));
#17376=IFCDIRECTION((0.,0.,1.));
#17377=IFCDIRECTION((1.,0.,0.));
#17378=IFCDIRECTION((0.,0.,1.));
#17384=IFCCOLUMN('2M92i$p1P3E82FUodJp_vp',$,'Column',$,$,#17956,#17395,$,$);
#17390=IFCRELASSOCIATESMATERIAL('2iHmOy_pjBhfyK7Wy5PTK0',$,$,$,(#17384),#17391);
#17391=IFCMATERIALPROFILESETUSAGE(#16064,7,$);
#17392=IFCRELDEFINESBYPROPERTIES('1PS$Zr$oDBXQGkS6YM9dqS',$,$,$,(#17384),#17393);
#17393=IFCPROPERTYSET('2ms7YndoPBIBPuZbXNkVy4',$,'EPset_Parametric',$,(#17394));
#17394=IFCPROPERTYSINGLEVALUE('Engine',$,IFCLABEL('Bonsai.DumbProfile'),$);
#17395=IFCPRODUCTDEFINITIONSHAPE($,$,(#17396,#17399));
#17396=IFCSHAPEREPRESENTATION(#12,'Axis','Curve3D',(#17397));
#17397=IFCINDEXEDPOLYCURVE(#17398,$,.F.);
#17398=IFCCARTESIANPOINTLIST3D(((0.,0.,0.),(0.,0.,3.)));
#17399=IFCSHAPEREPRESENTATION(#11,'Body','SweptSolid',(#17400));
#17400=IFCEXTRUDEDAREASOLID(#16063,#17401,#17405,3.);
#17401=IFCAXIS2PLACEMENT3D(#17402,#17403,#17404);
#17402=IFCCARTESIANPOINT((-0.25,-0.25,0.));
#17403=IFCDIRECTION((0.,0.,1.));
#17404=IFCDIRECTION((1.,0.,0.));
#17405=IFCDIRECTION((0.,0.,1.));
#17411=IFCCOLUMN('1ZrhaKYn949OzIjMkQNchp',$,'Column',$,$,#18066,#17422,$,$);
#17417=IFCRELDEFINESBYPROPERTIES('10MjCj8ozCLxsKjU3cwq3C',$,$,$,(#17411),#17418);
#17418=IFCPROPERTYSET('22KnQzDzX05ezCxUJLmIGS',$,'EPset_Parametric',$,(#17419));
#17419=IFCPROPERTYSINGLEVALUE('Engine',$,IFCLABEL('Bonsai.DumbProfile'),$);
#17420=IFCRELASSOCIATESMATERIAL('3KpTU3h0LFqvSAmS81e7wM',$,$,$,(#17411),#17421);
#17421=IFCMATERIALPROFILESETUSAGE(#16064,7,$);
#17422=IFCPRODUCTDEFINITIONSHAPE($,$,(#17423,#17426));
#17423=IFCSHAPEREPRESENTATION(#12,'Axis','Curve3D',(#17424));
#17424=IFCINDEXEDPOLYCURVE(#17425,$,.F.);
#17425=IFCCARTESIANPOINTLIST3D(((0.,0.,0.),(0.,0.,3.)));
#17426=IFCSHAPEREPRESENTATION(#11,'Body','SweptSolid',(#17427));
#17427=IFCEXTRUDEDAREASOLID(#16063,#17428,#17432,3.);
#17428=IFCAXIS2PLACEMENT3D(#17429,#17430,#17431);
#17429=IFCCARTESIANPOINT((-0.25,-0.25,0.));
#17430=IFCDIRECTION((0.,0.,1.));
#17431=IFCDIRECTION((1.,0.,0.));
#17432=IFCDIRECTION((0.,0.,1.));
#17433=IFCCOLUMN('1PAIH2_KH5geW_dqTT2bd_',$,'Column',$,$,#17966,#17444,$,$);
#17434=IFCMATERIALPROFILESETUSAGE(#16064,7,$);
#17435=IFCRELASSOCIATESMATERIAL('3nlZP9TAD0Aw7gFPaKIlny',$,$,$,(#17433),#17434);
#17441=IFCCARTESIANPOINTLIST3D(((0.,0.,0.),(0.,0.,3.)));
#17442=IFCINDEXEDPOLYCURVE(#17441,$,.F.);
#17443=IFCSHAPEREPRESENTATION(#12,'Axis','Curve3D',(#17442));
#17444=IFCPRODUCTDEFINITIONSHAPE($,$,(#17443,#17451));
#17445=IFCCARTESIANPOINT((-0.25,-0.25,0.));
#17446=IFCDIRECTION((0.,0.,1.));
#17447=IFCDIRECTION((1.,0.,0.));
#17448=IFCAXIS2PLACEMENT3D(#17445,#17446,#17447);
#17449=IFCDIRECTION((0.,0.,1.));
#17450=IFCEXTRUDEDAREASOLID(#16063,#17448,#17449,3.);
#17451=IFCSHAPEREPRESENTATION(#11,'Body','SweptSolid',(#17450));
#17452=IFCPROPERTYSET('0TXVrUDdP8mwiTO$Ar8_uh',$,'EPset_Parametric',$,(#17454));
#17453=IFCRELDEFINESBYPROPERTIES('3qrvQmd6XDLeI2mvARtv6Y',$,$,$,(#17433),#17452);
#17454=IFCPROPERTYSINGLEVALUE('Engine',$,IFCLABEL('Bonsai.DumbProfile'),$);
#17455=IFCCOLUMN('2wnjnyUSH4JRRb_Lw7WDrS',$,'Column',$,$,#17971,#17466,$,$);
#17456=IFCMATERIALPROFILESETUSAGE(#16064,7,$);
#17457=IFCRELASSOCIATESMATERIAL('20NtAFOdvFBA9ogZfP$$ep',$,$,$,(#17455),#17456);
#17463=IFCCARTESIANPOINTLIST3D(((0.,0.,0.),(0.,0.,3.)));
#17464=IFCINDEXEDPOLYCURVE(#17463,$,.F.);
#17465=IFCSHAPEREPRESENTATION(#12,'Axis','Curve3D',(#17464));
#17466=IFCPRODUCTDEFINITIONSHAPE($,$,(#17465,#17473));
#17467=IFCCARTESIANPOINT((-0.25,-0.25,0.));
#17468=IFCDIRECTION((0.,0.,1.));
#17469=IFCDIRECTION((1.,0.,0.));
#17470=IFCAXIS2PLACEMENT3D(#17467,#17468,#17469);
#17471=IFCDIRECTION((0.,0.,1.));
#17472=IFCEXTRUDEDAREASOLID(#16063,#17470,#17471,3.);
#17473=IFCSHAPEREPRESENTATION(#11,'Body','SweptSolid',(#17472));
#17474=IFCPROPERTYSET('1XrB_4R3T7ne2RJ2oAxsbw',$,'EPset_Parametric',$,(#17476));
#17475=IFCRELDEFINESBYPROPERTIES('3ADTtPj7z35OTk0N$9EqEf',$,$,$,(#17455),#17474);
#17476=IFCPROPERTYSINGLEVALUE('Engine',$,IFCLABEL('Bonsai.DumbProfile'),$);
#17477=IFCCOLUMN('3mzQAXQR1Btx_Pta69HPuR',$,'Column',$,$,#17976,#17488,$,$);
#17483=IFCRELASSOCIATESMATERIAL('2D6XYG9Hv7CfMIe35$3rVj',$,$,$,(#17477),#17484);
#17484=IFCMATERIALPROFILESETUSAGE(#16064,7,$);
#17485=IFCRELDEFINESBYPROPERTIES('1_2$qzQB5BiAJtK7deWIJ6',$,$,$,(#17477),#17486);
#17486=IFCPROPERTYSET('29xwawPHL1OfDjCx4SiO8M',$,'EPset_Parametric',$,(#17487));
#17487=IFCPROPERTYSINGLEVALUE('Engine',$,IFCLABEL('Bonsai.DumbProfile'),$);
#17488=IFCPRODUCTDEFINITIONSHAPE($,$,(#17489,#17492));
#17489=IFCSHAPEREPRESENTATION(#12,'Axis','Curve3D',(#17490));
#17490=IFCINDEXEDPOLYCURVE(#17491,$,.F.);
#17491=IFCCARTESIANPOINTLIST3D(((0.,0.,0.),(0.,0.,3.)));
#17492=IFCSHAPEREPRESENTATION(#11,'Body','SweptSolid',(#17493));
#17493=IFCEXTRUDEDAREASOLID(#16063,#17494,#17498,3.);
#17494=IFCAXIS2PLACEMENT3D(#17495,#17496,#17497);
#17495=IFCCARTESIANPOINT((-0.25,-0.25,0.));
#17496=IFCDIRECTION((0.,0.,1.));
#17497=IFCDIRECTION((1.,0.,0.));
#17498=IFCDIRECTION((0.,0.,1.));
#17504=IFCCOLUMN('3fhfz4B1D0txRgizE2wJRn',$,'Column',$,$,#17986,#17515,$,$);
#17510=IFCRELDEFINESBYPROPERTIES('3rFceuqSH6FvS$wR_mO$gl',$,$,$,(#17504),#17511);
#17511=IFCPROPERTYSET('2PiW2Zuwf5JfWFl1KfcMyU',$,'EPset_Parametric',$,(#17512));
#17512=IFCPROPERTYSINGLEVALUE('Engine',$,IFCLABEL('Bonsai.DumbProfile'),$);
#17513=IFCRELASSOCIATESMATERIAL('3qi4FcXCX8BOHoE2Iy2028',$,$,$,(#17504),#17514);
#17514=IFCMATERIALPROFILESETUSAGE(#16064,7,$);
#17515=IFCPRODUCTDEFINITIONSHAPE($,$,(#17516,#17519));
#17516=IFCSHAPEREPRESENTATION(#12,'Axis','Curve3D',(#17517));
#17517=IFCINDEXEDPOLYCURVE(#17518,$,.F.);
#17518=IFCCARTESIANPOINTLIST3D(((0.,0.,0.),(0.,0.,3.)));
#17519=IFCSHAPEREPRESENTATION(#11,'Body','SweptSolid',(#17520));
#17520=IFCEXTRUDEDAREASOLID(#16063,#17521,#17525,3.);
#17521=IFCAXIS2PLACEMENT3D(#17522,#17523,#17524);
#17522=IFCCARTESIANPOINT((-0.25,-0.25,0.));
#17523=IFCDIRECTION((0.,0.,1.));
#17524=IFCDIRECTION((1.,0.,0.));
#17525=IFCDIRECTION((0.,0.,1.));
#17526=IFCCOLUMN('1vpVyKAxP8yOfswd4z1mmc',$,'Column',$,$,#17981,#17537,$,$);
#17532=IFCRELASSOCIATESMATERIAL('058Sqo6XrC6x_zNRMtLU$O',$,$,$,(#17526),#17533);
#17533=IFCMATERIALPROFILESETUSAGE(#16064,7,$);
#17534=IFCRELDEFINESBYPROPERTIES('3V6wlY8Z52F8OFRXmB_RAz',$,$,$,(#17526),#17535);
#17535=IFCPROPERTYSET('2fdeBIsW52dOh9hSVeEVvX',$,'EPset_Parametric',$,(#17536));
#17536=IFCPROPERTYSINGLEVALUE('Engine',$,IFCLABEL('Bonsai.DumbProfile'),$);
#17537=IFCPRODUCTDEFINITIONSHAPE($,$,(#17538,#17541));
#17538=IFCSHAPEREPRESENTATION(#12,'Axis','Curve3D',(#17539));
#17539=IFCINDEXEDPOLYCURVE(#17540,$,.F.);
#17540=IFCCARTESIANPOINTLIST3D(((0.,0.,0.),(0.,0.,3.)));
#17541=IFCSHAPEREPRESENTATION(#11,'Body','SweptSolid',(#17542));
#17542=IFCEXTRUDEDAREASOLID(#16063,#17543,#17547,3.);
#17543=IFCAXIS2PLACEMENT3D(#17544,#17545,#17546);
#17544=IFCCARTESIANPOINT((-0.25,-0.25,0.));
#17545=IFCDIRECTION((0.,0.,1.));
#17546=IFCDIRECTION((1.,0.,0.));
#17547=IFCDIRECTION((0.,0.,1.));
#17553=IFCCOLUMN('0nIre$pqHF0e72RTffWXP7',$,'Column',$,$,#17991,#17564,$,$);
#17559=IFCRELDEFINESBYPROPERTIES('0h7i6fkM90cgZfQY4AvlGS',$,$,$,(#17553),#17560);
#17560=IFCPROPERTYSET('0N405uIrb1J8HHBmulzg0L',$,'EPset_Parametric',$,(#17561));
#17561=IFCPROPERTYSINGLEVALUE('Engine',$,IFCLABEL('Bonsai.DumbProfile'),$);
#17562=IFCRELASSOCIATESMATERIAL('2XFXOhKXvFrPyfUFltiIiW',$,$,$,(#17553),#17563);
#17563=IFCMATERIALPROFILESETUSAGE(#16064,7,$);
#17564=IFCPRODUCTDEFINITIONSHAPE($,$,(#17565,#17568));
#17565=IFCSHAPEREPRESENTATION(#12,'Axis','Curve3D',(#17566));
#17566=IFCINDEXEDPOLYCURVE(#17567,$,.F.);
#17567=IFCCARTESIANPOINTLIST3D(((0.,0.,0.),(0.,0.,3.)));
#17568=IFCSHAPEREPRESENTATION(#11,'Body','SweptSolid',(#17569));
#17569=IFCEXTRUDEDAREASOLID(#16063,#17570,#17574,3.);
#17570=IFCAXIS2PLACEMENT3D(#17571,#17572,#17573);
#17571=IFCCARTESIANPOINT((-0.25,-0.25,0.));
#17572=IFCDIRECTION((0.,0.,1.));
#17573=IFCDIRECTION((1.,0.,0.));
#17574=IFCDIRECTION((0.,0.,1.));
#17575=IFCCOLUMN('3XuqJ4LU92ExnVjIpwDmO2',$,'Column',$,$,#17996,#17586,$,$);
#17581=IFCRELDEFINESBYPROPERTIES('2Sbcb1a9D5FB2V9m2k1q8w',$,$,$,(#17575),#17582);
#17582=IFCPROPERTYSET('2Sx8FapHb9CvKwW4hnSjym',$,'EPset_Parametric',$,(#17583));
#17583=IFCPROPERTYSINGLEVALUE('Engine',$,IFCLABEL('Bonsai.DumbProfile'),$);
#17584=IFCRELASSOCIATESMATERIAL('18mmMLfVX2JAxmFIVJwtJq',$,$,$,(#17575),#17585);
#17585=IFCMATERIALPROFILESETUSAGE(#16064,7,$);
#17586=IFCPRODUCTDEFINITIONSHAPE($,$,(#17587,#17590));
#17587=IFCSHAPEREPRESENTATION(#12,'Axis','Curve3D',(#17588));
#17588=IFCINDEXEDPOLYCURVE(#17589,$,.F.);
#17589=IFCCARTESIANPOINTLIST3D(((0.,0.,0.),(0.,0.,3.)));
#17590=IFCSHAPEREPRESENTATION(#11,'Body','SweptSolid',(#17591));
#17591=IFCEXTRUDEDAREASOLID(#16063,#17592,#17596,3.);
#17592=IFCAXIS2PLACEMENT3D(#17593,#17594,#17595);
#17593=IFCCARTESIANPOINT((-0.25,-0.25,0.));
#17594=IFCDIRECTION((0.,0.,1.));
#17595=IFCDIRECTION((1.,0.,0.));
#17596=IFCDIRECTION((0.,0.,1.));
#17619=IFCCOLUMN('0Or3kl_YT6bvzstJbuePGo',$,'Column',$,$,#18076,#17630,$,$);
#17625=IFCRELDEFINESBYPROPERTIES('2v0MKqDef8yPJ1xfYVCgMG',$,$,$,(#17619),#17626);
#17626=IFCPROPERTYSET('00PM2mdNP0kAWfm6C7LuN4',$,'EPset_Parametric',$,(#17627));
#17627=IFCPROPERTYSINGLEVALUE('Engine',$,IFCLABEL('Bonsai.DumbProfile'),$);
#17628=IFCRELASSOCIATESMATERIAL('00yYBmuc57XBUnHjP71JNh',$,$,$,(#17619),#17629);
#17629=IFCMATERIALPROFILESETUSAGE(#16064,7,$);
#17630=IFCPRODUCTDEFINITIONSHAPE($,$,(#17631,#17634));
#17631=IFCSHAPEREPRESENTATION(#12,'Axis','Curve3D',(#17632));
#17632=IFCINDEXEDPOLYCURVE(#17633,$,.F.);
#17633=IFCCARTESIANPOINTLIST3D(((0.,0.,0.),(0.,0.,3.)));
#17634=IFCSHAPEREPRESENTATION(#11,'Body','SweptSolid',(#17635));
#17635=IFCEXTRUDEDAREASOLID(#16063,#17636,#17640,3.);
#17636=IFCAXIS2PLACEMENT3D(#17637,#17638,#17639);
#17637=IFCCARTESIANPOINT((-0.25,-0.25,0.));
#17638=IFCDIRECTION((0.,0.,1.));
#17639=IFCDIRECTION((1.,0.,0.));
#17640=IFCDIRECTION((0.,0.,1.));
#17663=IFCBEAM('1eXO05JWjBmRQEelizlolY',$,'Beam',$,$,#18016,#17674,$,$);
#17664=IFCMATERIALPROFILESETUSAGE(#16510,7,$);
#17665=IFCRELASSOCIATESMATERIAL('0EFGQcATnFtPVTfXSJmG3_',$,$,$,(#17663),#17664);
#17671=IFCCARTESIANPOINTLIST3D(((0.,0.,0.),(0.,0.,4.5)));
#17672=IFCINDEXEDPOLYCURVE(#17671,$,.F.);
#17673=IFCSHAPEREPRESENTATION(#12,'Axis','Curve3D',(#17672));
#17674=IFCPRODUCTDEFINITIONSHAPE($,$,(#17673,#17681));
#17675=IFCCARTESIANPOINT((-0.25,-0.25,0.));
#17676=IFCDIRECTION((0.,0.,1.));
#17677=IFCDIRECTION((1.,0.,0.));
#17678=IFCAXIS2PLACEMENT3D(#17675,#17676,#17677);
#17679=IFCDIRECTION((0.,0.,1.));
#17680=IFCEXTRUDEDAREASOLID(#16063,#17678,#17679,4.5);
#17681=IFCSHAPEREPRESENTATION(#11,'Body','SweptSolid',(#17680));
#17682=IFCPROPERTYSET('2GZyKCU3H9MQUYZpAe7wDg',$,'EPset_Parametric',$,(#17684));
#17683=IFCRELDEFINESBYPROPERTIES('2$w5fNnjLF3B2qlAy56aaa',$,$,$,(#17663),#17682);
#17684=IFCPROPERTYSINGLEVALUE('Engine',$,IFCLABEL('Bonsai.DumbProfile'),$);
#17685=IFCBEAM('2FD0S_jK91LB9Lv53hqnsz',$,'Beam',$,$,#18021,#17696,$,$);
#17686=IFCMATERIALPROFILESETUSAGE(#16510,7,$);
#17687=IFCRELASSOCIATESMATERIAL('2JdHk0K1nEt9arLecUX6c6',$,$,$,(#17685),#17686);
#17693=IFCCARTESIANPOINTLIST3D(((0.,0.,0.),(0.,0.,7.4793094489835079)));
#17694=IFCINDEXEDPOLYCURVE(#17693,$,.F.);
#17695=IFCSHAPEREPRESENTATION(#12,'Axis','Curve3D',(#17694));
#17696=IFCPRODUCTDEFINITIONSHAPE($,$,(#17695,#17703));
#17697=IFCCARTESIANPOINT((-0.25,-0.25,0.));
#17698=IFCDIRECTION((0.,0.,1.));
#17699=IFCDIRECTION((1.,0.,0.));
#17700=IFCAXIS2PLACEMENT3D(#17697,#17698,#17699);
#17701=IFCDIRECTION((0.,0.,1.));
#17702=IFCEXTRUDEDAREASOLID(#16063,#17700,#17701,7.4793094489835079);
#17703=IFCSHAPEREPRESENTATION(#11,'Body','SweptSolid',(#17702));
#17704=IFCPROPERTYSET('3LfnSdBqT7ruAIQ5osb2v$',$,'EPset_Parametric',$,(#17706));
#17705=IFCRELDEFINESBYPROPERTIES('2FS2hAW1PDFhV9ymYcjMR9',$,$,$,(#17685),#17704);
#17706=IFCPROPERTYSINGLEVALUE('Engine',$,IFCLABEL('Bonsai.DumbProfile'),$);
#17707=IFCBEAM('2bJTqVCrr5juFUUH1gATPE',$,'Beam',$,$,#18026,#17718,$,$);
#17708=IFCMATERIALPROFILESETUSAGE(#16510,7,$);
#17709=IFCRELASSOCIATESMATERIAL('3qryfhlRn1mfKOXQJ40NdF',$,$,$,(#17707),#17708);
#17715=IFCCARTESIANPOINTLIST3D(((0.,0.,0.),(0.,0.,7.4792865825025956)));
#17716=IFCINDEXEDPOLYCURVE(#17715,$,.F.);
#17717=IFCSHAPEREPRESENTATION(#12,'Axis','Curve3D',(#17716));
#17718=IFCPRODUCTDEFINITIONSHAPE($,$,(#17717,#17725));
#17719=IFCCARTESIANPOINT((-0.25,-0.25,0.));
#17720=IFCDIRECTION((0.,0.,1.));
#17721=IFCDIRECTION((1.,0.,0.));
#17722=IFCAXIS2PLACEMENT3D(#17719,#17720,#17721);
#17723=IFCDIRECTION((0.,0.,1.));
#17724=IFCEXTRUDEDAREASOLID(#16063,#17722,#17723,7.4792865825025956);
#17725=IFCSHAPEREPRESENTATION(#11,'Body','SweptSolid',(#17724));
#17726=IFCPROPERTYSET('0qFR0vuhD0XQ9x9FqcOiLS',$,'EPset_Parametric',$,(#17728));
#17727=IFCRELDEFINESBYPROPERTIES('2quakNRYL8buvV7Oc5gmBb',$,$,$,(#17707),#17726);
#17728=IFCPROPERTYSINGLEVALUE('Engine',$,IFCLABEL('Bonsai.DumbProfile'),$);
#17729=IFCBEAM('2wQa$UuODCJvfeLeoaX2fb',$,'Beam',$,$,#18031,#17740,$,$);
#17730=IFCMATERIALPROFILESETUSAGE(#16510,7,$);
#17731=IFCRELASSOCIATESMATERIAL('0Nn5rUV550aPD6_rpUSpVx',$,$,$,(#17729),#17730);
#17737=IFCCARTESIANPOINTLIST3D(((0.,0.,0.),(0.,0.,7.4792865825025956)));
#17738=IFCINDEXEDPOLYCURVE(#17737,$,.F.);
#17739=IFCSHAPEREPRESENTATION(#12,'Axis','Curve3D',(#17738));
#17740=IFCPRODUCTDEFINITIONSHAPE($,$,(#17739,#17747));
#17741=IFCCARTESIANPOINT((-0.25,-0.25,0.));
#17742=IFCDIRECTION((0.,0.,1.));
#17743=IFCDIRECTION((1.,0.,0.));
#17744=IFCAXIS2PLACEMENT3D(#17741,#17742,#17743);
#17745=IFCDIRECTION((0.,0.,1.));
#17746=IFCEXTRUDEDAREASOLID(#16063,#17744,#17745,7.4792865825025956);
#17747=IFCSHAPEREPRESENTATION(#11,'Body','SweptSolid',(#17746));
#17748=IFCPROPERTYSET('3zoM0aY8r1N8lKhyzIru4v',$,'EPset_Parametric',$,(#17750));
#17749=IFCRELDEFINESBYPROPERTIES('3lldxt4tz04A7ICLrmu79j',$,$,$,(#17729),#17748);
#17750=IFCPROPERTYSINGLEVALUE('Engine',$,IFCLABEL('Bonsai.DumbProfile'),$);
#17751=IFCBEAM('3zWbWK02rAAQMJG5nwggDf',$,'Beam',$,$,#18036,#17762,$,$);
#17752=IFCMATERIALPROFILESETUSAGE(#16510,7,$);
#17753=IFCRELASSOCIATESMATERIAL('0h4MKWlav6C8zzQ3s8BuPc',$,$,$,(#17751),#17752);
#17759=IFCCARTESIANPOINTLIST3D(((0.,0.,0.),(0.,0.,9.6999970583570185)));
#17760=IFCINDEXEDPOLYCURVE(#17759,$,.F.);
#17761=IFCSHAPEREPRESENTATION(#12,'Axis','Curve3D',(#17760));
#17762=IFCPRODUCTDEFINITIONSHAPE($,$,(#17761,#17769));
#17763=IFCCARTESIANPOINT((-0.25,-0.25,0.));
#17764=IFCDIRECTION((0.,0.,1.));
#17765=IFCDIRECTION((1.,0.,0.));
#17766=IFCAXIS2PLACEMENT3D(#17763,#17764,#17765);
#17767=IFCDIRECTION((0.,0.,1.));
#17768=IFCEXTRUDEDAREASOLID(#16063,#17766,#17767,9.6999970583570185);
#17769=IFCSHAPEREPRESENTATION(#11,'Body','SweptSolid',(#17768));
#17770=IFCPROPERTYSET('19vMqYHaP5RAQXpVBSp3VO',$,'EPset_Parametric',$,(#17772));
#17771=IFCRELDEFINESBYPROPERTIES('1B5C0El2z129WpMx64MHdr',$,$,$,(#17751),#17770);
#17772=IFCPROPERTYSINGLEVALUE('Engine',$,IFCLABEL('Bonsai.DumbProfile'),$);
#17773=IFCBEAM('2c6pnUtePDlRn0QSoNGUhF',$,'Beam',$,$,#18041,#17784,$,$);
#17774=IFCMATERIALPROFILESETUSAGE(#16510,7,$);
#17775=IFCRELASSOCIATESMATERIAL('3CFiP6UcLB_xyg4XIWiTl$',$,$,$,(#17773),#17774);
#17781=IFCCARTESIANPOINTLIST3D(((0.,0.,0.),(0.,0.,7.1999997456868448)));
#17782=IFCINDEXEDPOLYCURVE(#17781,$,.F.);
#17783=IFCSHAPEREPRESENTATION(#12,'Axis','Curve3D',(#17782));
#17784=IFCPRODUCTDEFINITIONSHAPE($,$,(#17783,#17791));
#17785=IFCCARTESIANPOINT((-0.25,-0.25,0.));
#17786=IFCDIRECTION((0.,0.,1.));
#17787=IFCDIRECTION((1.,0.,0.));
#17788=IFCAXIS2PLACEMENT3D(#17785,#17786,#17787);
#17789=IFCDIRECTION((0.,0.,1.));
#17790=IFCEXTRUDEDAREASOLID(#16063,#17788,#17789,7.1999997456868448);
#17791=IFCSHAPEREPRESENTATION(#11,'Body','SweptSolid',(#17790));
#17792=IFCPROPERTYSET('1Nuod2dif4GexaQ2LcHFyI',$,'EPset_Parametric',$,(#17794));
#17793=IFCRELDEFINESBYPROPERTIES('3qR$kscMjD5eOBHu2btJW2',$,$,$,(#17773),#17792);
#17794=IFCPROPERTYSINGLEVALUE('Engine',$,IFCLABEL('Bonsai.DumbProfile'),$);
#17795=IFCBEAM('3Zfj$mdVPAMAaoaJVRLPzA',$,'Beam',$,$,#18046,#17806,$,$);
#17796=IFCMATERIALPROFILESETUSAGE(#16510,9,$);
#17797=IFCRELASSOCIATESMATERIAL('24RyhlL4b0whYnfMGPVKkZ',$,$,$,(#17795),#17796);
#17803=IFCCARTESIANPOINTLIST3D(((0.,0.,0.),(0.,0.,5.6815060061612952)));
#17804=IFCINDEXEDPOLYCURVE(#17803,$,.F.);
#17805=IFCSHAPEREPRESENTATION(#12,'Axis','Curve3D',(#17804));
#17806=IFCPRODUCTDEFINITIONSHAPE($,$,(#17805,#17813));
#17807=IFCCARTESIANPOINT((0.25,-0.25,0.));
#17808=IFCDIRECTION((0.,0.,1.));
#17809=IFCDIRECTION((1.,0.,0.));
#17810=IFCAXIS2PLACEMENT3D(#17807,#17808,#17809);
#17811=IFCDIRECTION((0.,0.,1.));
#17812=IFCEXTRUDEDAREASOLID(#16063,#17810,#17811,5.6815060061612952);
#17813=IFCSHAPEREPRESENTATION(#11,'Body','SweptSolid',(#17812));
#17814=IFCPROPERTYSET('1Tat64O$vEmv324$qkUChl',$,'EPset_Parametric',$,(#17816));
#17815=IFCRELDEFINESBYPROPERTIES('12h0JWcMz7z9vs95PAzcol',$,$,$,(#17795),#17814);
#17816=IFCPROPERTYSINGLEVALUE('Engine',$,IFCLABEL('Bonsai.DumbProfile'),$);
#17817=IFCCARTESIANPOINT((0.,0.,0.));
#17818=IFCDIRECTION((0.,0.,1.));
#17819=IFCDIRECTION((1.,0.,0.));
#17820=IFCAXIS2PLACEMENT3D(#17817,#17818,#17819);
#17821=IFCLOCALPLACEMENT(#56,#17820);
#17822=IFCCARTESIANPOINT((-69.002998352050781,-132.26390075683594,3.1015427112579346));
#17823=IFCDIRECTION((0.,0.,1.));
#17824=IFCDIRECTION((1.,0.,0.));
#17825=IFCAXIS2PLACEMENT3D(#17822,#17823,#17824);
#17826=IFCLOCALPLACEMENT(#17821,#17825);
#17827=IFCCARTESIANPOINT((-3.2218799591065093,5.5393346675147752,3.));
#17828=IFCDIRECTION((0.,0.,1.));
#17829=IFCDIRECTION((7.5497901264043123E-08,-0.99999999999999722,0.));
#17830=IFCAXIS2PLACEMENT3D(#17827,#17828,#17829);
#17831=IFCLOCALPLACEMENT(#17821,#17830);
#17832=IFCCARTESIANPOINT((-3.2218794230713894,-1.5606656074523926,3.));
#17833=IFCDIRECTION((0.,0.,1.));
#17834=IFCDIRECTION((1.,0.,0.));
#17835=IFCAXIS2PLACEMENT3D(#17832,#17833,#17834);
#17836=IFCLOCALPLACEMENT(#17821,#17835);
#17837=IFCCARTESIANPOINT((0.27812051773070245,-1.5606656074523928,3.));
#17838=IFCDIRECTION((0.,0.,1.));
#17839=IFCDIRECTION((-4.3711388286737889E-08,-0.99999999999999911,0.));
#17840=IFCAXIS2PLACEMENT3D(#17837,#17838,#17839);
#17841=IFCLOCALPLACEMENT(#17821,#17840);
#17842=IFCCARTESIANPOINT((0.27812048713273907,-2.2606654167175222,3.));
#17843=IFCDIRECTION((0.,0.,1.));
#17844=IFCDIRECTION((0.99999999999997158,2.3841857910155572E-07,0.));
#17845=IFCAXIS2PLACEMENT3D(#17842,#17843,#17844);
#17846=IFCLOCALPLACEMENT(#17821,#17845);
#17847=IFCCARTESIANPOINT((1.8781204223633046,-2.2606650352478113,3.));
#17848=IFCDIRECTION((0.,0.,1.));
#17849=IFCDIRECTION((-1.6292068494294439E-07,-0.99999999999998679,0.));
#17850=IFCAXIS2PLACEMENT3D(#17847,#17848,#17849);
#17851=IFCLOCALPLACEMENT(#17821,#17850);
#17852=IFCCARTESIANPOINT((1.8781202757346882,-3.1606650352478027,3.));
#17853=IFCDIRECTION((0.,0.,1.));
#17854=IFCDIRECTION((1.,0.,0.));
#17855=IFCAXIS2PLACEMENT3D(#17852,#17853,#17854);
#17856=IFCLOCALPLACEMENT(#17821,#17855);
#17857=IFCCARTESIANPOINT((0.34862321615219116,2.6394906044006348,3.));
#17858=IFCDIRECTION((0.,0.,1.));
#17859=IFCDIRECTION((-0.99999999999999623,8.7422776573475527E-08,0.));
#17860=IFCAXIS2PLACEMENT3D(#17857,#17858,#17859);
#17861=IFCLOCALPLACEMENT(#17821,#17860);
#17862=IFCCARTESIANPOINT((0.37812050422045651,-1.5606656074523926,3.));
#17863=IFCDIRECTION((0.,0.,1.));
#17864=IFCDIRECTION((7.5497901264043123E-08,0.99999999999999722,0.));
#17865=IFCAXIS2PLACEMENT3D(#17862,#17863,#17864);
#17866=IFCLOCALPLACEMENT(#17821,#17865);
#17867=IFCCARTESIANPOINT((0.37812065114919213,0.38546445965766907,3.));
#17868=IFCDIRECTION((0.,0.,1.));
#17869=IFCDIRECTION((1.,0.,0.));
#17870=IFCAXIS2PLACEMENT3D(#17867,#17868,#17869);
#17871=IFCLOCALPLACEMENT(#17821,#17870);
#17872=IFCCARTESIANPOINT((0.27812025586906863,6.539333684454677,3.));
#17873=IFCDIRECTION((0.,0.,1.));
#17874=IFCDIRECTION((7.5497901264043123E-08,-0.99999999999999722,0.));
#17875=IFCAXIS2PLACEMENT3D(#17872,#17873,#17874);
#17876=IFCLOCALPLACEMENT(#17821,#17875);
#17877=IFCCARTESIANPOINT((0.27812033136699854,5.5393333045643756,3.));
#17878=IFCDIRECTION((0.,0.,1.));
#17879=IFCDIRECTION((-0.99999999999992428,3.8941436741876494E-07,0.));
#17880=IFCAXIS2PLACEMENT3D(#17877,#17878,#17879);
#17881=IFCLOCALPLACEMENT(#17821,#17880);
#17882=IFCCARTESIANPOINT((4.2308812141418457,-3.1606650352478027,3.));
#17883=IFCDIRECTION((0.,0.,1.));
#17884=IFCDIRECTION((1.9470718370939353E-07,0.99999999999998113,0.));
#17885=IFCAXIS2PLACEMENT3D(#17882,#17883,#17884);
#17886=IFCLOCALPLACEMENT(#17821,#17885);
#17887=IFCCARTESIANPOINT((4.2308831028012097,6.5393333388931749,3.));
#17888=IFCDIRECTION((0.,0.,1.));
#17889=IFCDIRECTION((-0.99999999999999623,8.7422776573475527E-08,0.));
#17890=IFCAXIS2PLACEMENT3D(#17887,#17888,#17889);
#17891=IFCLOCALPLACEMENT(#17821,#17890);
#17892=IFCCARTESIANPOINT((4.2308828138243273,5.0551719546593734,3.));
#17893=IFCDIRECTION((0.,0.,1.));
#17894=IFCDIRECTION((-0.99999999999999623,8.7422776573475527E-08,0.));
#17895=IFCAXIS2PLACEMENT3D(#17892,#17893,#17894);
#17896=IFCLOCALPLACEMENT(#17821,#17895);
#17897=IFCCARTESIANPOINT((-3.2218782901763916,-3.1582891941070557,3.));
#17898=IFCDIRECTION((0.,0.,1.));
#17899=IFCDIRECTION((1.,0.,0.));
#17900=IFCAXIS2PLACEMENT3D(#17897,#17898,#17899);
#17901=IFCLOCALPLACEMENT(#17821,#17900);
#17902=IFCCARTESIANPOINT((0.90312027931213379,-3.1356649398803711,3.));
#17903=IFCDIRECTION((0.,0.,1.));
#17904=IFCDIRECTION((1.,0.,0.));
#17905=IFCAXIS2PLACEMENT3D(#17902,#17903,#17904);
#17906=IFCLOCALPLACEMENT(#17821,#17905);
#17907=IFCCARTESIANPOINT((-1.0939122438430786,-3.1336567401885986,3.0020036697387695));
#17908=IFCDIRECTION((0.,0.,1.));
#17909=IFCDIRECTION((1.,0.,0.));
#17910=IFCAXIS2PLACEMENT3D(#17907,#17908,#17909);
#17911=IFCLOCALPLACEMENT(#17821,#17910);
#17912=IFCCARTESIANPOINT((-3.19687819480896,-2.1832892894744873,3.));
#17913=IFCDIRECTION((0.,0.,1.));
#17914=IFCDIRECTION((-4.3711388286737889E-08,-0.99999999999999911,0.));
#17915=IFCAXIS2PLACEMENT3D(#17912,#17913,#17914);
#17916=IFCLOCALPLACEMENT(#17821,#17915);
#17917=IFCCARTESIANPOINT((-3.0673208236694336,-3.1336157321929932,3.));
#17918=IFCDIRECTION((0.,0.,1.));
#17919=IFCDIRECTION((1.,0.,0.));
#17920=IFCAXIS2PLACEMENT3D(#17917,#17918,#17919);
#17921=IFCLOCALPLACEMENT(#17821,#17920);
#17922=IFCCARTESIANPOINT((1.7973421812057495,2.302232027053833,3.));
#17923=IFCDIRECTION((0.,0.,1.));
#17924=IFCDIRECTION((1.,0.,0.));
#17925=IFCAXIS2PLACEMENT3D(#17922,#17923,#17924);
#17926=IFCLOCALPLACEMENT(#17821,#17925);
#17927=IFCCARTESIANPOINT((1.8056677579879761,1.4128912687301636,2.9903502464294434));
#17928=IFCDIRECTION((0.,0.,1.));
#17929=IFCDIRECTION((-4.3711388286737889E-08,-0.99999999999999911,0.));
#17930=IFCAXIS2PLACEMENT3D(#17927,#17928,#17929);
#17931=IFCLOCALPLACEMENT(#17821,#17930);
#17932=IFCCARTESIANPOINT((4.4809622764587402,-2.3899154663085938,3.));
#17933=IFCDIRECTION((0.,0.,1.));
#17934=IFCDIRECTION((1.,0.,0.));
#17935=IFCAXIS2PLACEMENT3D(#17932,#17933,#17934);
#17936=IFCLOCALPLACEMENT(#17821,#17935);
#17937=IFCCARTESIANPOINT((4.4809622764587402,0.11008310317993164,3.));
#17938=IFCDIRECTION((0.,0.,1.));
#17939=IFCDIRECTION((1.,0.,0.));
#17940=IFCAXIS2PLACEMENT3D(#17937,#17938,#17939);
#17941=IFCLOCALPLACEMENT(#17821,#17940);
#17942=IFCCARTESIANPOINT((4.4809622764587402,0.11008310317993164,3.));
#17943=IFCDIRECTION((0.,0.,1.));
#17944=IFCDIRECTION((1.,0.,0.));
#17945=IFCAXIS2PLACEMENT3D(#17942,#17943,#17944);
#17946=IFCLOCALPLACEMENT(#17821,#17945);
#17947=IFCCARTESIANPOINT((4.4809622764587402,2.8900830745697021,3.));
#17948=IFCDIRECTION((0.,0.,1.));
#17949=IFCDIRECTION((1.,0.,0.));
#17950=IFCAXIS2PLACEMENT3D(#17947,#17948,#17949);
#17951=IFCLOCALPLACEMENT(#17821,#17950);
#17952=IFCCARTESIANPOINT((4.4809622764587402,5.310084342956543,3.));
#17953=IFCDIRECTION((0.,0.,1.));
#17954=IFCDIRECTION((1.,0.,0.));
#17955=IFCAXIS2PLACEMENT3D(#17952,#17953,#17954);
#17956=IFCLOCALPLACEMENT(#17821,#17955);
#17962=IFCCARTESIANPOINT((0.48096299171447754,6.8100833892822266,3.));
#17963=IFCDIRECTION((0.,0.,1.));
#17964=IFCDIRECTION((1.,0.,0.));
#17965=IFCAXIS2PLACEMENT3D(#17962,#17963,#17964);
#17966=IFCLOCALPLACEMENT(#17821,#17965);
#17967=IFCCARTESIANPOINT((-2.4983243942260742,5.2915897369384766,3.));
#17968=IFCDIRECTION((0.,0.,1.));
#17969=IFCDIRECTION((1.,0.,0.));
#17970=IFCAXIS2PLACEMENT3D(#17967,#17968,#17969);
#17971=IFCLOCALPLACEMENT(#17821,#17970);
#17972=IFCCARTESIANPOINT((-2.4983243942260742,2.8900825977325439,3.));
#17973=IFCDIRECTION((0.,0.,1.));
#17974=IFCDIRECTION((1.,0.,0.));
#17975=IFCAXIS2PLACEMENT3D(#17972,#17973,#17974);
#17976=IFCLOCALPLACEMENT(#17821,#17975);
#17977=IFCCARTESIANPOINT((-2.4983243942260742,5.2915897369384766,3.));
#17978=IFCDIRECTION((0.,0.,1.));
#17979=IFCDIRECTION((1.,0.,0.));
#17980=IFCAXIS2PLACEMENT3D(#17977,#17978,#17979);
#17981=IFCLOCALPLACEMENT(#17821,#17980);
#17982=IFCCARTESIANPOINT((-2.4983243942260742,0.11008358001708984,3.));
#17983=IFCDIRECTION((0.,0.,1.));
#17984=IFCDIRECTION((1.,0.,0.));
#17985=IFCAXIS2PLACEMENT3D(#17982,#17983,#17984);
#17986=IFCLOCALPLACEMENT(#17821,#17985);
#17987=IFCCARTESIANPOINT((-2.4983243942260742,0.11008358001708984,3.));
#17988=IFCDIRECTION((0.,0.,1.));
#17989=IFCDIRECTION((1.,0.,0.));
#17990=IFCAXIS2PLACEMENT3D(#17987,#17988,#17989);
#17991=IFCLOCALPLACEMENT(#17821,#17990);
#17992=IFCCARTESIANPOINT((-2.4983243942260742,2.8900825977325439,3.));
#17993=IFCDIRECTION((0.,0.,1.));
#17994=IFCDIRECTION((1.,0.,0.));
#17995=IFCAXIS2PLACEMENT3D(#17992,#17993,#17994);
#17996=IFCLOCALPLACEMENT(#17821,#17995);
#18012=IFCCARTESIANPOINT((-0.019037008285522461,6.8100833892822266,6.));
#18013=IFCDIRECTION((0.99999999999969491,-5.5233481006621971E-07,5.5233503743993581E-07));
#18014=IFCDIRECTION((5.5233503743997203E-07,0.99999999999976041,-4.1723250276949148E-07));
#18015=IFCAXIS2PLACEMENT3D(#18012,#18013,#18014);
#18016=IFCLOCALPLACEMENT(#17821,#18015);
#18017=IFCCARTESIANPOINT((-2.9983243942260742,5.2915897369384766,6.));
#18018=IFCDIRECTION((0.99999694321611654,0.00247256110561657,-4.3711389204064658E-08));
#18019=IFCDIRECTION((-0.0024725611056165549,0.99999694321611043,1.1920920226544076E-07));
#18020=IFCAXIS2PLACEMENT3D(#18017,#18018,#18019);
#18021=IFCLOCALPLACEMENT(#17821,#18020);
#18022=IFCCARTESIANPOINT((-2.9983243942260742,2.8900825977325439,6.));
#18023=IFCDIRECTION((0.99999999999993183,-1.947071358660097E-07,3.1391648226020846E-07));
#18024=IFCDIRECTION((1.9470717849858636E-07,0.99999999999997002,-1.4901161549118622E-07));
#18025=IFCAXIS2PLACEMENT3D(#18022,#18023,#18024);
#18026=IFCLOCALPLACEMENT(#17821,#18025);
#18027=IFCCARTESIANPOINT((-2.9983243942260742,0.11008358001708984,6.));
#18028=IFCDIRECTION((0.99999999999996214,-1.9470716689313194E-07,1.947071811039875E-07));
#18029=IFCDIRECTION((1.947071811039898E-07,0.99999999999997402,-1.1920928955077815E-07));
#18030=IFCAXIS2PLACEMENT3D(#18027,#18028,#18029);
#18031=IFCLOCALPLACEMENT(#17821,#18030);
#18032=IFCCARTESIANPOINT((4.480961799621582,6.8100810050964355,6.000002384185791));
#18033=IFCDIRECTION((4.9158487058773779E-08,-0.99999999999995914,-2.8212997449371625E-07));
#18034=IFCDIRECTION((0.99999999999999889,4.9158487058775738E-08,8.2875016460428895E-15));
#18035=IFCAXIS2PLACEMENT3D(#18032,#18033,#18034);
#18036=IFCLOCALPLACEMENT(#17821,#18035);
#18037=IFCCARTESIANPOINT((0.48096299171447754,6.8100833892822266,6.));
#18038=IFCDIRECTION((0.,-0.99999999999999722,7.5497898658641192E-08));
#18039=IFCDIRECTION((1.,0.,0.));
#18040=IFCAXIS2PLACEMENT3D(#18037,#18038,#18039);
#18041=IFCLOCALPLACEMENT(#17821,#18040);
#18042=IFCCARTESIANPOINT((-2.9983243942260742,5.2915897369384766,6.));
#18043=IFCDIRECTION((0.,-0.99999999999999722,7.5497898658641192E-08));
#18044=IFCDIRECTION((1.,0.,0.));
#18045=IFCAXIS2PLACEMENT3D(#18042,#18043,#18044);
#18046=IFCLOCALPLACEMENT(#17821,#18045);
#18047=IFCCARTESIANPOINT((0.,0.,0.));
#18048=IFCDIRECTION((0.,0.,1.));
#18049=IFCDIRECTION((1.,0.,0.));
#18050=IFCAXIS2PLACEMENT3D(#18047,#18048,#18049);
#18051=IFCLOCALPLACEMENT(#56,#18050);
#18052=IFCCARTESIANPOINT((4.1781191825866699,-3.1606650352478027,6.));
#18053=IFCDIRECTION((0.,0.,1.));
#18054=IFCDIRECTION((1.,0.,0.));
#18055=IFCAXIS2PLACEMENT3D(#18052,#18053,#18054);
#18056=IFCLOCALPLACEMENT(#18051,#18055);
#18057=IFCCARTESIANPOINT((0.67289352416992188,1.6670136451721191,6.1015424728393555));
#18058=IFCDIRECTION((0.,0.,1.));
#18059=IFCDIRECTION((1.,0.,0.));
#18060=IFCAXIS2PLACEMENT3D(#18057,#18058,#18059);
#18061=IFCLOCALPLACEMENT(#18051,#18060);
#18062=IFCCARTESIANPOINT((4.4809632301330566,6.8100833892822266,3.));
#18063=IFCDIRECTION((0.,0.,1.));
#18064=IFCDIRECTION((1.,0.,0.));
#18065=IFCAXIS2PLACEMENT3D(#18062,#18063,#18064);
#18066=IFCLOCALPLACEMENT(#17821,#18065);
#18072=IFCCARTESIANPOINT((0.48096299171447754,0.11008358001708984,3.));
#18073=IFCDIRECTION((0.,0.,1.));
#18074=IFCDIRECTION((1.,0.,0.));
#18075=IFCAXIS2PLACEMENT3D(#18072,#18073,#18074);
#18076=IFCLOCALPLACEMENT(#17821,#18075);
#18077=IFCCOLUMN('2UxJb5DsL2_OwjOBIdQ$ZL',$,'Column',$,$,#18103,#18088,$,$);
#18078=IFCMATERIALPROFILESETUSAGE(#16064,5,$);
#18079=IFCRELASSOCIATESMATERIAL('3HbQMKH9D1Iva77T8hjx0H',$,$,$,(#18077),#18078);
#18085=IFCCARTESIANPOINTLIST3D(((0.,0.,0.),(0.,0.,3.)));
#18086=IFCINDEXEDPOLYCURVE(#18085,$,.F.);
#18087=IFCSHAPEREPRESENTATION(#12,'Axis','Curve3D',(#18086));
#18088=IFCPRODUCTDEFINITIONSHAPE($,$,(#18087,#18095));
#18089=IFCCARTESIANPOINT((0.,0.,0.));
#18090=IFCDIRECTION((0.,0.,1.));
#18091=IFCDIRECTION((1.,0.,0.));
#18092=IFCAXIS2PLACEMENT3D(#18089,#18090,#18091);
#18093=IFCDIRECTION((0.,0.,1.));
#18094=IFCEXTRUDEDAREASOLID(#16063,#18092,#18093,3.);
#18095=IFCSHAPEREPRESENTATION(#11,'Body','SweptSolid',(#18094));
#18096=IFCPROPERTYSET('1Um_p691z0YeKKq4ACqiIi',$,'EPset_Parametric',$,(#18098));
#18097=IFCRELDEFINESBYPROPERTIES('1UTX5gOkfCdBMErZLrX0m9',$,$,$,(#18077),#18096);
#18098=IFCPROPERTYSINGLEVALUE('Engine',$,IFCLABEL('Bonsai.DumbProfile'),$);
#18099=IFCCARTESIANPOINT((-2.7690362930297852,-2.6399161815643311,0.));
#18100=IFCDIRECTION((0.,0.,1.));
#18101=IFCDIRECTION((1.,0.,0.));
#18102=IFCAXIS2PLACEMENT3D(#18099,#18100,#18101);
#18103=IFCLOCALPLACEMENT(#79,#18102);
ENDSEC;
END-ISO-10303-21;
